"codigo"|"apartamento"|"bairro_extraido"|"qtd_quartos"|"qtd_banheiros"|"qtd_graragem"|"metragem"|"valor_venda"
213941|Apartamento de 39m² com 02 quartos para locação - Jardim Diva Tarlá de Carvalho|Jardim Diva Tarlá de Carvalho|2|1|1|39|R$ 215.000,00
214370|Apartamento de 43m² com 02 quartos para locação e venda - Reserva Macaúba|Reserva Macaúba|2|1|1|43|R$ 180.000,00
192755|Apartamento de 41m² com 02 quartos para venda e locação - Residencial Jequitibá|Residencial Jequitibá|2|1|1|41|R$ 185.000,00
130730|Apartamento de 42m² com 02 quartos para a locação e venda - Jardim Heitor Rigon|Jardim Heitor Rigon|2|1|1|42|R$ 140.000,00
141767|Apartamento de 40m² com 02 quartos para locação - Parque dos Pinus|Parque dos Pinus|2|1|1|40|R$ 180.000,00
210416|Apartamento de 43m² com 02 quartos à venda - Jardim Heitor Rigon|Jardim Heitor Rigon|2|1|1|43|R$ 140.000,00
238052|Apartamento de 48m² com 02 quartos para locação e venda - Parque São Sebastião|Parque São Sebastião|2|1|1|48|R$ 139.000,00
205916|Apartamento de 39m² com 02 quartos para locação - Residencial das Américas|Residencial das Américas|2|1|1|39|R$ 140.000,00
221180|Apartamento de 42m² com 02 quartos para locação e venda - Jardim José Wilson Toni|Jardim José Wilson Toni|2|1|1|42|R$ 140.000,00
201014|Apartamento de 42m² com 02 quartos para locação e venda - Jardim Florestan Fernandes|Jardim Florestan Fernandes|2|1|1|42|R$ 155.000,00
244172|Apartamento de 42m² com 02 quartos para a locação e venda - Recanto das Palmeiras|Recanto das Palmeiras|2|1|1|42|R$ 159.000,00
216002|Apartamento de 41m² com 02 quartos para locação e venda - Reserva Real|Reserva Real|2|1|1|41|R$ 159.000,00
230474|Apartamento de 41m² com 02 quartos para locação e venda - Reserva Real.|Reserva Real|2|1|1|41|R$ 160.000,00
201161|Apartamento de 34m² com 01 quarto à venda e locação - Vila Monte Alegre|Vila Monte Alegre|1|1|1|34|R$ 160.000,00
170090|Apartamento de 65m² com 02 quartos para locação e venda - Planalto verde.|Planalto verde|2|1|1|65|R$ 160.000,00
171029|Apartamento de 02 quartos para locação - Campos Elíseos|Campos Elíseos|2|1|1|47|R$ 165.000,00
201353|Apartamento de 42m² com 02 quartos - Valentina Figueiredo|Valentina Figueiredo|2|1|1|42|R$ 140.000,00
157112|Apartamento de 37m² com 01 quarto para locação e venda - Centro|Centro|1|1|1|37|R$ 170.000,00
122978|Apartamento de 01 quarto para locação - Jardim Paulista|Jardim Paulista|1|1|1|51|R$ 170.000,00
231926|Apartamento de 47m² com 2 dormitórios à venda - Jardim Paulistano|Jardim Paulistano|2|1|1|47|R$ 180.000,00
152066|Apartamento de 02 quartos para locação - Jardim Zara|Jardim Zara|2|1|1|42|R$ 180.000,00
216308|Apartamento de 43m² com 02 quartos para locação - Jardim Interlagos|Jardim Interlagos|2|1|1|43|R$ 198.000,00
235439|Apartamento de 42m² com 02 quartos para locação e venda - Jardim Heitor Rigon|Jardim Heitor Rigon|2|1|1|42|R$ 199.000,00
237842|Apartamento de 42m² com 02 quartos para locação e venda - Jardim Heitor Rigon|Jardim Heitor Rigon|2|1|1|42|R$ 200.000,00
205103|Apartamento studio novo de 29m² para locação - Jardim Palma Travassos|Jardim Palma Travassos|1|1|1|29|R$ 200.000,00
205097|Apartamento novo com 01 quarto para locação - Jardim Palma Travassos|Jardim Palma Travassos|1|1|1|29|R$ 200.000,00
177458|Apartamento de 48m² com 02 quartos para locação e venda - Bonfim Paulista|Bonfim Paulista|2|1|1|48|R$ 212.000,00
108008|Apartamento de 46m² com 01 quarto para locação e venda - Centro|Centro|1|1|1|46|R$ 212.000,00
215207|Apartamento de 42m² com 02 quartos para locação - Parque dos Servidores II|Parque dos Servidores II|2|1|1|42|R$ 230.000,00
80627|Apartamento de 52m² com 1 quarto - Vila Seixas|Vila Seixas|1|1|1|52|R$ 235.000,00
67985|Apartamento de 90m² com 03 quartos para locação - Vila Seixas|Vila Seixas|3|2|1|90|R$ 240.000,00
234554|Apartamento de 48m² com 02 quartos para locação e venda - Parque das Oliveiras II|Parque das Oliveiras II|2|1|1|48|R$ 280.000,00
117233|Apartamento de 140m² com 03 quartos para locação - Centro|Centro|4|3|2|140|R$ 330.000,00
105212|Apartamento de 93m² com 03 quartos à venda - Jardim Botânico|Jardim Botânico|3|3|2|93|R$ 880.000,00
184061|Apartamento de 152m² com 03 suítes à venda - Nova Aliança|Nova Aliança|3|5|2|152|R$ 900.000,00
126362|Apartamento de 123m² com 03 suíte para locação e venda - Jardim Botânico|Jardim Botânico|3|4|2|123|R$ 970.000,00
235106|Apartamento mobiliado de 82m² com 02 suítes para a locação e venda - Jardim Olhos D`Água|Jardim Olhos DÁgua|2|3|2|82|R$ 999.900,00
236759|Apartamento de 108m² com 03 suítes para locação e venda - Jardim Olhos d´agua|Jardim Olhos d´agua|3|4|2|108|R$ 1.000.000,00
222119|Apartamento de 152m² com 03 suítes à venda - Nova Aliança|Nova Aliança|3|5|2|152|R$ 1.000.000,00
217214|Apartamento de 109m² com 03 suítes à venda - Jardim Olhos D`Água|Jardim Olhos DÁgua|3|4|2|109|R$ 1.000.000,00
188555|Apartamento de 144m² com 03 suítes à venda - Jardim Botânico|Jardim Botânico|3|5|2|144|R$ 1.000.000,00
152996|Apartamento de 117m² com 02 suítes á venda - Jardim Botânico|Jardim Botânico|2|3|2|117|R$ 1.000.000,00
126275|Apartamento de 173m² com 03 quartos à venda - Centro|Centro|4|5|2|173|R$ 1.000.000,00
116618|Apartamento de 108m² com 03 suítes para locação e venda - Bosque das Juritis|Bosque das Juritis|3|4|2|108|R$ 1.000.000,00
109745|Apartamento - Padrão|Padrão|3|5|2|0|R$ 1.000.000,00
105068|Apartamento de 135m² com 03 suítes à venda - Jardim Botânico|Jardim Botânico|3|4|2|135|R$ 1.000.000,00
92237|Apartamento de 187m² com 04 quartos - Vila Seixas|Vila Seixas|5|5|3|187|R$ 1.000.000,00
69101|Apartamento de 143m² com 03 quartos à venda - Jardim Irajá|Jardim Irajá|3|3|2|143|R$ 1.000.000,00
62645|Apartamento de 112m² com 03 quartos à venda - Bosque das Juritis|Bosque das Juritis|3|3|2|112|R$ 1.000.000,00
187421|Apartamento de 131m² com 03 suítes à venda - Nova Aliança|Nova Aliança|3|5|4|131|R$ 980.000,00
224480|Apartamento de 126m² com 03 suítes à venda - Jardim Olhos D`Água|Jardim Olhos DÁgua|3|4|2|126|R$ 1.012.490,00
243176|Apartamento de 131m² com 03 suítes à venda - Ribeirânia|Ribeirânia|3|4|2|131|R$ 990.000,00
175982|Apartamento de 367m² com 04 quartos à venda -||4|5|2|367|R$ 1.015.000,00
218282|Apartamento de 126m² com 03 suítes à venda - Residencial Alto do Ipê|Residencial Alto do Ipê|3|4|3|126|R$ 1.010.000,00
200219|Apartamento de 134m² com 03 quartos à venda - Jardim Olhos D`Água II|Jardim Olhos DÁgua II|3|4|2|134|R$ 1.026.000,00
243743|Apartamento de 121m² com 03 suítes à venda - Nova Aliança|Nova Aliança|3|4|2|121|R$ 1.030.000,00
224483|Apartamento de 126m² com 03 suítes à venda - Jardim Olhos D`Água|Jardim Olhos DÁgua|3|4|4|126|R$ 1.038.561,00
216524|Apartamento térreo de 40m² com 02 quartos para locação e venda - Jardim Ouro Branco|Jardim Ouro Branco|2|1|1|40|R$ 170.000,00
238496|Apartamento 132m² com 03 suítes à venda - Jardim Botânico|Jardim Botânico|3|5|2|132|R$ 1.050.000,00
235040|Apartamento de 151m² com 03 suítes para venda - Jardim Irajá|Jardim Irajá|3|5|1|151|R$ 1.050.000,00
217499|Apartamento de 131m² com 03 suítes à venda - Jardim Olhos D`Água|Jardim Olhos DÁgua|3|4|3|131|R$ 1.050.000,00
169745|Apartamento de 72m² com 01 suíte à venda - Jardim Botânico|Jardim Botânico|1|2|2|72|R$ 1.050.000,00
92537|Apartamento de 131m² com 03 quartos para venda - Nova Aliança|Nova Aliança|3|4|2|131|R$ 1.050.000,00
163445|Apartamento de 40m² com com 02 quartos para locação e venda - Parque dos Pinus|Parque dos Pinus|2|1|1|40|R$ 127.700,00
187214|Apartamento de 118m² com 03 suítes à venda - Jardim Saint Gerard|Jardim Saint Gerard|3|4|2|118|R$ 1.059.324,14
204887|Apartamento de 252m² com 05 quartos à venda - Centro de Ribeirão Preto|Centro de Ribeirão Preto|5|5|3|252|R$ 970.000,00
203357|Apartamento de 123m² com 3 quartos - jardim Irajá|jardim Irajá|3|3|2|123|R$ 1.060.000,00
144548|Apartamento de 131m² com 03 suítes para locação _ Jardim Nova Aliança||3|5|2|131|R$ 1.060.000,00
221762|Apartamento de 100m² com 03 quartos sendo 01 suíte à venda - Condomínio Itamaraty|Condomínio Itamaraty|3|3|2|100|R$ 1.065.000,00
118910|Apartamento de 133m² com 03 quartos à venda - Nova Aliança|Nova Aliança|3|5|2|133|R$ 1.066.000,00
224453|Apartamento de 126m² com 03 suítes à venda - Jardim Olhos D`Água|Jardim Olhos DÁgua|3|4|2|126|R$ 1.066.945,00
239864|Apartamento de 132m² com 03 suítes à venda - Jardim Botânico|Jardim Botânico|3|4|2|132|R$ 1.070.000,00
239480|Apartamento de 137m² com 03 suítes para locação e venda - Jardim Irajá|Jardim Irajá|3|5|2|137|R$ 1.080.000,00
214910|Apartamento de 202m² com 04 quartos para venda e locação - Jardim Irajá|Jardim Irajá|4|5|3|202|R$ 1.080.000,00
81425|Apartamento de 139m² com 03 suítes para locação e venda - Bosque das Juritis|Bosque das Juritis|3|5|2|139|R$ 1.065.000,00
214967|Apartamento de 113m² com 03 suítes à venda - Jardim Olhos D`Água II|Jardim Olhos DÁgua II|3|4|2|113|R$ 1.091.310,00
163508|Apartamento de 126m² com 03 quartos à venda - Jardim Olhos D`Água II|Jardim Olhos DÁgua II|3|4|2|126|R$ 1.096.978,90
177707|Apartamento de 42m² com 02 quartos para locação e venda - Residencial Parque dos Servidores|Residencial Parque dos Servidores|2|1|1|42|R$ 191.000,00
172091|Apartamento de 48m² com 02 quartos - Bonfim Paulista|Bonfim Paulista|2|1|1|48|R$ 170.000,00
200132|Apartamento de 46m² com 02 quartos para locação e venda - Ipiranga|Ipiranga|2|1|1|46|R$ 190.000,00
219623|Apartamento de 39m² com 02 quartos para locação e venda - Residencial das Américas|Residencial das Américas|2|1|1|39|R$ 115.000,00
230963|Apartamento de 43m² com 02 quartos á venda e locação - Vitta Heitor Rigon III|Vitta Heitor Rigon III|2|1|1|43|R$ 120.000,00
202475|Apartamento de 42 m² com 2 quartos - Vila Pompeia|Vila Pompeia|2|1|1|42|R$ 137.800,00
235241|Apartamento de 41m² com 02 quartos para venda e locação - Conjunto Habitacional Sílvio Passalacqua|Conjunto Habitacional Sílvio Passalacqua|2|1|1|41|R$ 160.000,00
219830|Apartamento de 43m² com 02 quartos para locação e venda - Jardim Heitor Rigon|Jardim Heitor Rigon|2|1|1|43|R$ 160.000,00
83258|Apartamento de 49m² com 01 quarto à venda - Bairro Jardim Macedo|Bairro Jardim Macedo|1|1|1|49|R$ 150.000,00
130712|APARTAMENTO PRÓXIMO À RUA TAPAJÓS||2|1|1|7|R$ 170.000,00
208166|Apartamento de 41m² com 02 quartos à venda condomínio Palácio Imperial - Reserva Real|Reserva Real|2|1|1|41|R$ 160.000,00
155732|APARTAMENTO PRÓXIMO À AVENIDA CARAMURU||2|1|1|49|R$ 179.900,00
129248|Apartamento de 01 quarto para locação - Ribeirânia|Ribeirânia|1|1|1|46|R$ 191.000,00
210011|Apartamento de 46m² com 02 quartos para locação e venda - Reserva Sul|Reserva Sul|2|1|1|46|R$ 215.000,00
66623|Apartamento de 58m² com 02 quartos para locação para venda - Jardim Paulista|Jardim Paulista|2|1|1|58|R$ 270.000,00
220703|Apartamento de 43m² com 02 quartos para locação - Recreio das Acácias|Recreio das Acácias|2|1|1|43|R$ 280.000,00
154085|Apartamento de 41m² com 01 quarto para venda e locação - Vila Seixas|Vila Seixas|1|1|1|41|R$ 300.000,00
210455|Apartamento de 369m² e 4 quartos à venda - Centro|Centro|4|6|3|369|R$ 1.000.000,00
133931|Apartamento de 126m² com 03 suítes à venda - Jardim Botânico|Jardim Botânico|3|4|2|126|R$ 1.049.000,00
223526|Apartamento de 111m² com 02 quartos sendo 01 suíte para venda - Jardim Olhos D`Água|Jardim Olhos DÁgua|2|2|2|111|R$ 1.080.000,00
124619|Apartamento de 252m² com 04 quartos à venda - Centro|Centro|4|4|3|252|R$ 960.000,00
138428|Apartamento de 144m² com 03 suítes à venda - Jardim Botânico|Jardim Botânico|3|5|2|144|R$ 990.000,00
245603|Apartamento de 135m² com 03 suítes à venda - Bosque das Juritis|Bosque das Juritis|4|5|2|135|R$ 1.100.000,00
244397|Apartamento de 132m² com 03 suítes para venda e locação - Jardim Olhos D` Água|Jardim Olhos D Água|3|4|3|132|R$ 1.100.000,00
216764|Apartamento de 107m² com 04 quartos para locação - Jardim Botânico|Jardim Botânico|4|3|2|107|R$ 1.100.000,00
215852|Apartamento de 100m² com 03 quartos para locação - Jardim Botânico|Jardim Botânico|3|3|2|100|R$ 1.100.000,00
211025|Apartamento de 106m² com 03 quartos para locação - Jardim Botânico|Jardim Botânico|3|3|2|106|R$ 1.100.000,00
209360|Apartamento de 112m² com 02 suítes para locação e venda - Bosque das Juritis|Bosque das Juritis|2|3|2|112|R$ 1.100.000,00
207821|Apartamento de 180m² com 03 quartos à venda - Jardim Irajá|Jardim Irajá|3|4|2|180|R$ 1.100.000,00
197624|Apartamento de 442m² com 04 quartos para locação e venda - Centro|Centro|4|5|4|442|R$ 1.100.000,00
167921|Apartamento de 113m² com 03quartos para venda - Jardim Olhos d`água|Jardim Olhos dágua|3|3|2|113|R$ 1.100.000,00
157028|Apartamento de 118m² com 03 suítes à venda - Jardim Olhos D`Água|Jardim Olhos DÁgua|3|5|2|118|R$ 1.100.000,00
152153|Apartamento de 03 quartos para venda - Parque dos Bandeirantes|Parque dos Bandeirantes|3|3|2|158|R$ 1.100.000,00
133478|Apartamento de 279m² com 04 quartos - Centro|Centro|4|4|3|279|R$ 1.100.000,00
111635|Apartamento de 118m² com 03 suítes à venda - Jardim Saint Gerard|Jardim Saint Gerard|4|3|2|118|R$ 1.100.000,00
96611|Apartamento de 176m² com 03 quartos à venda - Jardim São Luiz|Jardim São Luiz|3|4|3|176|R$ 1.100.000,00
223538|Apartamento de 134m² com 03 suítes à venda - Jardim Olhos D`Água|Jardim Olhos DÁgua|3|5|2|134|R$ 1.106.730,00
111689|Apartamento de 118m² com 03 suítes à venda - Jardim Saint Gerard|Jardim Saint Gerard|3|4|2|118|R$ 1.107.475,29
137414|APARTAMENTO NO CENTRO||3|3|1|103|R$ 500.000,00
184151|Apartamento de 131m² com 03 suítes à venda - Jardim Olhos D`Água|Jardim Olhos DÁgua|3|4|2|131|R$ 1.113.000,00
220601|Apartamento de 143m² com 03 suítes para locação e venda - Nova Aliança|Nova Aliança|3|5|2|143|R$ 1.115.000,00
168197|Apartamento de 124m² com 03 suítes à venda - Jardim Canadá|Jardim Canadá|3|4|3|124|R$ 1.116.751,72
187220|Apartamento de 118m² com 03 suítes à venda - Jardim Saint Gerard|Jardim Saint Gerard|3|4|2|118|R$ 1.081.540,80
241955|Apartamento de 56m² com 02 quartos sendo 01 suíte para locação e venda - Chácaras Pedro Corrêa de Carvalho|Chácaras Pedro Corrêa de Carvalho|2|2|1|56|R$ 230.000,00
107810|Apartamento de 155m² com 03 suítes à venda - Bosque das Juritis|Bosque das Juritis|3|5|3|155|R$ 1.139.000,00
139007|Apartamento de 134m² com 04 quartos à venda - Jardim Olhos D`Água II|Jardim Olhos DÁgua II|4|3|2|134|R$ 1.013.175,00
240650|Apartamento de 127m² com 03 suítes à venda - Jardim Botânico|Jardim Botânico|3|4|2|127|R$ 1.140.000,00
188027|Apartamento de 122m² com 03 quartos à venda - Jardim Ilhas do Sul|Jardim Ilhas do Sul|3|4|2|122|R$ 1.148.402,12
222506|Apartamento de 42m² com 02 quartos para venda e locação - Valentina Figueiredo|Valentina Figueiredo|2|1|1|42|R$ 140.000,00
163343|APARTAMENTO PRÓXIMO AO ATACADÃO||2|1|1|42|R$ 165.000,00
234455|Apartamento de 139m² com 03 suítes á venda - Bosque das Juritis|Bosque das Juritis|3|5|2|139|R$ 1.080.000,00
203699|Apartamento de 151m² com 03 suítes à venda - Jardim Olhos D`Água II|Jardim Olhos DÁgua II|3|5|2|151|R$ 1.080.000,00
237476|Apartamento de 132m² com 03 suítes à venda- Jardim Botânico|Jardim Botânico|3|4|2|132|R$ 1.150.000,00
233153|Apartamento de 110m² com 03 suítes à venda - Jardim Olhos D`Água|Jardim Olhos DÁgua|3|4|2|110|R$ 1.150.000,00
230201|Apartamento padrão de 158m² com 03 suítes à venda - Jardim Botânico|Jardim Botânico|3|5|2|158|R$ 1.150.000,00
118904|Apartamento de 143m² com 03 suítes à venda - Nova Aliança|Nova Aliança|3|5|2|143|R$ 1.153.000,00
163265|Apartamento de 134m² com 04 quartos à venda - Jardim Olhos D`Água II|Jardim Olhos DÁgua II|4|3|2|134|R$ 1.133.325,00
187217|Apartamento de 118m² com 03 suítes à venda - Jardim Saint Gerard|Jardim Saint Gerard|3|4|2|118|R$ 1.155.626,30
187211|Apartamento de 118m² com 03 suítes à venda - Jardim Saint Gerard|Jardim Saint Gerard|3|4|2|118|R$ 1.155.626,30
227678|Apartamento de 153m² com 04 suítes à venda - Jardim Olhos D`Água|Jardim Olhos DÁgua|4|6|3|153|R$ 1.156.374,00
217121|Apartamento de 133m² com 03 suítes à venda - Nova Aliança|Nova Aliança|3|4|2|133|R$ 1.158.096,00
163016|Apartamento de 113m² com 03 suítes à venda - Jardim Olhos D`Água|Jardim Olhos DÁgua|2|3|2|113|R$ 999.000,00
191765|Apartamento de 200m² com 05 quartos à venda - Jardim Irajá|Jardim Irajá|5|5|3|200|R$ 1.160.000,00
209111|Apartamento de 139m² com 03 suítes à venda - Jardim Saint Gerard|Jardim Saint Gerard|3|4|2|139|R$ 1.166.000,00
237920|Apartamento de 139m² com 03 suítes à venda - Bosque das Juritis|Bosque das Juritis|3|5|2|139|R$ 1.170.000,00
228143|Apartamento de 80m² com 02 suítes para locação - Jardim Olhos D`Água|Jardim Olhos DÁgua|2|3|2|80|R$ 1.170.000,00
242723|Apartamento de 155m² com 03 suítes à venda - Bosque das Juritis|Bosque das Juritis|3|5|3|155|R$ 1.180.000,00
219983|Apartamento de 186m² com 03 suítes à venda - Nova Aliança|Nova Aliança|4|5|3|186|R$ 1.180.000,00
228299|Apartamento de 41m² com 02 quartos para venda e locação - Conjunto Habitacional Sílvio Passalacqua|Conjunto Habitacional Sílvio Passalacqua|2|1|1|41|R$ 149.000,00
201677|Apartamento de 44m² com 2 quartos para locação e venda - Nova Califórnia|Nova Califórnia|2|1|1|44|R$ 150.000,00
99863|Apartamento duplex de 41m² com 01 quarto para venda e locação - Centro|Centro|1|1|1|41|R$ 170.000,00
115106|Apartamento de 02 quartos para locação - Jardim Independência|Jardim Independência|2|1|1|59|R$ 250.000,00
106151|Apartamento de 62m² com 02 quartos para locação e venda - Palmares|Palmares|2|2|2|62|R$ 270.000,00
208811|Apartamento de 58m² com 02 quartos para locação - Parque dos Servido|Parque dos Servido|2|2|1|58|R$ 300.000,00
179669|Apartamento de 56m² com 02 quartos para locação - Pedro Correa de Carvalho|Pedro Correa de Carvalho|2|2|1|56|
223070|Apartamento de 44m² 02 quartos para locação - Geraldo Correia de Carvalho|Geraldo Correia de Carvalho|2|1|1|44|R$ 135.000,00
151295|Apartamento de 46m² com 02 quartos para locação - Ipiranga|Ipiranga|2|1|1|46|R$ 149.000,00
201302|Apartamento de 40m² com 02 quartos para venda e locação - Jardim Ouro Branco|Jardim Ouro Branco|2|1|1|40|R$ 140.000,00
226037|Apartamento de 43m² com 02 quartos à venda - Reserva Macaúba|Reserva Macaúba|2|1|1|43|R$ 155.000,00
232007|Apartamento de 46m² com 02 quartos para locação e venda - Parque São Sebastião|Parque São Sebastião|2|1|1|46|R$ 175.000,00
238904|Apartamento de 41m² com 02 quartos para locação - Residencial Jequitibá|Residencial Jequitibá|2|1|1|41|R$ 180.000,00
140438|Apartamento de 40m² com 2 quartos para locação e venda - Jardim Zara I|Jardim Zara I|2|1|1|40|R$ 191.000,00
222980|Apartamento de 47m² com 02 quartos para locação e venda - Jardim José Figueira|Jardim José Figueira|2|1|1|47|R$ 200.000,00
213800|Apartamento de 69m² com 02 quartos para locação - Jardim Anhanguera|Jardim Anhanguera|2|2|1|69|R$ 200.000,00
151487|Apartamento de 59m² com 2 quartos á venda - Parque Industrial Lagoinha|Parque Industrial Lagoinha|2|1|1|59|R$ 240.000,00
92387|Apartamento de 68m² com 03 quartos para locação e venda - Centro|Centro|3|3|1|68|R$ 243.000,00
196271|Apartamento de 69m² com 01 quarto para locação - Centro|Centro|1|1|1|69|R$ 248.000,00
233861|Apartamento de 50m² com 02 quartos para locação e venda - Geraldo Corre de Carvalho|Geraldo Corre de Carvalho|2|1|1|50|R$ 280.000,00
198557|Apartamento de 43m² com 02 quartos para locação - Reserva Macaúba|Reserva Macaúba|2|1|1|43|R$ 340.000,00
166865|Apartamento mobiliado de 55m² com 01 quarto para locação - Centro|Centro|1|1|1|55|R$ 350.000,00
61970|APARTAMENTO NO CENTRO||3|2|1|85|R$ 360.000,00
220997|Apartamento de 199m² com 04 quartos sendo 01 suíte para locação - Centro|Centro|4|3|1|199|R$ 380.000,00
192131|Apartamento de 100m² com 2 suítes para venda e locação - Jardim Nova Aliança|Jardim Nova Aliança|2|3|2|100|R$ 1.100.000,00
111674|Apartamento de 118m² com 03 suítes à venda - Jardim Saint Gerard|Jardim Saint Gerard|3|3|2|118|R$ 1.180.000,00
182612|Apartamento de 317m² com 04 quartos à venda - Centro|Centro|4|6|3|317|R$ 980.000,00
244712|Casa sobrado de 175m² com 03 suítes para venda - San Marco|San Marco|3|4|4|175|R$ 1.200.000,00
233594|Apartamento de 131m² com 03 suítes à venda - Jardim Olhos d`Água|Jardim Olhos dÁgua|3|4|3|131|R$ 1.200.000,00
228896|Apartamento de 80m² com 02 suítes à venda - Vila do Golfe|Vila do Golfe|2|3|2|80|R$ 1.200.000,00
218345|Apartamento de 109m² com 03 suítes para locação - Plazas de España|Plazas de España|3|4|2|109|R$ 1.200.000,00
212186|Apartamento de 154m² com 03 suítes à venda - Jardim Olhos D`Água II|Jardim Olhos DÁgua II|3|5|3|154|R$ 1.200.000,00
207650|Apartamento de 139m² mobilado com 04 quartos - Jardim São Luiz|Jardim São Luiz|4|4|2|139|R$ 1.200.000,00
204470|Apartamento de 202m² com 03 suítes à venda - Jardim Irajá|Jardim Irajá|4|6|4|202|R$ 1.200.000,00
198779|Apartamento de 202m² com 03 suítes e 03 vagas - Jardim Irajá|Jardim Irajá|3|5|3|202|R$ 1.200.000,00
179318|Apartamento de 108m² com 03 quartos à venda - Jardim Olhos D`Água|Jardim Olhos DÁgua|3|3|2|108|R$ 1.200.000,00
170243|Apartamento de 125m² com 03 suítes à venda - Jardim Canadá|Jardim Canadá|3|4|3|125|R$ 1.200.000,00
111728|Apartamento de 118m² com 03 suítes à venda - Jardim Saint Gerard|Jardim Saint Gerard|4|3|2|118|R$ 1.200.000,00
111671|Apartamento de 118m² com 03 suítes à venda - Jardim Saint Gerard|Jardim Saint Gerard|4|3|2|118|R$ 1.200.000,00
107384|Apartamento de 108m² com 03 quartos para locação e venda - Jardim Olhos D`Água|Jardim Olhos DÁgua|3|3|2|108|R$ 1.200.000,00
36107|Apartamento de 228m² com 04 quartos à venda - Jardim Irajá|Jardim Irajá|4|5|4|228|R$ 1.200.000,00
138995|Apartamento de 134m² com 03 suítes à venda - Jardim Olhos D`Água II|Jardim Olhos DÁgua II|3|3|2|134|R$ 1.115.775,00
229199|Apartamento 154m² com 03 suítes à venda - Jardim Olhos D`Água|Jardim Olhos DÁgua|3|6|3|154|R$ 1.205.000,00
223592|Apartamento de 151m² com 03 suítes à venda - Jardim Olhos D`Água|Jardim Olhos DÁgua|3|5|2|151|R$ 1.211.830,00
227708|Apartamento de 153m² com 03 suítes à venda - Jardim Olhos D`Água|Jardim Olhos DÁgua|3|5|3|153|R$ 1.218.186,00
227699|Apartamento de 153m² com 03 suítes à venda - Jardim Olhos D`Água|Jardim Olhos DÁgua|3|5|3|153|R$ 1.218.186,00
227681|Apartamento de 153m² com 04 suítes à venda - Jardim Olhos D`Água|Jardim Olhos DÁgua|4|6|3|153|R$ 1.218.186,00
196637|Apartamento de 252m² com 04 quartos à venda - Centro|Centro|4|4|3|252|R$ 1.060.000,00
210167|Apartamento de 132m² com 03 suítes à venda - Jardim Botânico|Jardim Botânico|3|5|2|132|R$ 1.220.000,00
201029|Apartamento de 194m² com 03 suítes - Jardim Botânico|Jardim Botânico|3|5|3|194|R$ 1.223.600,00
220700|Apartamento de 126m² com 03 suítes à venda - Jardim Olhos D`Água|Jardim Olhos DÁgua|3|4|2|126|R$ 1.225.000,00
203183|Apartamento de 163m² com 03 quartos à venda - Jardim Botânico|Jardim Botânico|3|4|3|163|R$ 1.230.000,00
178877|Apartamento de 151m² com 03 suítes à venda - Jardim Olhos D`Água II|Jardim Olhos DÁgua II|3|5|2|151|R$ 1.211.830,00
178871|Apartamento de 151m² com 03 suítes à venda - Jardim Olhos D`Água II|Jardim Olhos DÁgua II|3|5|2|151|R$ 1.231.133,00
152855|Apartamento de 139m² com 04 quartos à venda - Jardim Canadá|Jardim Canadá|4|4|2|139|R$ 1.242.000,00
238637|Apartamento 126m² com 03 suítes à venda - Alto do Ipê|Alto do Ipê|3|4|3|126|R$ 1.190.000,00
243818|Apartamento de 132m² com 03 suítes à venda - Jardim Botânico|Jardim Botânico|3|4|2|132|R$ 1.249.000,00
210965|Apartamento de 48m² com 02 quartos para locação e venda - Parque das Oliveiras|Parque das Oliveiras|2|1|1|48|R$ 350.000,00
223334|Apartamento de 126m² com 03 suítes à venda - Jardim Botânico|Jardim Botânico|3|5|2|126|R$ 1.219.000,00
88103|Apartamento de 107m² com 03 quartos para locação e venda - Centro|Centro|3|2|1|107|R$ 360.000,00
237773|Apartamento de 132m² com 03 suítes à venda - Jardim Botânico|Jardim Botânico|3|4|2|132|R$ 1.250.000,00
224297|Apartamento de 134m² com 03 suítes à venda - Jardim Olhos D`Água|Jardim Olhos DÁgua|3|5|2|134|R$ 1.250.000,00
220622|Apartamento de 171m² com 03 suítes à venda - Nova Aliança|Nova Aliança|3|5|2|171|R$ 1.250.000,00
215528|Apartamento de 153m² com 03 suítes à venda - Jardim Olhos D`Água|Jardim Olhos DÁgua|3|5|3|153|R$ 1.250.000,00
215432|Apartamento de 252m² com 03 suítes à venda - Centro|Centro|4|5|3|252|R$ 1.250.000,00
210833|Apartamento de 155m² com 03 suítes à venda - Bosque das Juritis|Bosque das Juritis|3|5|3|155|R$ 1.250.000,00
208883|Apartamento de 160m² com 03 suítes para locação - Jardim Botânico|Jardim Botânico|4|5|3|160|R$ 1.250.000,00
126758|Apartamento de 152m² com 03 suítes à venda - Jardim Nova Aliança|Jardim Nova Aliança|3|4|2|152|R$ 1.250.000,00
111830|Apartamento - Padrão|Padrão|4|4|2|148|R$ 1.250.000,00
163136|Apartamento de 151m² com 03 suítes à venda - Jardim Olhos D`Água|Jardim Olhos DÁgua|3|4|2|151|R$ 1.253.964,00
221126|Apartamento de 158m² com 03 suítes à venda - Jardim Olhos D`Água|Jardim Olhos DÁgua|3|5|2|158|R$ 1.259.925,00
215969|Apartamento de 83m² com 02 suítes à venda - Jardim Botânico|Jardim Botânico|2|3|2|83|R$ 1.260.000,00
178874|Apartamento de 151m² com 03 suítes à venda - Jardim Olhos D`Água II|Jardim Olhos DÁgua II|3|5|2|151|R$ 1.269.740,00
182051|Apartamento de 158m² com 03 quartos à venda - Jardim Olhos D`Água II|Jardim Olhos DÁgua II|3|5|2|158|R$ 1.271.700,00
122006|Apartamento de 103m² com 03 suítes à venda - Jardim Botânico|Jardim Botânico|3|4|2|103|R$ 1.272.000,00
218480|Apartamento mobiliado de 123m² com 02 quartos para locação e venda - Jardim Botânico|Jardim Botânico|2|4|2|123|R$ 1.275.000,00
217625|Apartamento de 109m² com 02 suítes para locação - Jardim Olhos D`Água|Jardim Olhos DÁgua|2|4|2|109|R$ 1.275.000,00
211505|Apartamento de 132m² com 03 suítes à venda - Jardim Botânico|Jardim Botânico|3|5|2|132|R$ 1.275.000,00
240986|Apartamento de 145m² com 03 suítes planejadas à venda - Jardim Irajá|Jardim Irajá|3|5|2|145|R$ 1.200.000,00
245654|Apartamento de 158m² com 03 suítes à venda - Jardim Botânico|Jardim Botânico|3|5|2|158|R$ 1.280.000,00
219113|Apartamento de 93m² com 03 suítes à venda - Jardim Botânico|Jardim Botânico|3|4|2|93|R$ 1.280.000,00
216386|Apartamento de 126m² com 03 suítes à venda - Jardim Olhos D`Água|Jardim Olhos DÁgua|3|4|2|126|R$ 1.280.000,00
215285|Apartamento de 154m² com 03 suítes à venda - Jardim Olhos D`Água|Jardim Olhos DÁgua|3|5|3|154|R$ 1.280.000,00
192377|Apartamento de 180m² com 4 quartos à venda - Bairro Jardim Canadá|Bairro Jardim Canadá|4|4|3|180|R$ 1.280.000,00
234248|Apartamento 126m² com 03 suítes à venda - Alto do Ipê|Alto do Ipê|3|4|3|126|R$ 1.290.000,00
229454|Apartamento de 336m² com 04 suítes à venda - Jardim Irajá|Jardim Irajá|4|7|5|336|R$ 1.290.000,00
216833|Apartamento de 155m² com 03 suítes à venda - Residencial Alto do Ipê|Residencial Alto do Ipê|3|4|3|155|R$ 1.290.000,00
201011|Apartamento de 134m² com 03 quartos à venda - Jardim Olhos D`Água|Jardim Olhos DÁgua|3|4|2|134|R$ 1.290.000,00
227723|Apartamento de 153m² com 03 suítes à venda - Jardim Olhos D`Água|Jardim Olhos DÁgua|3|5|3|153|R$ 1.295.451,00
227717|Apartamento de 153m² com 03 suítes à venda - Jardim Olhos D`Água|Jardim Olhos DÁgua|3|5|3|153|R$ 1.295.451,00
227684|Apartamento de 153m² com 04 suítes à venda - Jardim Olhos D`Água|Jardim Olhos DÁgua|4|6|3|153|R$ 1.295.451,00
124226|Apartamento de 97m² com 03 quartos para locação e venda - Centro|Centro|3|2|1|97|R$ 350.000,00
200090|Apartamento de 52m² com 02 quartos para locação e venda - Jardim Anhangüera|Jardim Anhangüera|2|1|1|52|R$ 310.000,00
109757|Apartamento de 01 quarto para locação - Quintas de São José|Quintas de São José|1|1|1|34|
184286|Apartamento de 43m² com 02 quartos para locação e venda - Valentina Figueiredo|Valentina Figueiredo|2|1|1|43|R$ 181.000,00
225689|Apartamento de 42m² com 02 quartos para venda e locação - Jardim Santa Cecilia|Jardim Santa Cecilia|2|1|1|42|R$ 195.000,00
133355|Apartamento de 42m² com 02 quartos para locação - Residencial Jequitibá|Residencial Jequitibá|2|1|2|42|R$ 195.000,00
231905|Apartamento semi mobiliado de 42 m² com 02 quartos para locação - Jardim Santa Cecilia|Jardim Santa Cecilia|2|1|1|42|R$ 205.000,00
134555|Apartamento de 44m² com 01 quarto à venda - Jardim Paulista|Jardim Paulista|1|1|1|44|R$ 235.000,00
233162|Kitnet de 32m² para locação - Nova Ribeirânia|Nova Ribeirânia|1|1|1|32|R$ 250.000,00
162326|Apartamento de 42m² com 02 quartos para locação e venda - Residencial Parque dos Servidores|Residencial Parque dos Servidores|2|1|1|42|R$ 250.000,00
74117|Apartamento de 39m² com 01 quarto para locação - Jardim Califórnia|Jardim Califórnia|1|1|1|39|R$ 250.000,00
164219|Apartamento de 48m² com 02 quartos para locação e venda - Bonfim Paulista|Bonfim Paulista|2|1|1|48|R$ 256.000,00
60092|Apartamento de 02 quartos para locação - Residencial Florida|Residencial Florida|2|2|1|65|R$ 280.000,00
151526|Apartamento de 46m² com 01 quarto para locação - Centro|Centro|1|1|1|46|R$ 200.000,00
32585|Apartamento de 45m² de 1 quarto para locação e venda - Centro|Centro|1|1|1|45|R$ 210.000,00
174701|Apartamento de 68m² com 02 quartos, para venda e locação - Parque Industrial Lagoinha|Parque Industrial Lagoinha|2|1|1|68|R$ 300.000,00
85433|Apartamento de 97m² com 03 quartos para locação e venda - Centro|Centro|3|2|1|97|R$ 320.000,00
81878|Apartamento de 68m² com 02 quartos à venda - Centro|Centro|2|2|1|68|R$ 320.000,00
90590|Apartamento de 99m² com 02 quartos para locação - Centro|Centro|2|3|1|99|R$ 310.000,00
93992|Apartamento de 180m² com 03 suítes para locação e venda - Jardim Irajá|Jardim Irajá|3|5|3|180|R$ 1.200.000,00
244832|Apartamento de 143m² com 03 suítes à venda - Jardim São Luiz|Jardim São Luiz|3|5|2|143|R$ 1.290.000,00
226976|Apartamento de 156m² com 03 suítes para locação - Jardim Botânico|Jardim Botânico|3|5|3|156|R$ 1.300.000,00
218714|Apartamento de 152m² com 04 quartos para locação e venda - Nova Aliança|Nova Aliança|4|5|3|152|R$ 1.300.000,00
211601|Apartamento de 114m² com 03 suítes à venda - Jardim Botânico|Jardim Botânico|3|4|2|114|R$ 1.300.000,00
204209|Apartamento de 118m² com 03 suítes para venda e locação - Jardim Olhos D`Água|Jardim Olhos DÁgua|3|4|2|118|R$ 1.300.000,00
201665|Apartamento de 239m² com 03 suítes - Jardim Irajá|Jardim Irajá|3|5|4|239|R$ 1.300.000,00
145376|Apartamento de 135m² com 03 suítes - Jardim Botânico|Jardim Botânico|3|5|2|135|R$ 1.300.000,00
105272|Apartamento de 47m² com 03 suítes à venda - Bosque das Juritis|Bosque das Juritis|3|5|2|47|R$ 1.300.000,00
214748|Apartamento de 132m² com 03 suítes à venda - Jardim Botânico|Jardim Botânico|3|4|2|132|R$ 1.301.000,00
223571|Apartamento de 158m² com 03 suítes à venda - Jardim Olhos D`Água|Jardim Olhos DÁgua|3|5|2|158|R$ 1.307.025,00
239960|Apartamento de 153m² com 03 suítes à venda - Jardim Olhos D`Água|Jardim Olhos DÁgua|3|5|3|153|R$ 1.308.000,00
239954|Apartamento de 153m² com 03 suítes à venda - Jardim Olhos D`Água|Jardim Olhos DÁgua|3|5|3|153|R$ 1.308.000,00
239951|Apartamento de 153m² com 04 suítes à venda - Jardim Olhos D`Água|Jardim Olhos DÁgua|4|6|3|153|R$ 1.308.000,00
239948|Apartamento de 153m² com 04 suítes à venda - Jardim Olhos D`Água|Jardim Olhos DÁgua|4|6|3|153|R$ 1.308.000,00
208640|Apartamento de 155m² com 03 suítes à venda - Bosque das Juritis|Bosque das Juritis|3|5|3|155|R$ 1.310.000,00
163220|Apartamento de 158m² com 03 suítes à venda - Jardim Olhos D´Água|Jardim Olhos D´Água|3|4|2|158|R$ 1.312.977,00
167537|Apartamento no Parque Olhos D`Água - KAIRÓS|KAIRÓS|3|3|2|151|R$ 1.315.906,80
104543|Apartamento de 42m² com 02 quartos para venda e locação - Jardim Itaú|Jardim Itaú|2|1|1|42|R$ 170.000,00
76544|Apartamento de 59m² com 02 dormitórios para locação e venda - Jardim Independência|Jardim Independência|2|1|1|59|R$ 203.000,00
235295|Apartamento de 106m² com 03 suítes à venda - Vila do Golfe|Vila do Golfe|3|4|2|106|R$ 1.320.000,00
107180|Apartamento de 171m² com 03 suítes à venda - Nova Aliança|Nova Aliança|3|5|2|171|R$ 1.330.000,00
188021|Apartamento de 122m² com 03 quartos à venda - Jardim Ilhas do Sul|Jardim Ilhas do Sul|3|4|2|122|R$ 1.332.696,89
208142|Apartamento de 43m² com 02 quartos para locação e venda - Reserva Macaúba|Reserva Macaúba|2|1|1|43|R$ 200.000,00
219431|Apartamento térreo de 42m² com 02 quartos para locação e venda - Recanto das Palmeiras|Recanto das Palmeiras|2|1|1|42|R$ 170.000,00
119699|Apartamento garden de 184m² com 03 suítes à venda - Residencial Alto do Ipê|Residencial Alto do Ipê|3|5|3|184|R$ 1.150.000,00
224324|Apartamento térreo de 199m² com 04 quartos sendo 02 suítes à venda - Ribeirânia|Ribeirânia|4|4|2|199|R$ 1.220.000,00
194102|Apartamento de alto padrão na alta Fiúsa||3|5|3|194|R$ 1.279.200,00
244061|Apartamento de 153m² com 03 suítes à venda - Jardim Olhos D`Água|Jardim Olhos DÁgua|3|5|3|153|R$ 1.350.000,00
215192|Apartamento de 154m² com 04 suítes à venda - Jardim Olhos D`Água|Jardim Olhos DÁgua|3|6|3|154|R$ 1.350.000,00
151946|Apartamento de 252m² com 03 suítes à venda - Centro|Centro|4|5|3|252|R$ 1.350.000,00
203705|Apartamento de 171m² com 03 suítes à venda - Nova Aliança|Nova Aliança|3|5|2|171|R$ 1.356.800,00
194657|Apartamento de 194m² com 03 suítes e 03 vagas - Jardim Botânico|Jardim Botânico|3|2|3|194|R$ 1.358.000,00
240938|Apartamento de 145m² com 03 suítes à venda - Jardim Irajá|Jardim Irajá|3|5|2|145|R$ 1.370.000,00
170660|Apartamento de 158m² com 03 quartos à venda - Jardim Olhos D`Água II|Jardim Olhos DÁgua II|3|4|3|158|R$ 1.377.675,00
231215|Apartamento de 154m² com 03 suítes à venda - Jardim Olhos D`água|Jardim Olhos Dágua|3|5|3|154|R$ 1.378.000,00
229313|Apartamento de 160m² com 03 suítes à venda - Bosque das Juritis|Bosque das Juritis|3|5|3|160|R$ 1.350.000,00
218942|Apartamento mobiliado de 123 m² com 03 suítes à venda - Jardim Botânico|Jardim Botânico|3|4|2|123|R$ 1.350.000,00
189524|Apartamento de 134m² com 03 dormitórios - Jardim Olhos D`àgua|Jardim Olhos Dàgua|3|5|2|134|R$ 1.380.000,00
239957|Apartamento de 153m² com 03 suítes à venda - Jardim Olhos D`Água|Jardim Olhos DÁgua|3|5|3|153|R$ 1.386.000,00
243020|Apartamento de 41m² com 02 quartos para locação - Reserva Real|Reserva Real|2|1|1|41|R$ 155.000,00
219533|Apartamento de 42m² com 02 quartos para a locação - Campos Elíseos|Campos Elíseos|2|1|1|42|R$ 190.000,00
173525|Apartamento de 41m² com 02 quartos para locação - Reserva Real|Reserva Real|2|1|1|41|R$ 190.000,00
99815|Apartamento de 53m² com 02 quartos á venda - Parque Bandeirantes|Parque Bandeirantes|2|1|1|53|R$ 215.000,00
222716|Apartamento de 43m² com 02 quartos para locação - Loteamento Santa Marta|Loteamento Santa Marta|2|1|1|43|R$ 220.000,00
202643|Apartamento de 42m² com 01 quarto para locação e venda- Jardim Califórnia|Jardim Califórnia|1|1|1|42|R$ 237.000,00
121742|Apartamento de 47m² com 02 quartos para locação e venda - Residencial Greenville|Residencial Greenville|2|1|1|47|R$ 245.000,00
216728|Apartamento de 66m² com 02 quartos para venda - Centro|Centro|2|2|1|66|R$ 250.000,00
117320|Apartamento de 01 quarto para locação - Jardim Irajá|Jardim Irajá|1|1|1|34|R$ 275.000,00
143705|Apartamento de 38m² com 01 quarto para locação e venda - Sumarezinho|Sumarezinho|1|1|1|38|R$ 290.000,00
131537|Apartamento de 02 quartos para locação - Alto da Boa Vista|Alto da Boa Vista|2|2|2|78|R$ 300.000,00
86867|Apartamento de 64m² com 02 quartos para locação e venda - Jardim Paulista|Jardim Paulista|2|2|1|64|R$ 280.000,00
238742|Apartamento de 166m² com 03 suítes - Jardim Olhos d´agua|Jardim Olhos d´agua|3|5|2|166|R$ 1.400.000,00
230432|Apartamento - Padrão|Padrão|3|4|3|132|R$ 1.400.000,00
215195|Apartamento de 154m² com 03 suítes à venda - Jardim Olhos D`Água|Jardim Olhos DÁgua|3|5|3|154|R$ 1.400.000,00
214667|Apartamento de 109m² com 03 suítes para locação - Jardim Olhos D`água|Jardim Olhos Dágua|3|4|2|109|R$ 1.400.000,00
188054|Apartamento de 158m² com 03 suítes à venda - Jardim Olhos D`Água|Jardim Olhos DÁgua|3|5|3|158|R$ 1.400.000,00
186929|Apartamento de 195m² com 03 suítes à venda - Residencial Alto do Ipê|Residencial Alto do Ipê|3|4|4|195|R$ 1.400.000,00
156884|Apartamento de 178m² com 03 suítes à venda - Bosque das Juritis|Bosque das Juritis|3|5|3|178|R$ 1.400.000,00
238724|Apartamento mobiliado de 133m² com 03 suítes à venda - Nova Aliança|Nova Aliança|3|4|1|133|R$ 1.420.000,00
209615|Apartamento de 171m² com 03 suítes à venda - Nova Aliança|Nova Aliança|3|4|2|171|R$ 1.420.000,00
118277|Apartamento de 183m² com 03 suítes à venda - Jardim Botânico|Jardim Botânico|3|5|3|183|R$ 1.420.000,00
213434|Apartamento de 154m² com 03 suítes à venda - Jardim Olhos D`Água|Jardim Olhos DÁgua|3|5|3|154|R$ 1.440.000,00
179675|Apartamento de 56m² com 02 quartos para locação e venda - Chácaras Pedro Corrêa de Carvalho|Chácaras Pedro Corrêa de Carvalho|2|2|1|56|R$ 224.400,00
62735|Apartamento de 62m² com 03 quartos para locação - Alto do Ipiranga|Alto do Ipiranga|3|2|1|62|R$ 300.000,00
224111|Apartamento de 178m² com 03 suítes à venda - Jardim Olhos D`Água|Jardim Olhos DÁgua|3|5|3|178|R$ 1.450.000,00
224105|Apartamento de 178m² com 03 suítes à venda - Jardim Olhos D`Água|Jardim Olhos DÁgua|3|5|3|178|R$ 1.450.000,00
222689|Apartamento de 202m² com 03 suítes à venda - Jardim Botânico|Jardim Botânico|4|4|2|202|R$ 1.450.000,00
221174|Apartamento de 178m² com 03 suítes à venda - Jardim Olhos D`Água|Jardim Olhos DÁgua|3|5|2|178|R$ 1.450.000,00
217103|Apartamento 154m² com 03 suítes à venda - Jardim Olhos D`Água|Jardim Olhos DÁgua|3|6|3|154|R$ 1.450.000,00
214799|Apartamento de 156m² com 03 suítes para locação - Jardim Botânico|Jardim Botânico|3|5|2|156|R$ 1.450.000,00
189854|Apartamento de 183m² com 03 suítes para locação e venda - Jardim Botânico|Jardim Botânico|3|5|3|183|R$ 1.450.000,00
186935|Apartamento de 195m² com 03 suítes à venda - Residencial Alto do Ipê|Residencial Alto do Ipê|3|4|4|195|R$ 1.450.000,00
152759|Apartamento de 170m² com 03 suítes à venda - Vila do Golf|Vila do Golf|3|6|3|170|R$ 1.450.000,00
239966|Apartamento de 153m² com 04 suítes à venda - Jardim Olhos D`Água|Jardim Olhos DÁgua|4|6|3|153|R$ 1.470.000,00
186788|Apartamento de 218m² com 03 suítes à venda - Bosque das Juritis|Bosque das Juritis|3|5|3|218|R$ 1.400.000,00
152738|Apartamento de 170m² com 03 suítes à venda - Vila do Golf|Vila do Golf|3|5|3|170|R$ 1.480.000,00
184688|Apartamento de 166m² com 03 quartos à venda - Jardim Olhos D´Água|Jardim Olhos D´Água|3|5|2|166|R$ 1.481.402,98
153851|Apartamento de 183m² com 03 suítes á venda - Jardim Botânico|Jardim Botânico|3|5|3|183|R$ 1.440.000,00
188861|Apartamento de 171m² com 03 quartos à venda - Nova Aliança|Nova Aliança|3|5|3|171|R$ 1.490.000,00
228422|Apartamento mobiliado de 232m² com 04 quartos à venda - Jardim Irajá|Jardim Irajá|4|5|4|232|R$ 1.499.000,00
234185|Apartamento de 42m² com 02 quartos para venda e locação - Jardim Heitor Rigon|Jardim Heitor Rigon|2|1|1|42|R$ 190.000,00
216842|Apartamento de 40m² com 02 quartos à venda - Reserva Real|Reserva Real|2|1|1|40|R$ 135.000,00
236738|Apartamento de 37m² com 01 quarto para venda e locação - City Ribeirão|City Ribeirão|1|1|1|37|R$ 175.000,00
241628|Apartamento de 54m² com 02 quartos para locação e venda - Reserva Sul Condomínio|Reserva Sul Condomínio|2|1|1|54|R$ 250.000,00
122543|Apartamento de 45m² com 02 quartos para locação e venda - Jardim Manoel Penna|Jardim Manoel Penna|2|1|1|45|R$ 254.400,00
106730|Apartamento de 78m² com 02 dormitórios para locação e venda - Centro|Centro|2|2|1|78|R$ 240.000,00
89372|Apartamento de 34m² com 01 quarto para locação - Jardim Irajá|Jardim Irajá|1|1|1|34|R$ 250.000,00
205616|Apartamento térreo de 63m² com 02 quartos para locação - Ipiranga|Ipiranga|2|2|1|63|R$ 270.000,00
191324|Apartamento de 49 m² com 02 quartos - Campos Elíseos|Campos Elíseos|2|1|1|49|R$ 270.000,00
157829|Apartamento 56m² com 02 quartos para locação - Parque São Sebastião|Parque São Sebastião|2|1|1|56|R$ 270.000,00
108626|Apartamento de 92m² com 03 quartos - Centro|Centro|3|3|1|92|R$ 300.000,00
46265|Apartamento de 45m² com 01 quarto para locação e venda - Jardim Paulista|Jardim Paulista|1|1|1|45|R$ 300.000,00
135941|Apartamento de 87m² com 02 quartos para venda e locação - Centro|Centro|2|2|1|87|R$ 286.200,00
210389|Apartamento de 51m² com 01 quarto para locação - Centro|Centro|1|1|1|51|R$ 371.000,00
104351|Apartamento de 59m² com 01 suíte para locação e venda - City Ribeirão|City Ribeirão|1|2|1|59|R$ 420.000,00
48956|APARTAMENTO NO CAMPOS ELÍSEOS||3|3|1|97|R$ 430.000,00
241997|Apartamento de 100m² com 03 quartos para locação - Centro|Centro|3|3|1|100|R$ 450.000,00
198053|APARTAMENTO NO CENTRO||3|3|1|127|R$ 300.000,00
149717|APARTAMENTO PRÓXIMO À AVENIDA INDEPENDÊNCIA||1|1|1|52|R$ 160.000,00
215129|Apartamento de 239m² com 03 suítes para locação - Jardim Botânico|Jardim Botânico|4|6|3|239|R$ 1.500.000,00
188132|MARAVILHOSO APARTAMENTO NO JARDIM IRAJÁ||3|5|4|239|R$ 1.500.000,00
171434|Apartamento de 238m² com 04 quartos à venda - Jardim Santa Ângela|Jardim Santa Ângela|4|4|4|238|R$ 1.500.000,00
41363|Apartamento de 238m² com 04 quartos à venda - Jardim Irajá|Jardim Irajá|4|5|4|238|R$ 1.500.000,00
214892|Apartamento de 166m² com 03 suítes - Jardim Olhos d´agua|Jardim Olhos d´agua|3|5|2|166|R$ 1.504.192,26
186803|Apartamento de 218m² com 03 suítes à venda - Bosque das Juritis|Bosque das Juritis|3|5|3|218|R$ 1.400.000,00
186800|Apartamento de 218m² com 03 suítes à venda - Bosque das Juritis|Bosque das Juritis|3|5|3|218|R$ 1.305.000,00
213653|Apartamento de 168m² com 03 suítes à venda - Residencial Alto do Ipê|Residencial Alto do Ipê|3|5|3|168|R$ 1.530.000,00
201494|Apartamento de 49m² com 02 quartos para venda e locação - Campos Eliseos|Campos Eliseos|2|1|1|49|R$ 260.000,00
172745|Apartamento de 158m² com 03 suítes à venda - Jardim Olhos D`Água|Jardim Olhos DÁgua|3|5|2|158|R$ 1.540.000,00
92267|Apartamento de 62m² com 03 quartos sendo 01 suíte para locação - Presidente Médici|Presidente Médici|3|2|1|62|R$ 235.000,00
228752|Apartamento de 109m² com 03 suítes para locação e venda - Bonfim Paulista|Bonfim Paulista|3|4|2|109|R$ 1.550.000,00
224099|Apartamento de 178m² com 03 suítes à venda - Jardim Olhos D`Água|Jardim Olhos DÁgua|3|5|3|178|R$ 1.550.000,00
222374|Apartamento de 156M² com 03 suítes à venda - Jardim Botânico|Jardim Botânico|3|5|2|156|R$ 1.550.000,00
217112|Apartamento 154m² com 03 suítes à venda - Jardim Olhos D`Água|Jardim Olhos DÁgua|3|6|3|154|R$ 1.550.000,00
212234|Apartamento de 228m² com 03 suítes à venda - Jardim Irajá|Jardim Irajá|3|5|4|228|R$ 1.550.000,00
209693|Apartamento de 155m² com 03 suítes à venda - Bosque das Juritis|Bosque das Juritis|3|4|3|155|R$ 1.550.000,00
59390|Apartamento de 239m² com 03 quartos sendo 01 suíte para locação e venda - Jardim Irajá|Jardim Irajá|4|4|4|239|R$ 1.550.000,00
230504|Apartamento de 156M² com 03 suítes à venda - Jardim Botânico|Jardim Botânico|3|5|2|156|R$ 1.390.000,00
201020|Apartamento de 194m² com 03 suítes - Jardim Botânico|Jardim Botânico|3|5|3|194|R$ 1.567.000,00
135617|Apartamento de 214m² com 03 suítes para locação e venda - Bosque dos Juritis|Bosque dos Juritis|3|5|3|214|R$ 1.300.000,00
245132|Apartamento de 158m² com 03 suítes à venda - Jardim Botânico|Jardim Botânico|3|5|2|158|R$ 1.590.000,00
210725|Apartamento de 168m² com 03 suítes à venda - Residencial Alto do Ipê|Residencial Alto do Ipê|3|4|3|168|R$ 1.590.000,00
224624|Apartamento de 156m² com 03 suítes à venda - Jardim Botânico|Jardim Botânico|3|4|2|156|R$ 1.599.000,00
22439|Apartamento com 92m² com 3 quartos à venda - Jardim Irajá|Jardim Irajá|3|2|1|92|R$ 350.000,00
214322|Apartamento de 46m² com 01 quarto para locação e venda - Jardim Botânico|Jardim Botânico|1|1|1|46|R$ 286.200,00
229325|Apartamento de 41m² com 02 quartos para venda e locação - Reserva Real|Reserva Real|2|1|1|41|R$ 160.000,00
204398|Apartamento de 41m² com 02 quartos à venda - Reserva Real|Reserva Real|2|1|1|41|R$ 170.000,00
201719|Apartamento de 42m² com 02 quartos á venda - Jardim Florestan Fernandes|Jardim Florestan Fernandes|2|1|1|42|R$ 190.000,00
140462|Apartamento de 49m² com 02 quartos para locação e venda - Jardim Ouro Branco|Jardim Ouro Branco|2|1|1|49|R$ 225.000,00
238013|Apartamento semi-mobiliado de 44m² com 02 quartos para locação e venda - Residencial Greenville|mobiliado de 44m² com 02 quartos para locação e venda Residencial Greenville|2|1|1|44|R$ 230.000,00
126392|Apartamento mobiliado de 37m² com 01 quarto para venda e locação - Nova Aliança|Nova Aliança|1|1|1|37|R$ 280.000,00
234761|Apartamento de 54m² com 02 quartos para locação e venda - Jardim Anhanguera|Jardim Anhanguera|2|2|1|54|R$ 330.000,00
104348|Apartamento de 60m² com 01 suíte para locação e venda - City Ribeirão|City Ribeirão|1|2|1|60|R$ 420.000,00
107153|Apartamento de 171m² com 03 suítes à venda - Nova Aliança|Nova Aliança|3|5|2|171|R$ 1.300.000,00
197699|Apartamento de 239m² com 03 suítes PARA para venda e locação - Jardim Canadá|Jardim Canadá|3|5|3|239|R$ 1.500.000,00
177086|Apartamento de 195 m² com 04 quartos para locação e venda - Vila do Golfe|Vila do Golfe|4|5|4|195|R$ 1.520.000,00
215162|Apartamento de 158m² com 03 suítes à venda - Jardim Olhos D`Água|Jardim Olhos DÁgua|3|4|3|158|R$ 1.600.000,00
198827|Apartamento de 183m²com 03 suítes à venda - Jardim Botânico|Jardim Botânico|3|4|3|183|R$ 1.600.000,00
181682|APARTAMENTO ALTO PADRÃO PRÓXIMO À AVENIDA BRAZ OLAIA ACOSTA OTIMA OPORTUNIDADE||3|4|2|171|R$ 1.600.000,00
144347|Apartamento de 238m² com 04 quartos para locação - Jardim Irajá|Jardim Irajá|4|4|4|238|R$ 1.600.000,00
86264|Apartamento duplex de 320m² com 03 suítes - Jardim Canadá|Jardim Canadá|3|5|3|320|R$ 1.600.000,00
201023|Apartamento de 194m² com 03 suítes - Jardim Botânico|Jardim Botânico|3|5|3|194|R$ 1.620.000,00
214907|Apartamento de 166m² com 03 suítes - Jardim Olhos d´agua|Jardim Olhos d´agua|3|5|2|166|R$ 1.631.480,08
19652|Apartamento de 96m² com 03 quartos - Bairro Jardim Paulista|Bairro Jardim Paulista|3|2|1|96|R$ 299.900,00
137243|Apartamento de 61m² com 02 quartos para locação e venda - Presidente Médici|Presidente Médici|2|2|1|61|
215573|Apartamento de 42m² com 02 quartos para venda e locação - Parque Industrial Lagoinha|Parque Industrial Lagoinha|2|1|1|42|R$ 195.000,00
214490|Apartamento de 46m² com 01 suíte para locação e venda - Jardim Botânico|Jardim Botânico|1|1|1|46|R$ 210.000,00
154574|Apartamento térreo de 85m² com 02 quartos para locação e venda - Jardim Zara|Jardim Zara|2|2|1|85|R$ 280.000,00
61946|Apartamento de 85m² com 03 quartos para locação e venda - Centro|Centro|3|3|1|85|R$ 300.000,00
220775|Apartamento de 169m² com 03 suítes e porteira fechada à venda - Jardim Botânico|Jardim Botânico|3|4|3|169|R$ 1.500.000,00
214613|Apartamento de 154m² com 04 suítes para locação e venda - Jardim Olhos D`Água II|Jardim Olhos DÁgua II|3|5|3|154|R$ 1.650.000,00
143750|Apartamento de 378m² com 04 quartos para locação e venda - Higienópolis|Higienópolis|4|4|4|378|R$ 1.650.000,00
134297|Apartamento mobiliado de 134m² com 03 suítes para locação e venda - Jardim Olhos D`Água|Jardim Olhos DÁgua|3|5|2|134|R$ 1.650.000,00
211685|Apartamento de 166m² com 03 suítes à venda - Jardim Olhos D`Água|Jardim Olhos DÁgua|3|5|2|166|R$ 1.654.954,03
113585|PRÉDIO PRÓXIMO AO NOVO SHOPPING||9|9|9|389|R$ 1.660.000,00
170330|Apartamento de 197m² com 03 suítes à venda - Jardim Olhos D`Água II|Jardim Olhos DÁgua II|3|4|2|197|R$ 1.661.218,00
166520|Apartamento com vista para o Parque Olhos D`Água - KAIRÓS|KAIRÓS|4|6|3|197|R$ 1.661.218,00
186794|Apartamento de 218m² com 03 suítes à venda - Bosque das Juritis|Bosque das Juritis|3|5|3|218|R$ 1.535.000,00
83234|Apartamento de 232m² com 03 suítes à venda - Jardim Irajá|Jardim Irajá|3|5|4|232|R$ 1.490.000,00
244697|Apartamento de 156M² com 03 suítes à venda - Jardim Botânico|Jardim Botânico|3|5|2|156|R$ 1.690.000,00
185339|Apartamento de 214m² com 03 suítes à venda - Bosque das Juritis|Bosque das Juritis|3|5|3|214|R$ 1.690.000,00
191042|Apartamento de 158m² com 03 quartos à venda - Jardim Olhos D`Água II|Jardim Olhos DÁgua II|3|4|3|158|R$ 1.670.000,00
231632|Apartamento de 53m² com 02 quartos à venda - Parque das Oliveiras|Parque das Oliveiras|2|2|1|53|R$ 300.000,00
168386|Apartamento de 40m² com 02 quartos para locação e venda - Reserva Real|Reserva Real|2|1|1|40|R$ 170.000,00
101228|Apartamento de 48m² com 01 quarto para venda e locação - Centro|Centro|1|1|1|48|R$ 202.000,00
181100|Apartamento de 58m² com 02 quartos para locação e venda - Jardim Zara|Jardim Zara|2|2|1|58|R$ 198.000,00
157823|Apartamento de 56m² com 02 quartos á venda - Parque São Sebastião|Parque São Sebastião|2|1|1|56|R$ 270.000,00
198362|APARTAMENTO NO CAMPOS ELÍSEOS||2|1|1|55|R$ 300.000,00
184445|Apartamento de 86m² com 03 quartos à venda - Jardim América|Jardim América|3|2|1|86|R$ 320.000,00
89678|Apartamento de 87m² com 03 quartos - Jardim Paulistano|Jardim Paulistano|3|2|2|87|R$ 380.000,00
15812|Apartamento de 289m² com 04 quartos para venda - Centro|Centro|4|4|4|289|R$ 1.250.000,00
95588|Apartamento de 61m² com 03 quartos à venda - Ipiranga|Ipiranga|3|1|2|61|R$ 197.000,00
238286|Apartamento de 195m² com 03 suítes à venda - Vila do Golf|Vila do Golf|3|4|4|195|R$ 1.700.000,00
235889|Apartamento de 80m² com 03 suítes para venda - Jardim Olhos D`água|Jardim Olhos Dágua|3|4|1|80|R$ 1.700.000,00
226820|Apartamento de 124m² com 03 suítes para locação e venda - Jardim Olhos D`água|Jardim Olhos Dágua|3|4|2|124|R$ 1.700.000,00
189578|Apartamento de 229m² com 04 quartos à venda - Jardim Irajá|Jardim Irajá|4|3|4|229|R$ 1.700.000,00
175190|Apartamento de 151m² com 03 suítes à venda - Jardim Olhos D`Água II|Jardim Olhos DÁgua II|3|5|2|151|R$ 1.700.000,00
170327|Apartamento de 197m² com 03 suítes à venda - Jardim Olhos D`Água II|Jardim Olhos DÁgua II|4|6|3|197|R$ 1.711.728,00
186365|ÓTIMO APARTAMENTO NO BAIRRO JARDIM BOTÂNICO||3|4|3|218|R$ 1.716.000,00
213608|Lançamento Artse - Apartamento de 183m² com 03 suítes à venda - Jardim Ilhas do Sul|Apartamento de 183m² com 03 suítes à venda Jardim Ilhas do Sul|3|5|3|183|R$ 1.743.704,06
233156|Apartamento com 191 m², com 03 quartos, para venda - Vila do Golf.|Vila do Golf|3|5|3|191|R$ 1.745.000,00
213611|Lançamento Artse - Apartamento de 183m² com 03 suítes à venda - Jardim Ilhas do Sul|Apartamento de 183m² com 03 suítes à venda Jardim Ilhas do Sul|3|5|3|183|R$ 1.746.181,11
215369|Apartamento de 45m² com 01 quarto para locação e venda - Nova Aliança|Nova Aliança|1|1|1|45|R$ 280.000,00
209987|Apartamento de 195m² com 03 suítes para venda e locação - Vila do Golfe|Vila do Golfe|3|5|4|195|R$ 1.550.000,00
226088|Apartamento de 195m² com 03 suítes à venda - Residencial Alto do Ipê|Residencial Alto do Ipê|3|4|4|195|R$ 1.750.000,00
179024|Apartamento de 183m² com 03 suítes à venda - Jardim Botânico|Jardim Botânico|3|5|3|183|R$ 1.750.000,00
228185|Apartamento de 218m² com 03 suítes à venda - Bosque das Jurutis|Bosque das Jurutis|3|5|3|218|R$ 1.749.000,00
198920|Apartamento de 195M² com 03 suítes à venda - Vila do Golf|Vila do Golf|3|4|4|195|R$ 1.750.000,00
237785|Apartamento de 179M² com 03 suítes à venda - Jardim Botânico|Jardim Botânico|3|5|3|179|R$ 1.780.000,00
170318|Apartamento de 151m² com 03 suítes à venda - Jardim Olhos D`Água II|Jardim Olhos DÁgua II|3|5|2|151|R$ 1.787.493,00
220745|Apartamento de 227m² com 03 suítes à venda - Jardim Ilhas do Sul|Jardim Ilhas do Sul|3|5|4|227|R$ 1.780.000,00
99638|Apartamento de 120m² com 03 quartos para venda e locação - Campos Elíseos|Campos Elíseos|3|3|1|120|R$ 318.000,00
222449|Apartamento mobiliado de 40m2 com 02 quartos para locação - Reserva Real|Reserva Real|2|1|1|40|
105104|Apartamento de 47m² com 02 quartos para locação - Bosque dos Juritis|Bosque dos Juritis|2|1|1|47|R$ 350.000,00
80747|Apartamento de 70m² com 03 quartos para locação e venda - Jardim Independência|Jardim Independência|3|2|1|70|R$ 300.000,00
225875|Apartamento de 39m² com 01 quarto para locação e venda - Bosque das Juritis|Bosque das Juritis|1|1|1|39|R$ 340.000,00
198740|Apartamento de 847m² com 03 quartos para locação - Jardim Sumaré|Jardim Sumaré|3|2|2|847|R$ 340.000,00
177137|Apartamento de 68m² com 02 quartos sendo 01 suíte para a locação e venda - Centro|Centro|2|3|1|68|R$ 350.000,00
241142|Apartamento de 50m² com 02 quartos para locação e venda - Reserva São José|Reserva São José|2|2|1|50|R$ 360.000,00
165440|Apartamento de 90m² com 03 quartos para locação e venda - Residencial e Comercial Palmares|Residencial e Comercial Palmares|3|2|1|90|R$ 371.000,00
240008|Apartamento de 48m² com 02 quartos para locação e venda - Quinta da Primavera|Quinta da Primavera|2|1|1|48|R$ 380.000,00
84668|Apartamento de 54m² com 01 quarto para locação - Jardim São Luiz|Jardim São Luiz|1|1|1|54|R$ 380.000,00
223322|Apartamento de 165m² com 03 quartos sendo 01 suíte para locação e venda - Centro|Centro|3|4|1|165|R$ 500.000,00
239516|Apartamento de 227m² com 04 suítes à venda - Jardim Ilhas do Sul|Jardim Ilhas do Sul|3|5|4|227|R$ 1.800.000,00
238283|Apartamento de 195m² com 04 quartos à venda - Residencial Alto do Ipê|Residencial Alto do Ipê|4|3|4|195|R$ 1.800.000,00
202757|Apartamento de 237m² com 03 suítes à venda - Jardim Olhos D`Água|Jardim Olhos DÁgua|3|5|4|237|R$ 1.800.000,00
192110|Apartamento de 237m² com 04 suítes||4|6|4|237|R$ 1.800.000,00
115967|Apartamento mobiliado de 167m² com 03 suítes para locação e venda - Jardim Botânico|Jardim Botânico|3|5|3|167|R$ 1.800.000,00
242087|Apartamento de 185m² com 03 suítes à venda - Vila do Golfe|Vila do Golfe|3|5|3|185|R$ 1.800.015,81
228734|Casa sobrado de 257m² com 03 suítes para locação e venda- Vila do Golf|Vila do Golf|3|5|4|257|R$ 1.810.000,00
214811|Apartamento de 239m² com 04 suítes - Jardim Botânico|Jardim Botânico|4|5|3|239|R$ 1.811.110,00
242090|Apartamento de 185m² com 03 suítes à venda - Vila do Golfe|Vila do Golfe|3|5|3|185|R$ 1.837.910,88
201557|Apartamento de 91m² com 03 quartos para locação e venda - Jardim Irajá|Jardim Irajá|3|2|1|91|R$ 290.000,00
231809|Apartamento de 227m² com 03 suítes à venda - Jardim Ilhas do Sul|Jardim Ilhas do Sul|4|6|4|227|R$ 1.850.000,00
228092|Apartamento de 227m² com 03 suítes à venda - Jardim Ilhas do Sul|Jardim Ilhas do Sul|3|6|4|227|R$ 1.850.000,00
228086|Apartamento de 227m² com 04 suítes à venda - Jardim Ilhas do Sul|Jardim Ilhas do Sul|4|6|4|227|R$ 1.850.000,00
228044|Apartamento de 227m² com 03 suítes à venda - Jardim Ilhas do Sul|Jardim Ilhas do Sul|3|6|4|227|R$ 1.850.000,00
228038|Apartamento de 227m² com 04 suítes à venda - Jardim Ilhas do Sul|Jardim Ilhas do Sul|4|6|4|227|R$ 1.850.000,00
228035|Apartamento de 227m² com 03 suítes à venda - Jardim Ilhas do Sul|Jardim Ilhas do Sul|3|6|4|227|R$ 1.850.000,00
228029|Apartamento de 227m² com 04 suítes à venda - Jardim Ilhas do Sul|Jardim Ilhas do Sul|4|6|4|227|R$ 1.850.000,00
228023|Apartamento de 227m² com 03 suítes à venda - Jardim Ilhas do Sul|Jardim Ilhas do Sul|3|6|4|227|R$ 1.850.000,00
228014|Apartamento de 227m² com 04 suítes à venda - Jardim Ilhas do Sul|Jardim Ilhas do Sul|4|6|4|227|R$ 1.850.000,00
212177|Apartamento de 278m² com 04 suítes à venda - Ribeirânia|Ribeirânia|4|6|4|278|R$ 1.850.000,00
221678|Apartamento de 218m² com 03 suítes à venda - Bosque das Juritis|Bosque das Juritis|3|5|3|218|R$ 1.860.000,00
204728|Apartamento novo de 40m² com 01 quarto - Ribeirânia|Ribeirânia|1|1|1|40|R$ 299.000,00
224921|Apartamento de 135m² com 03 suítes para locação e venda - Bosque das Juritis|Bosque das Juritis|3|4|3|135|R$ 1.089.000,00
219395|Apartamento de 170m² com 03 suítes à venda - Vila do Golf|Vila do Golf|3|6|3|170|R$ 1.680.000,00
242093|Apartamento de 185m² com 03 suítes à venda - Vila do Golfe|Vila do Golfe|3|5|3|185|R$ 1.894.753,48
232268|Apartamento de 227m² com 03 suítes à venda - Ilhas do Sul|Ilhas do Sul|3|5|2|227|R$ 1.895.000,00
232265|Apartamento de 227m² com 03 quartos para venda - Jardim Ilhas do Sul|Jardim Ilhas do Sul|3|4|1|227|R$ 1.895.000,00
225398|Apartamento de 179m² com 03 suítes à venda - Jardim Botânico|Jardim Botânico|3|5|3|179|R$ 1.700.000,00
144257|Apartamento de 54m² com 02 quartos para venda - Parque Industrial Lagoinha|Parque Industrial Lagoinha|2|1|1|54|R$ 229.000,00
210491|Apartamento de 34m² com 01 suíte à venda - Jardim Irajá|Jardim Irajá|1|2|2|34|R$ 245.000,00
161924|Apartamento mobiliado de 40m² com 01 quarto para locação - Jardim Califórnia|Jardim Califórnia|1|1|1|40|R$ 280.000,00
207779|Apartamento de 237m² com 04 suítes à venda - Jardim Ilhas do Sul|Jardim Ilhas do Sul|4|6|4|237|R$ 1.800.000,00
192101|***OTIMO APARTAMENTO****||4|6|4|237|R$ 1.800.000,00
225134|Apartamento de 191m² com 03 suítes à venda em condomínio - Vila do Golf|Vila do Golf|3|4|3|191|R$ 1.880.000,00
234704|Apartamento de 218m² com 04 quartos para venda e locação - Bosque das Juritis|Bosque das Juritis|4|5|3|218|R$ 1.910.000,00
236663|Apartamento de 246m² com 04 suítes à - Jardim Botânico|Jardim Botânico|4|6|4|246|R$ 1.920.000,00
215591|Apartamento de 204m² com 04 quartos à venda - Jardim Olhos D`Água|Jardim Olhos DÁgua|4|4|3|204|R$ 1.932.010,00
139550|Apartamento térreo de 52m² com 02 quartos para locação e venda - Quintas de São José|Quintas de São José|2|2|1|52|R$ 360.000,00
231455|Apartamento de 227 m² com 04 suítes para venda - Ilhas do Sul.|Ilhas do Sul|3|5|4|227|R$ 1.950.000,00
88862|Apartamento de 69m² com 03 quartos para locação e venda - Jardim Paulista|Jardim Paulista|3|2|1|69|R$ 300.000,00
218006|Lançamento: Cidade de Milão - Apartamento de 204m² com 03 suítes à venda - Jardim Ilhas do Sul|Apartamento de 204m² com 03 suítes à venda Jardim Ilhas do Sul|3|4|3|204|R$ 1.985.670,00
240458|Apartamento de 197m² com 03 suítes à venda - Jardim Olhos D`Água|Jardim Olhos DÁgua|3|4|3|197|R$ 1.990.000,00
124661|APARTAMENTO ALTO PADRÃO NO CENTRO||4|5|4|442|R$ 1.600.000,00
115970|EXCELENTE APARTAMENTO ALTO PADRÃO PARA VENDA NO BAIRRO JARDIM IRAJÁ||4|6|4|336|R$ 1.600.000,00
236171|Apartamento mobiliado de 195m² com 03 suítes para locação e venda - Residencial Alto do Ipê|Residencial Alto do Ipê|3|5|5|195|R$ 2.000.000,00
177215|Apartamento de 197m² com 03 suítes à venda - Jardim Olhos D`Água II|Jardim Olhos DÁgua II|3|4|2|197|R$ 2.100.000,00
14915|Apartamento com 53m² com 2 quartos à venda - Jardim Anhanguera|Jardim Anhanguera|2|1|1|53|R$ 170.000,00
245108|Apartamento de 50m² com 02 quartos para venda - Heitor Rigon|Heitor Rigon|2|1|1|50|R$ 100.000,00
206156|Apartamento de 42m² com 02 quartos para locação - Jardim José Wilson Toni|Jardim José Wilson Toni|2|1|1|42|R$ 100.000,00
176885|****LINDO APARTAMENTO NO JOÃO ROSSI****||2|1|1|45|R$ 100.000,00
174905|APARTAMENTO NO RESIDENCIAL DAS AMÉRICAS||2|1|1|42|R$ 100.000,00
162569|APARTAMENTO PRÓXIMO À AVENIDA RENÊ OLIVA STRANG||2|1|1|42|R$ 100.000,00
150809|Apartamento da 48m² com 02 quartos à venda - Quintino Facci II|Quintino Facci II|2|1|1|48|R$ 100.000,00
150086|Apartamento de 42m² com 02 quartos à venda - Jardim Javari|Jardim Javari|2|1|1|42|R$ 100.000,00
158822|APARTAMENTO PRÓXIMO À RODOVIA ALEXANDRE BALBO||2|1|1|50|R$ 101.000,00
214574|Apartamento de 55m² com 01 quarto à venda - Jardim Castelo Branco|Jardim Castelo Branco|1|1|1|55|R$ 106.000,00
214571|Apartamento de 55m² com 01 quarto à venda - Jardim Castelo Branco|Jardim Castelo Branco|1|1|1|55|R$ 106.000,00
214568|Apartamento de 49m² com 01 quarto à venda - Jardim Castelo Branco|Jardim Castelo Branco|1|1|1|49|R$ 106.000,00
214565|Apartamento de 72m² com 01 quarto à venda - Jardim Castelo Branco|Jardim Castelo Branco|1|1|1|72|R$ 106.000,00
192176|Ótimo apartamento no Jardim João Rossi||2|1|1|74|R$ 106.000,00
150971|APARTAMENTO TÉRREO NO JOÃO ROSSI||2|1|1|41|R$ 106.000,00
129893|APARTAMENTO NO JARDIM JOÃO ROSSI||2|1|1|45|R$ 107.000,00
229565|Apartamento de 237m² com 03 suítes para venda e locação - Ilhas do Sul|Ilhas do Sul|3|5|4|237|R$ 2.400.000,00
98864|APARTAMENTO NA VILA VIRGNÍNIA||2|1|1|42|R$ 170.000,00
230804|Apartamento de 31m² com 01 quarto á venda - Vila Virgínia|Vila Virgínia|1|1|1|31|R$ 110.000,00
184886|Apartamento de 42m² com 2 quartos para venda - Nova Aliança|Nova Aliança|2|1|1|42|R$ 110.000,00
176099|APARTAMENTO NO JARDIM JAVARI||2|1|1|42|R$ 110.000,00
133472|Apartamento - Padrão|Padrão|2|1|1|42|R$ 110.000,00
105224|APARTAMENTO PRÓXIMO À RUA JAVARI||2|1|1|40|R$ 110.000,00
107537|APARTAMENTO NO JARDIM JOÃO ROSSI||2|1|1|63|R$ 112.000,00
242120|Apartamento de 42m² com 02 quartos à venda - Jardim Zara|Jardim Zara|2|1|1|42|R$ 110.000,00
187730|APARTAMENTO PRÓXIMO À RODOVIA ANHANGUERA||2|1|1|48|R$ 110.000,00
195914|Apartamento de 39m² com 02 quartos para venda - Residencial das Américas|Residencial das Américas|2|1|1|39|R$ 117.000,00
231245|Apartamento de 237m² com 03 suítes para venda - Ilhas do Sul|Ilhas do Sul|3|6|4|237|R$ 2.390.000,00
177431|Apartamento de 237m² com 03 suítes para venda e locação - Jardim Ilhas do Sul|Jardim Ilhas do Sul|3|6|4|237|R$ 2.500.000,00
104546|APARTAMENTO NO PRESIDENTE DUTRA||2|1|1|43|R$ 100.000,00
123884|APARTAMENTO PRÓXIMO AO NOVO MERCADÃO||2|1|1|41|R$ 104.000,00
227555|Apartamento de 44m² com 02 quartos à venda - Jardim Eugênio Mendes Lopes|Jardim Eugênio Mendes Lopes|2|2|1|44|R$ 115.000,00
245486|Apartamento/Padrão - 2 quartos para venda - Conjunto Habitacional João Rossi|"2 quartos para venda Conjunto Habitacional João Rossi"|2|1|1|42|R$ 120.000,00
245045|Apartamento de 48m² com 02 quartos para venda - Jardim Heitor Rigon|Jardim Heitor Rigon|2|1|1|48|R$ 120.000,00
236381|Apartamento de 48m² com 02 quartos à venda - Jardim Heitor Rigon|Jardim Heitor Rigon|2|1|1|48|R$ 120.000,00
231203|Apartamento de 43m² com 02 quartos á venda - Jardim Heitor Rigon|Jardim Heitor Rigon|2|1|1|43|R$ 120.000,00
231176|Apartamento de 41m² com 02 quartos para venda - João Rossi|João Rossi|2|1|1|41|R$ 120.000,00
222149|Apartamento de 45m² com 01 quarto à venda - Centro|Centro|1|1|1|45|R$ 120.000,00
215543|Apartamento de 44m² com 02 quartos para locação - Ipiranga|Ipiranga|2|1|1|44|R$ 120.000,00
197162|APARTAMENTO NA VILA VIRGINIA||2|1|1|62|R$ 120.000,00
190163|Apartamento de 47m² com 02 quartos à venda - Jardim das Palmeiras|Jardim das Palmeiras|2|1|1|47|R$ 120.000,00
187448|Apartamento - Padrão|Padrão|2|1|1|0|R$ 120.000,00
182075|APARTAMENTO PRÓXIMO À RUA CORONEL AMÉRICO BATISTA||2|1|1|42|R$ 120.000,00
178154|APARTAMENTO QUINTINO FACCI II||2|1|1|48|R$ 120.000,00
171017|APARTAMENTO NO RESIDENCIAL DAS AMÉRICAS 43m² com 02 quartos - Jardim Herculano Fernandes|Jardim Herculano Fernandes|2|1|1|43|R$ 120.000,00
156347|Apartamento de 39m² com 02 quartos - Residencial das Américas|Residencial das Américas|2|1|1|39|R$ 120.000,00
154742|APARTAMENTO NO JD CALIFÓRNIA||2|1|1|44|R$ 120.000,00
143399|Apartamento de 45m² com 02 quartos para venda - Jardim João Rossi|Jardim João Rossi|2|1|1|45|R$ 120.000,00
103847|Apartamento - Padrão|Padrão|2|1|1|46|R$ 120.000,00
18845|Apartamento kitnet de 32m² com 01 quarto para locação - Campos Elíseos|Campos Elíseos|1|1|1|32|R$ 120.000,00
236630|Apartamento de 43m² com 02 quartos à venda - Condomínio Uirapuru|Condomínio Uirapuru|2|1|1|43|R$ 121.000,00
146099|APARTAMENTO PRÓXIMO À ANHANGUERA||2|1|1|42|R$ 122.000,00
152582|Apartamento de 42m² com 02 quartos para locação e venda - Jardim Zara|Jardim Zara|2|1|1|42|R$ 110.000,00
242195|Apartamento de 42m² com 02 quartos à venda - Quintino Facci II|Quintino Facci II|2|1|1|42|R$ 125.000,00
177101|Apartamento - Padrão|Padrão|2|1|1|39|R$ 125.000,00
172877|APARTAMENTO TÉRREO NO JARDIM EUGÊNIO MENDES LOPES||2|1|1|44|R$ 125.000,00
129977|Apartamento - Padrão|Padrão|2|1|1|41|R$ 125.000,00
121811|Apartamento - Padrão|Padrão|2|1|1|64|R$ 125.000,00
53627|Apartamento de 43m² com 01 quarto para locação e venda - Centro|Centro|1|1|1|43|R$ 125.000,00
20318|APARTAMENTO PRÓXIMO À AVENIDA CARAMURU||1|1|2|42|R$ 125.000,00
17501|APARTAMENTO PARA LOCAÇÃO NO CENTRO DE RIBEIRÃO PRETO.||1|1|1|19|R$ 125.000,00
179879|APARTAMENTO NO RESIDENCIAL DAS AMÉRICAS||2|1|1|0|R$ 126.000,00
123494|Apartamento - Padrão|Padrão|1|1|1|38|R$ 127.000,00
162614|APARTAMENTO PRÓXIMO À RUA JAVARI||2|1|1|48|R$ 128.000,00
234863|Apartamento de 42m² com 02 quartos para venda - Vitta Via Norte.|Vitta Via Norte|2|1|1|42|R$ 129.000,00
219701|Apartamento de 39m² com 02 quartos à venda - Jardim Ipiranga|Jardim Ipiranga|2|1|1|39|R$ 129.000,00
174740|Apartamento com 42m² - Residencial das Américas|Residencial das Américas|2|1|1|42|R$ 129.000,00
159908|Apartamento de 45m² com 02 quartos para venda mobiliado - João Rossi|João Rossi|2|1|4|45|R$ 129.000,00
236363|Apartamento de 302m² com 04 suítes para venda e locação - Mirante Morro do Ipê|Mirante Morro do Ipê|4|6|4|302|R$ 2.700.000,00
106214|Apartamento - Padrão|Padrão|2|1|1|49|R$ 115.000,00
179777|Apartamento de 39m² com 02 quartos à venda - Residencial das Américas|Residencial das Américas|2|1|1|39|R$ 120.000,00
217661|Apartamento de 43m² com 02 quartos para locação - Condomínio Uirapuru|Condomínio Uirapuru|2|1|1|43|R$ 123.000,00
69875|Apartamento de 44m² com 01 quarto - Centro|Centro|1|1|1|44|R$ 125.000,00
38816|APARTAMENTO PRÓXIMO À AVENIDA CARAMURU||1|1|1|19|R$ 125.000,00
129164|Apartamento kitnet de 32m² com 01 quarto para locação e venda - Vila Monte Alegre|Vila Monte Alegre|1|1|1|32|R$ 129.000,00
244406|Apartamento de 31m² com 01 quarto para venda - Vila Amélia|Vila Amélia|1|1|1|31|R$ 130.000,00
242576|Apartamento de 43m² com 02 quartos à venda - Jardim Heitor Rigon|Jardim Heitor Rigon|2|1|1|43|R$ 130.000,00
242141|Apartamento de 43m² com 02 quartos à venda - Valentina Figueiredo|Valentina Figueiredo|2|1|1|43|R$ 130.000,00
241661|Apartamento de 55m² com 02 quartos para venda ? Vila Virgínia||2|1|1|55|R$ 130.000,00
241547|Apartamento de 46m² com 01 quarto à venda - Jardim Marchesi|Jardim Marchesi|1|1|1|46|R$ 130.000,00
239060|Apartamento de 42m² com 02 quartos à venda - Jardim João Rossi|Jardim João Rossi|2|1|1|42|R$ 130.000,00
228722|Apartamento de 48m² com 02 quartos à venda - Residencial das Américas|Residencial das Américas|2|1|1|48|R$ 130.000,00
227612|Apartamento de 55m² com 02 quartos à venda - Vila Virgínia|Vila Virgínia|2|1|1|55|R$ 130.000,00
224333|Apartamento de 42m² com 02 quartos para venda - Quintino Facci II|Quintino Facci II|2|1|1|42|R$ 130.000,00
222764|Apartamento de 48m² com 02 quartos à venda - Jardim Heitor Rigon|Jardim Heitor Rigon|2|1|1|48|R$ 130.000,00
221522|Apartamento de 39m² com 02 quartos à venda - Residencial das Américas|Residencial das Américas|2|1|1|39|R$ 130.000,00
216215|Apartamento de 42m² com 02 quartos para locação - Ribeirão Verde|Ribeirão Verde|2|1|1|42|R$ 130.000,00
208907|Apartamento de 43m² com 02 quartos à venda - Jardim Diva Tarla de Carvalho|Jardim Diva Tarla de Carvalho|2|1|1|43|R$ 130.000,00
204695|Apartamento de 43m² com 02 quartos à venda - Jardim Diva Tarla de Carvalho|Jardim Diva Tarla de Carvalho|2|1|1|43|R$ 130.000,00
201734|APARTAMENTO NO JOÃO ROSSI||2|1|1|42|R$ 130.000,00
199406|APARTAMENTO NO CENTRO||1|1|1|44|R$ 130.000,00
199121|APARTAMENTO NOVO PARA LOCAÇÃO E VENDA||2|1|1|42|R$ 130.000,00
197648|ÓTIMO APARTAMENTO NO HEITOR RIGON||2|1|1|43|R$ 130.000,00
193976|APARTAMENTO JD JOAO ROSSI||2|1|1|41|R$ 130.000,00
188747|APARTAMENTO NO GERALDO CORREIA DE CARVALHO||2|1|1|41|R$ 130.000,00
187613|APARTAMENTO NO RESIDENCIAL DAS AMÉRICAS||2|1|1|39|R$ 130.000,00
184385|APARTAMENTO PRÓXIMO À AVENIDA CARAMURU||2|1|1|59|R$ 130.000,00
181703|APARTAMENTO NO RESIDENCIAL DAS AMERICAS||2|1|1|43|R$ 130.000,00
171251|APARTAMENTO TERREO NO PQ. SÃO SEBASTIAO||1|1|1|40|R$ 130.000,00
171191|EXCELENTE APARTAMENTO TÉRREO NO PARQUE RIBEIRÃO||2|1|1|43|R$ 130.000,00
165527|APARTAMENTO RESIDENCIAL DAS AMÉRICAS||2|1|1|39|R$ 130.000,00
145142|APARTAMENTO TÉRREO PRÓXIMO À AVENIDA BRAZ OLAIA ACOSTA||2|1|1|41|R$ 130.000,00
142304|Apartamento de 39m² com 02 quartos á venda - Residencial das Américas|Residencial das Américas|2|1|1|39|R$ 130.000,00
124829|Apartamento - Padrão|Padrão|2|1|1|42|R$ 130.000,00
114320|Apartamento - Padrão|Padrão|2|1|1|41|R$ 134.900,00
213704|Apartamento de 42m² com 02 quartos à venda - Jardim Heitor Rigon|Jardim Heitor Rigon|2|1|1|42|R$ 125.000,00
245309|Apartamento de 45m² com 02 quartos à venda - Jardim João Rossi|Jardim João Rossi|2|1|1|45|R$ 135.000,00
242528|Apartamento de 42m² com 02 quartos à venda - Ribeirão Verde|Ribeirão Verde|2|1|1|42|R$ 135.000,00
231083|Apartamento de 42m² com 02 quartos à venda - Jardim Heitor Rigon|Jardim Heitor Rigon|2|2|1|42|R$ 135.000,00
230117|Apartamento de 43m² com 02 quartos à venda - Reserva Macaúba|Reserva Macaúba|2|1|1|43|R$ 135.000,00
229082|Apartamento/Padrão - Residencial - No bairro Recanto das Palmeiras - Condomínio Lar Itália|Residencial No bairro Recanto das Palmeiras Condomínio Lar Itália|2|1|1|42|R$ 135.000,00
228518|Apartamento de 48m² com 02 quartos à venda - Quintino Facci II|Quintino Facci II|2|1|1|48|R$ 135.000,00
226682|Apartamento de 41m² com 02 quartos à venda - Jardim João Rossi|Jardim João Rossi|2|1|1|41|R$ 135.000,00
226076|Apartamento de 48m² com 02 quartos à venda - Quintino Facci II|Quintino Facci II|2|1|1|48|R$ 135.000,00
225068|Apartamento de 43m² com 02 quartos á venda - Vitta Heitor Rigon III|Vitta Heitor Rigon III|2|1|1|43|R$ 135.000,00
221930|Apartamento de 41m² com 02 quartos à venda - Ipiranga|Ipiranga|2|1|1|41|R$ 135.000,00
198863|Apartamento de 41m² com 02 quartos para locação e venda - Conjunto Habitacional Sílvio Passalacqua|Conjunto Habitacional Sílvio Passalacqua|2|1|1|41|R$ 135.000,00
197078|APARTAMENTO NO PARQUE DOS PINUS||2|1|1|40|R$ 135.000,00
193376|APARTAMENTO PRÓXIMO À RODOVIA ANHANGUERA||2|1|1|48|R$ 135.000,00
179885|LINDO APARTAMENTO NO RESIDENCIAL DAS AMERICAS||1|1|1|48|R$ 135.000,00
179177|Apartamento de 48m² com 02 quartos à venda - Ipiranga|Ipiranga|2|1|1|48|R$ 135.000,00
163787|APARTAMENTO NO JARDIM HELENA||2|1|1|40|R$ 135.000,00
33935|APARTAMENTO PRÓXIMO À AVENIDA CARAMURU||1|1|1|42|R$ 135.000,00
142373|APARTAMENTO PRÓXIMO À AVENIDA JOÃO BATISTA DUARTE||2|1|1|48|R$ 136.000,00
183785|APARTAMENTO PRÓXIMO Á RODOVIA ANHANGUERA||2|1|1|46|R$ 137.000,00
206732|Apartamento de 42m² com 2 quartos à venda - Campos Elíseos|Campos Elíseos|2|1|1|42|R$ 137.800,00
179267|APARTAMENTO NO RESIDENCIAL DAS AMÉRICAS||2|1|1|39|R$ 137.800,00
125093|Apartamento de 02 quartos para locação - Heitor Rigon|Heitor Rigon|2|1|1|42|R$ 125.000,00
215108|Apartamento de 43m² com 02 quartos à venda - Jardim Heitor Rigon|Jardim Heitor Rigon|2|1|1|43|R$ 129.000,00
129473|Apartamento - Padrão|Padrão|2|1|1|46|R$ 132.000,00
175973|APARTAMENTO NO RESIDENCIAL DAS AMÉRICAS||2|1|1|44|R$ 138.000,00
164408|APARTAMENTO RESIDENCIAL DAS AMÉRICAS||2|1|1|0|R$ 138.000,00
147956|Apartamento de 41m² com 02 quartos - Jardim João Rossi|Jardim João Rossi|2|1|1|41|R$ 138.000,00
147110|APARTAMENTO PRÓXIMO AO SUPERMERCADO BIG COMPRAS||2|1|1|46|R$ 138.000,00
147083|APARTAMENTO PRÓXIMO À RODOVIA ANHANGUERA||2|1|1|48|R$ 138.000,00
137801|APARTAMENTO NO VILA VIRGINÍA||2|1|1|55|R$ 138.000,00
123983|APARTAMENTO NO JARDIM MARCHESI||2|1|1|43|R$ 138.000,00
235421|Apartamento térreo 02 quartos com 42m² a venda - Quintino Facci II|Quintino Facci II|2|1|1|42|R$ 129.000,00
169865|APARTAMENTO NO PARQUE SÃO SEBASTIÃO||2|1|1|45|R$ 130.000,00
244898|Apartamento de 37 m² com 01 quartos -Lagoinha|Lagoinha|1|1|1|37|R$ 139.000,00
244871|Apartamento de 43m² com 02 quartos à venda - Valentina Figueiredo|Valentina Figueiredo|2|1|1|43|R$ 139.000,00
235475|Apartamento de 43m² com 02 quartos à venda - Jardim Diva Tarla de Carvalho|Jardim Diva Tarla de Carvalho|2|1|1|43|R$ 139.000,00
228845|Apartamento de 42m² com 02 quartos para venda - Ipiranga|Ipiranga|2|1|1|42|R$ 139.000,00
224645|Apartamento térreo de 42m² com 02 quartos à venda - Quintino Facci II|Quintino Facci II|2|1|1|42|R$ 139.000,00
183188|****ÓTIMO APARTAMENTO****||2|1|1|48|R$ 139.000,00
169922|APARTAMENTO NO JARDIM JOÃO ROSSI||2|1|1|42|R$ 139.000,00
139487|APARTAMENTO NO PARQUE DOS LAGOS||2|1|1|45|R$ 139.000,00
128798|Apartamento - Padrão|Padrão|2|1|1|53|R$ 139.000,00
227600|Apartamento de 227m² com 04 suítes à venda - Jardim Ilhas do Sul|Jardim Ilhas do Sul|4|6|4|227|R$ 1.950.000,00
234023|Apartamento de 254m² com 04 suítes para venda e locação - Jardim Olhos D`Água|Jardim Olhos DÁgua|4|6|4|254|R$ 2.200.000,00
225467|Apartamento - Padrão|Padrão|4|6|4|243|R$ 2.000.000,00
202016|APARTAMENTO NO GERALDO DE CARVALHO||2|1|1|48|R$ 120.000,00
127100|APARTAMENTO NOVO NO JARDIM HEITOR RIGON||2|1|1|42|R$ 129.000,00
221429|Apartamento de 41m² com 02 quartos para locação e venda - Sílvio Passalacqua|Sílvio Passalacqua|2|1|1|41|R$ 130.000,00
82289|Apartamento - Padrão|Padrão|2|1|1|55|R$ 130.000,00
231086|Apartamento de 43m² com 02 quartos á venda - Jardim Heitor Rigon|Jardim Heitor Rigon|2|2|1|43|R$ 135.000,00
200147|UMA OTIMA OPORTUNIDADE||2|1|1|44|R$ 135.000,00
192353|LINDO APARTAMENTO NO VITTA IPIRANGA PREÇO DE OPORTUNIDADE||1|1|1|45|R$ 135.000,00
242540|Apartamento de 44m² com 02 quartos à venda - Jardim Itaú|Jardim Itaú|2|1|1|44|R$ 140.000,00
239669|Apartamento de 42m² com 02 quartos à venda - Jardim Heitor Rigon|Jardim Heitor Rigon|2|1|1|42|R$ 140.000,00
239204|Apartamento de 42m² com 02 quartos à venda - Jardim João Rossi|Jardim João Rossi|2|1|1|42|R$ 140.000,00
239174|Apartamento de 41m² com 02 quartos para venda - Jardim Silvio Passalacqua|Jardim Silvio Passalacqua|2|1|1|41|R$ 140.000,00
237797|Apartamento de 50m² com 02 quartos à venda - Heitor Rigon|Heitor Rigon|2|1|1|50|R$ 140.000,00
237263|Apartamento de 40m² com 02 quartos para locação e venda - Reserva Real|Reserva Real|2|1|1|40|R$ 140.000,00
236420|Apartamento de 42m² com 02 quartos à venda - Jardim Heitor Rigon|Jardim Heitor Rigon|2|1|1|42|R$ 140.000,00
235907|Apartamento térreo com quintal de 49m² com 02 quartos à venda - Jardim Marchesi|Jardim Marchesi|2|1|1|49|R$ 140.000,00
233864|Apartamento de 42m² com 02 quartos para venda - Ribeirão Verde|Ribeirão Verde|2|1|1|42|R$ 140.000,00
232424|Apartamento de 42m² com 02 quartos à venda - Residencial Parque dos Servidores|Residencial Parque dos Servidores|2|1|1|42|R$ 140.000,00
229754|Apartamento de 42m² com 02 quartos - Heitor Rigon|Heitor Rigon|2|1|1|42|R$ 140.000,00
229505|Apartamento de 40m² com 02 quartos à venda - Parque dos Pinus|Parque dos Pinus|2|1|1|40|R$ 140.000,00
228608|Apartamento de 47m² com 02 quartos à venda - Jardim José Figueira|Jardim José Figueira|2|1|1|47|R$ 140.000,00
227138|Apartamento de 42m² com 02 quartos para venda - Ipiranga|Ipiranga|2|1|1|42|R$ 140.000,00
224588|Apartamento de 42m² com 02 quartos à venda - Ipiranga|Ipiranga|2|1|1|42|R$ 140.000,00
216680|Apartamento de 43m² com 02 quartos à venda - Jardim Diva Tarlá de Carvalho|Jardim Diva Tarlá de Carvalho|2|1|1|43|R$ 140.000,00
190784|Apartamento de 42 m² com 02 quartos - Vila Pompeia|Vila Pompeia|2|1|1|42|R$ 140.000,00
178775|LINDO APARTAMENTO NO DUTRA 2||2|1|1|55|R$ 140.000,00
162665|Apartamento - Padrão|Padrão|2|1|1|43|R$ 140.000,00
161699|APARTAMENTO PRÓXIMO À RODOVIA ANHANGUERA||2|1|1|44|R$ 140.000,00
159653|APARTAMENTO PRÓXIMO À RODOVIA ANHANGUERA||1|1|1|40|R$ 140.000,00
158024|APARTAMENTO PRÓXIMO À RUA CORONEL AMÉRICO BATISTA||2|1|1|42|R$ 140.000,00
157856|Apartamento de 49m² com 02 quartos para venda - Jardim José Wilson Toni|Jardim José Wilson Toni|2|1|1|49|R$ 140.000,00
148994|APARTAMENTO PRÓXIMO À RODOVIA ALEXANDRE BALBO||2|1|1|42|R$ 140.000,00
148433|Apartamento na Vila Virginia próximo ao Centro||2|1|1|56|R$ 140.000,00
147413|APARTAMENTO PRÓXIMO À AVENIDA TREZE DE MAIO||1|1|1|41|R$ 140.000,00
146777|Apartamento de 02 quartos para venda - Jardim Vilico Cantarelli|Jardim Vilico Cantarelli|2|1|1|45|R$ 140.000,00
146240|Apartamento de 48m² com 02 quartos à venda - Ipiranga|Ipiranga|2|1|1|48|R$ 140.000,00
144869|Apartamento de 42m² com 02 quartos para venda e locação - Valentina Figueiredo|Valentina Figueiredo|2|1|1|42|R$ 140.000,00
141398|Apartamento de 43m² com 02 quartos para locação - Valentina Figueiredo|Valentina Figueiredo|2|1|1|43|R$ 140.000,00
135302|LINDO APARTAMENTO||2|1|1|47|R$ 140.000,00
127865|KIT PRÓXIMO À AVENIDA INDEPENDÊNCIA||1|1|1|32|R$ 140.000,00
125375|Apartamento - Padrão|Padrão|2|1|1|48|R$ 140.000,00
123971|Apartamento - Padrão|Padrão|2|1|1|45|R$ 140.000,00
121670|KIT NO CENTRO, PRÓXIMO AO COC||1|1|1|34|R$ 140.000,00
115061|Apartamento de 42m² com 02 quartos para venda - Jardim Zara|Jardim Zara|2|1|1|42|R$ 140.000,00
100088|Kitnet de 34m² com 01 quarto - Centro|Centro|1|1|1|34|R$ 140.000,00
70310|EXCELENTE APARTAMENTO PRÓXIMO À USP||1|1|1|32|R$ 140.000,00
173528|APARTAMENTO NO PARQUE RIBEIRÃO||2|1|1|43|R$ 141.000,00
243164|Apartamento térreo de 42m² com 02 quartos para venda - Vitta Heitor Rigon II|Vitta Heitor Rigon II|2|1|1|42|R$ 136.000,00
232616|Apartamento de 42m² com 02 quartos à venda - Jardim José Wilson Toni|Jardim José Wilson Toni|2|1|1|42|R$ 142.000,00
239534|Apartamento de 41m² com 02 quartos à venda - Reserva Real|Reserva Real|2|1|1|41|R$ 144.000,00
225929|Apartamento de 48m² com 02 quartos à venda - Parque São Sebastião|Parque São Sebastião|2|1|2|48|R$ 144.000,00
175244|APARTAMENTO TÉRREO NO QUINTINO FACCI II||2|1|1|42|R$ 144.000,00
120023|Apartamento - Padrão|Padrão|2|1|1|61|R$ 144.000,00
99227|APARTAMENTO NO JOSÉ SAMPAIO||2|1|1|48|R$ 144.000,00
228716|Apartamento de 42m² com 02 quartos à venda - Heitor Rigon|Heitor Rigon|2|1|1|42|R$ 119.000,00
221609|Apartamento de 43m² com 02 quartos à venda - Condomínio Uirapuru|Condomínio Uirapuru|2|1|1|43|R$ 140.000,00
245621|Apartamento 2 quartos a venda Jardim João Rossi||2|1|1|42|R$ 145.000,00
244109|Apartamento de 41m² com 02 quartos à venda - Reserva Real|Reserva Real|2|1|1|41|R$ 145.000,00
243317|Apartamento de 43m² com 02 quartos à venda - Valentina Figueiredo|Valentina Figueiredo|2|1|1|43|R$ 145.000,00
239126|Apartamento de 42m² com 02 quartos à venda - Ipiranga|Ipiranga|2|1|1|42|R$ 145.000,00
237293|Apartamento de 40m² com 02 quartos à venda - Reserva Real|Reserva Real|2|1|1|40|R$ 145.000,00
236216|Apartamento de 43m² com 02 quartos à venda - Jardim Heitor Rigon|Jardim Heitor Rigon|2|1|1|43|R$ 145.000,00
235799|Apartamento de 43m² Térreo com 02 quartos á venda - Jardim Diva Tarla de Carvalho|Jardim Diva Tarla de Carvalho|2|1|1|43|R$ 145.000,00
233396|Apartamento de 43m² com 02 quartos para Venda - Jardim Diva Tarlá de Carvalho|Jardim Diva Tarlá de Carvalho|2|1|1|43|R$ 145.000,00
233096|Apartamento térreo de 37m² com 01 quarto - Alto do Ipiranga|Alto do Ipiranga|1|1|1|37|R$ 145.000,00
222617|Apartamento de 40m² com 02 quartos à venda - Parque dos Pinus|Parque dos Pinus|2|1|1|40|R$ 145.000,00
212219|Apartamento de 43m² com 02 quartos à venda - Jardim Diva Tarlá de Carvalho|Jardim Diva Tarlá de Carvalho|2|1|1|43|R$ 145.000,00
207578|Apartamento de 41.85m² com 2 quartos à venda - Bairro Reserva Real|Bairro Reserva Real|2|1|1|85|R$ 145.000,00
207365|Apartamento de 41m² com 02 quartos à venda - Conjunto Habitacional Sílvio Passalacqua|Conjunto Habitacional Sílvio Passalacqua|2|1|1|41|R$ 145.000,00
199151|APARTAMENTO NO PAULO GOMES||2|1|1|42|R$ 145.000,00
189365|OPORTUNIDADE VITTA VILA VIRGINIA I||2|1|1|49|R$ 145.000,00
186296|EXCELENTE APARTAMENTO NO JARDIM JOSÉ SAMPAIO JUNIOR||2|1|1|42|R$ 145.000,00
183074|APARTAMENTO PRÓXIMO À UNIVERSIDADE BARÃO DE MAUÁ||2|1|1|52|R$ 145.000,00
173705|APARTAMENTO TÉRREO NO PARQUE DOS SERVIDORES||2|1|1|0|R$ 145.000,00
170834|APARTAMENTO NO JARDIM VILICO CANTARELLI||2|1|1|40|R$ 145.000,00
159545|Apartamento - Padrão|Padrão|2|1|1|42|R$ 145.000,00
148451|APARTAMENTO PRÓXIMO À RODOVIA ANHANGUERA||2|1|1|42|R$ 145.000,00
146255|ÓTIMA OPORTUNIDADE!!!||2|1|1|56|R$ 145.000,00
141053|Apartamento de 42m² com 02 quartos à venda - Ipiranga|Ipiranga|2|1|1|42|R$ 145.000,00
112163|Apartamento de 47 m² com 02 quartos - Jardim Paulistano|Jardim Paulistano|2|1|1|47|R$ 130.000,00
185951|APARTAMENTO NO BAIRRO RIBEIRÃO VERDE||2|1|1|42|R$ 146.000,00
233765|Apartamento de 41m² com 02 quartos á venda - Jardim José Sampaio Júnior|Jardim José Sampaio Júnior|2|1|1|41|R$ 140.000,00
244532|Apartamento de 40m² com 2 quartos à venda - Palácio de Versalhes|Palácio de Versalhes|2|1|1|40|R$ 147.000,00
234368|Apartamento de 42m² com 02 quartos à venda - Planalto Verde|Planalto Verde|2|1|1|42|R$ 147.000,00
220316|Apartamento de 43m² com 02 quartos à venda - Jardim Heitor Rigon lll|Jardim Heitor Rigon lll|2|1|1|43|R$ 130.000,00
231314|Apartamento de 43m² com 02 quartos à venda - Jardim Heitor Rigon|Jardim Heitor Rigon|2|1|1|43|R$ 148.000,00
203855|APARTAMENTO TÉRREO À VENDA NO BAIRRO VALENTINA FIGUEIREDO||2|1|1|42|R$ 148.000,00
125096|Apartamento de 02 quartos para locação - Heitor Rigon|Heitor Rigon|2|1|1|42|R$ 130.000,00
245471|Apartamento de 43m² com 02 quartos à venda - Valentina Figueiredo|Valentina Figueiredo|2|1|1|43|R$ 149.000,00
223892|Apartamento de 42m² com 02 quartos à venda - Jardim José Wilson Toni|Jardim José Wilson Toni|2|1|1|42|R$ 149.000,00
223829|Apartamento de 42m² com 02 quartos à venda - Valentina Figueiredo|Valentina Figueiredo|2|1|1|42|R$ 149.000,00
219449|Apartamento de 41m² com 02 quartos à venda - Ipiranga|Ipiranga|2|1|1|41|R$ 149.000,00
167549|Apartamento de 48m² com 02 quartos à venda - Jardim Heitor Rigon|Jardim Heitor Rigon|2|1|1|48|R$ 149.000,00
165956|APARTAMENTO NO CENTRO||1|1|1|40|R$ 149.000,00
151424|APARTAMENTO PRÓXIMO À RODOVIA ANHANGUERA||2|1|1|42|R$ 149.000,00
149369|APARTAMENTO PRÓXIMO À RODOVIA ANHANGUERA||2|1|1|42|R$ 149.000,00
236417|Apartamento de 40m² com 02 quartos à venda - Reserva Real|Reserva Real|2|1|1|40|R$ 149.900,00
182480|Apartamento Porteira fechada de 170m² com 03 suítes à venda - Vila do Golfe|Vila do Golfe|3|5|3|170|R$ 1.950.000,00
212750|Apartamento de 298m² com 04 suítes à venda - Jardim Olhos D`Água|Jardim Olhos DÁgua|4|7|4|298|R$ 2.490.000,00
231308|Apartamento mobiliado de 278m² com 05 quartos para locação - Ribeirânia|Ribeirânia|5|8|4|278|R$ 2.600.000,00
234722|Apartamento de alto padrão de 292 m² com 03 suítes para locação e venda - Jardim Botânico.|Jardim Botânico|3|7|4|292|R$ 2.800.000,00
223040|Apartamento de 42m² com 02 quartos à venda - Ipiranga|Ipiranga|2|1|1|42|R$ 129.000,00
173258|APARTAMENTO NO PARQUE RIBEIRÃO||2|1|1|60|R$ 130.000,00
186368|Apartamento de 40m² com 02 quartos - Jardim Helena|Jardim Helena|2|1|1|40|R$ 138.000,00
125903|Apartamento de 49m² com 02 quartos à venda - Vila Abranches|Vila Abranches|2|1|1|49|R$ 138.000,00
212540|Apartamento com 48m² com 2 quartos -No Bairro Ipiranga.|No Bairro Ipiranga|2|1|1|48|R$ 140.000,00
122201|APARTAMENTO PRÓXIMO À RODOVIA ANHANGUERA||2|1|1|42|R$ 140.000,00
121835|APARTAMENTO NO CENTRO||1|1|1|34|R$ 140.000,00
192146|LINDO APARTAMENTO NO JARDIM HEITOR RIGON||2|1|1|43|R$ 145.000,00
183395|Exclusividade - Apartamento de 02 dormitórios para locação - Residencial das Américas|Apartamento de 02 dormitórios para locação Residencial das Américas|2|1|1|46|R$ 145.000,00
244703|Apartamento de 41m² com 02 quartos para venda e locação - Conjunto Habitacional Sílvio Passalacqua|Conjunto Habitacional Sílvio Passalacqua|2|1|1|41|R$ 150.000,00
244079|Apartamento de 02 quartos para locação - Lar Itália|Lar Itália|2|1|1|45|R$ 150.000,00
243158|Apartamento de 41m² com 01 quarto à venda - Nova Aliança|Nova Aliança|1|1|1|41|R$ 150.000,00
241511|Apartamento de 42m² com 02 quartos à venda - Planalto Verde|Planalto Verde|2|1|1|42|R$ 150.000,00
240707|Apartamento de 43m² com 02 quartos à venda - Reserva Macaúba|Reserva Macaúba|2|1|1|43|R$ 150.000,00
240683|Apartamento de 52m² com 02 quartos à venda - Jardim Palma Travassos|Jardim Palma Travassos|2|1|1|52|R$ 150.000,00
238103|Apartamento de 42m² com 02 quartos à venda - Planalto Verde|Planalto Verde|2|1|1|42|R$ 150.000,00
237560|Apartamento todo reformado, 2 dormitórios completo com armários, banheiro social com box e espelho, sala de TV, cozinha rica em armários, 1 vaga de garagem. Vista eterna para praça. 2° e último andar Elevador 1 vaga car||2|1|1|48|R$ 150.000,00
235622|Apartamento de 41m² com 02 quartos à venda - Jardim João Rossi|Jardim João Rossi|2|1|1|41|R$ 150.000,00
235337|Apartamento com 41m² com 02 quartos à venda - Reserva Real|Reserva Real|2|1|1|41|R$ 150.000,00
235121|Apartamento com 41m² com 02 quartos à venda - Reserva Real|Reserva Real|2|1|1|41|R$ 150.000,00
234941|APARTAMENTO PRÓXIMO À RODOVIA ANHANGUERA||2|1|1|42|R$ 150.000,00
233882|Apartamento de 48m² com 02 quartos à venda - Quintino Facci II|Quintino Facci II|2|1|1|48|R$ 150.000,00
232940|Apartamento completo em Planejados||2|1|1|45|R$ 150.000,00
231017|Apartamento de 40m² com 02 quartos à venda - Jardim Itaú|Jardim Itaú|2|1|1|40|R$ 150.000,00
230594|Apartamento de 50m² com 02 quartos à venda - Heitor Rigon|Heitor Rigon|2|1|1|50|R$ 150.000,00
225122|Apartamento com 41m² com 02 quartos à venda - Reserva Real|Reserva Real|2|1|1|41|R$ 150.000,00
223220|Apartamento de 46m² com 02 quartos à venda - Jardim Heitor Rigon|Jardim Heitor Rigon|2|1|1|46|R$ 150.000,00
223160|Apartamento de 42m² com 02 quartos à venda - Valentina Figueiredo|Valentina Figueiredo|2|1|1|42|R$ 150.000,00
222128|Apartamento de 42m² com 02 quartos para locação - Jardim Florestan Fernandes|Jardim Florestan Fernandes|2|1|1|42|R$ 150.000,00
220370|Apartamento de 45m² com 02 quartos à venda - Jardim Anhanguera|Jardim Anhanguera|2|1|1|45|R$ 150.000,00
220325|Apartamento de 42m² com 02 quartos para locação e venda - Jardim José Wilson Toni|Jardim José Wilson Toni|2|1|1|42|R$ 150.000,00
217958|Apartamento de 43m² com 02 quartos à venda - Jardim Diva Tarlá de Carvalho|Jardim Diva Tarlá de Carvalho|2|1|1|43|R$ 150.000,00
216647|Apartamento de 41m² com 02 quartos para locação - Reserva Real|Reserva Real|2|1|1|41|R$ 150.000,00
215741|Apartamento de 40m² com 02 quartos à venda - Jardim Ouro Branco|Jardim Ouro Branco|2|1|1|40|R$ 150.000,00
212618|Apartamento 46m² com 02 quartos à venda - Ipiranga|Ipiranga|2|1|1|46|R$ 150.000,00
206204|Apartamento de 42m² com 02 quartos à venda - Quintino Facci II|Quintino Facci II|2|1|1|42|R$ 150.000,00
205442|Apartamento de 39m² com 02 quartos à venda - Residencial das Américas|Residencial das Américas|2|1|1|39|R$ 150.000,00
200360|APARTAMENTO NO JOÃO ROSSI||2|1|1|42|R$ 150.000,00
199847|APARTAMENTO JARDIM MARCHESI||2|1|1|47|R$ 150.000,00
197807|APARTAMENTO 1º ANDAR PARQUE ROMANO||1|1|1|52|R$ 150.000,00
193718|Apartamento - Padrão|Padrão|2|1|1|42|R$ 150.000,00
191246|APARTAMENTO NO JARDIM PAULISTA||1|1|1|38|R$ 150.000,00
184004|APARTAMENTO NO RIBEIRÃO VERDE||2|1|1|42|R$ 150.000,00
183449|APARTAMENTO PRÓXIMO À AVENIDA JOÃO BATISTA DUARTE||2|1|1|43|R$ 150.000,00
183446|APARTAMENTO PRÓXIMO À AVENIDA JOÃO BATISTA DUARTE||2|1|1|43|R$ 150.000,00
183443|APARTAMENTO PRÓXIMO À AVENIDA JOÃO BATISTA DUARTE||2|1|1|43|R$ 150.000,00
183440|APARTAMENTO PRÓXIMO À AVENIDA JOÃO BATISTA DUARTE||2|1|1|43|R$ 150.000,00
183437|APARTAMENTO PRÓXIMO À AVENIDA JOÃO BATISTA DUARTE||2|1|1|43|R$ 150.000,00
183428|APARTAMENTO PRÓXIMO À AVENIDA JOÃO BATISTA DUARTE||2|1|1|43|R$ 150.000,00
183425|APARTAMENTO PRÓXIMO À AVENIDA JOÃO BATISTA DUARTE||2|1|1|43|R$ 150.000,00
183401|APARTAMENTO PRÓXIMO À AVENIDA MARECHAL COSTA E SILVA||2|1|1|42|R$ 150.000,00
181778|Apartamento de 42m² com 02 quartos à venda - Jardim Vilico Cantarelli|Jardim Vilico Cantarelli|2|1|1|42|R$ 150.000,00
180932|APARTAMENTO NO IPIRANGA||2|1|1|49|R$ 150.000,00
180053|Apartamento de 55m² com 02 quartos à venda - Vila Virgínia|Vila Virgínia|2|1|1|55|R$ 150.000,00
176894|APARTAMENTO NO JARDIM DIVA TARLÁ DE CARVALHO||2|1|1|43|R$ 150.000,00
176057|APARTAMENTO NO JARDIM DAS PALMEIRAS||2|1|1|43|R$ 150.000,00
174878|APARTAMENTO NO JARDIM DIVA TARLÁ DE CARVALHO||2|1|1|43|R$ 150.000,00
171656|APARTAMENTO PRÓXIMO À RODOVIA ANHANGUERA||2|1|1|48|R$ 150.000,00
168422|APARTAMENTO NO JARDIN ZARA||2|1|1|48|R$ 150.000,00
167933|APARTAMENTO PRÓXIMO À RUA JAVARI||2|1|1|50|R$ 150.000,00
166100|****APARTAMENTO PRÓXIMO AO ATACADÃO****||2|1|1|43|R$ 150.000,00
165971|Kitnet de 34m² com 01 quarto para locação - Centro|Centro|1|1|1|34|R$ 150.000,00
159743|APARTAMENTO PRÓXIMO À VIA NORTE||2|1|1|43|R$ 150.000,00
159731|APARTAMENTO NO HEITOR RIGON||2|1|1|46|R$ 150.000,00
158540|Apartamento de 42,50m² com 02 quartos para locação - Jardim José Wilson Toni|Jardim José Wilson Toni|2|1|1|50|R$ 150.000,00
150566|APARTAMENTO PRÓXIMO Á ROD. ANHANGUERA||2|1|1|42|R$ 150.000,00
148055|Apartamento de 01 quarto para venda - Centro|Centro|1|1|1|39|R$ 150.000,00
144995|APARTAMENTO PRÓXIMO AO SUPERMERCADO MIALICH||2|1|1|43|R$ 150.000,00
144647|APARTAMENTO PRÓXIMO A RODOVIA ANHANGUERA||2|1|1|42|R$ 150.000,00
141452|APARTAMENTO PRÓXIMO À AVENIDA LUIGI ROSIELO||1|1|1|45|R$ 150.000,00
136562|APARTAMENTO NO CENTRO||1|1|1|47|R$ 150.000,00
133106|Apartamento de 63m² com 02 quartos para venda- Jardim Florestan Fernandes.|Jardim Florestan Fernandes|2|1|1|63|R$ 150.000,00
130736|Apartamento - Padrão|Padrão|2|1|1|42|R$ 150.000,00
130199|Apartamento - Padrão|Padrão|2|1|1|41|R$ 150.000,00
125273|Apartamento - Padrão|Padrão|2|1|1|48|R$ 150.000,00
124259|APARTAMENTO NO MONTE ALEGRE||1|1|1|32|R$ 150.000,00
119426|APARTAMENTO NO RESIDENCIAL DAS AMÉRICAS||2|1|1|43|R$ 150.000,00
116726|APARTAMENTO NO JARDIM ITAÚ||2|1|1|44|R$ 150.000,00
116171|APARTAMENTO NO RIBEIRÃO VERDE||2|1|1|60|R$ 150.000,00
115361|Apartamento de 42m² com 02 quartos à venda - Vila Virgínia|Vila Virgínia|2|1|1|42|R$ 150.000,00
113390|Apartamento - Padrão|Padrão|2|1|1|42|R$ 150.000,00
104753|KITNET NO CAMPOS ELÍSEOS||1|1|1|32|R$ 150.000,00
89138|Apartamento de 48m² com com 02 quartos - Quintino Facci II|Quintino Facci II|2|1|1|48|R$ 150.000,00
87446|Apartamento - Padrão|Padrão|2|1|1|50|R$ 150.000,00
74651|Apartamento - Padrão|Padrão|2|1|1|0|R$ 150.000,00
43100|Apartamento de 45m² com 01 quarto - Centro|Centro|1|1|1|45|R$ 150.000,00
224927|Apartamento de 41m² com 02 quartos à venda - Ipiranga|Ipiranga|2|1|1|41|R$ 150.000,00
85805|Apartamento - Padrão|Padrão|2|1|1|0|R$ 151.000,00
142577|APARTAMENTO PRÓXIMO À AVENIDA VIRGILIO SOEIRA||2|1|1|42|R$ 142.000,00
241478|Apartamento de 42m² com 02 quartos à venda - Campos Elíseos|Campos Elíseos|2|1|1|42|R$ 152.000,00
179252|APARTAMENTO NA VILA ABRANCHES||2|1|1|46|R$ 152.000,00
139337|APARTAMENTO NO RESERVA REAL||2|1|1|41|R$ 152.000,00
215147|Apartamento térreo de 42m² com 02 quartos à venda -||2|1|1|42|R$ 153.000,00
154082|APARTAMENTO PRÓXIMO À AVENIDA JOSÉ ANTÔNIO FERRAREZI||2|1|1|41|R$ 153.000,00
237332|Apartamento de 48m² com 2 quartos à venda - Geraldo Correa de Carvalho|Geraldo Correa de Carvalho|2|1|1|48|R$ 154.000,00
231095|Apartamento de 43m² com 02 quartos à venda - Reserva Macaúba|Reserva Macaúba|2|1|1|43|R$ 145.000,00
205451|Apartamento de 45m² com 02 quartos à venda - Parque São Sebastião|Parque São Sebastião|2|1|1|45|R$ 145.000,00
218240|Apartamento de 42m² com 02 quartos à venda - Chácaras Pedro Corrêa de Carvalho|Chácaras Pedro Corrêa de Carvalho|2|1|1|42|R$ 150.000,00
238586|Apartamento de 37m² com 01 quarto à venda - Parque Industrial Lagoinha|Parque Industrial Lagoinha|1|1|1|37|R$ 155.000,00
235778|Apartamento de 40m² com 02 quartos à venda - Reserva Real|Reserva Real|2|1|1|40|R$ 155.000,00
232994|Apartamento de 52m² com 02 quartos à venda - Jardim Palma Travassos|Jardim Palma Travassos|2|1|1|52|R$ 155.000,00
226901|Apartamento de 42m² com 2 quartos à venda - Jardim João Rossi|Jardim João Rossi|2|1|1|42|R$ 155.000,00
225029|Apartamento de 43m² com 02 quartos à venda - Reserva Macaúba|Reserva Macaúba|2|1|1|43|R$ 155.000,00
223988|Apartamento reformado de 41m² com 02 quartos à venda - Reserva Real|Reserva Real|2|1|1|41|R$ 155.000,00
218207|Apartamento de 46m² com 02 quartos à venda - Parque Ribeirão|Parque Ribeirão|2|1|1|46|R$ 155.000,00
210053|Apartamento de 41m² com 02 quartos à venda - Reserva Real|Reserva Real|2|1|1|41|R$ 155.000,00
206765|Apartamento de 42m² com 02 quartos à venda - Quintino Facci II|Quintino Facci II|2|1|1|42|R$ 155.000,00
189215|EXCELENTE APARTAMENTO PRÓXIMO À RUA JAVARI||2|1|1|48|R$ 155.000,00
183410|APARTAMENTO PRÓXIMO À RODOVIA ALEXANDRE BABLBO||2|1|1|43|R$ 155.000,00
183407|APARTAMENTO PRÓXIMO À RODOVIA ALEXANDRE BALBO||2|1|1|43|R$ 155.000,00
183386|APARTAMENTO PRÓXIMO À AVENIDA JULIETA ENGRÁCIA||2|1|1|43|R$ 155.000,00
156758|APARTAMENTO PRÓXIMO À AVENIDA JOSÉ ANTÔNIO FERRAREZI||2|1|1|41|R$ 155.000,00
147764|APARTAMENTO PRÓXIMO À RUA PORTO SEGURO||2|1|1|47|R$ 155.000,00
144266|APARTAMENTO PRÓXIMO À RODOVIA ANHANGUERA||2|1|1|42|R$ 155.000,00
136268|Apartamento de 40m² com 02 quartos para locação - Jardim Zara|Jardim Zara|2|1|1|40|R$ 155.000,00
113705|Apartamento - Padrão|Padrão|2|1|1|48|R$ 156.928,00
122720|APARTAMENTO NO IPIRANGA||2|1|1|40|R$ 157.000,00
230744|Apartamento de 41m² com 02 quartos - Reserva Imperial|Reserva Imperial|2|1|1|41|R$ 158.000,00
178043|APARTAMENTO NO JARDIM OURO BRANCO||2|1|1|0|R$ 158.000,00
152702|Apartamento de 02 quartos para locação - Vila Virginia|Vila Virginia|2|1|1|42|R$ 158.000,00
226643|Apartamento de 48m² com 02 quartos à venda - Jardim Manoel Penna|Jardim Manoel Penna|2|1|1|48|R$ 149.999,00
136991|APARTAMENTO PRÓXIMO À AVENIDA BARÃO DO BANANAL||2|1|1|43|R$ 150.000,00
244178|Apartamento de 41m² com 02 quartos à venda - Reserva Real|Reserva Real|2|1|1|41|R$ 159.000,00
243374|Apartamento de 31m² com 01 quarto à venda - Vila Virgínia|Vila Virgínia|1|1|1|31|R$ 159.000,00
242582|Apartamento de 43m² com 02 quartos para venda - Vitta Heitor Rigon III|Vitta Heitor Rigon III|2|1|1|43|R$ 159.000,00
235223|Apartamento de 45m² com 02 quartos á venda - Parque dos Lagos|Parque dos Lagos|2|1|1|45|R$ 159.000,00
234914|Apartamento de 43m² com 02 quartos para Venda - Jardim Diva Tarlá de Carvalho|Jardim Diva Tarlá de Carvalho|2|1|1|43|R$ 159.000,00
222812|Apartamento de 41m² com 02 quartos à venda - Reserva Real|Reserva Real|2|1|1|41|R$ 159.000,00
219620|Apartamento térreo de 40m² com 02 quartos à venda - Reserva Real|Reserva Real|2|1|1|40|R$ 159.000,00
217919|Apartamento de 42m² com 02 quartos à venda - Recreio Anhanguera|Recreio Anhanguera|2|1|1|42|R$ 159.000,00
180440|APARTAMENTO EM ÓTIMA LOCALIZAÇÃO||2|1|1|41|R$ 159.000,00
180368|APARTAMENTO NA VALENTINA FIGUEIREDO||2|1|1|43|R$ 159.000,00
179180|APARTAMENTO NO PARQUE SÃO SEBASTIÃO||2|1|1|46|R$ 159.000,00
146051|APARTAMENTO TÉRREO PRÓXIMO À RUA GENERAL CÂMARA||2|1|1|41|R$ 159.000,00
137234|Apartamento de 48m² com 02 quartos para locação - Parque São Sebastião|Parque São Sebastião|2|1|1|48|R$ 159.000,00
136559|Apartamento de 48m² com 02 quartos à venda - Ipiranga|Ipiranga|2|1|1|48|R$ 159.000,00
107363|Apartamento - Padrão|Padrão|2|1|1|49|R$ 159.000,00
81545|Apartamento de 42m² colm 02 quartos à venda - Jardim Javari|Jardim Javari|2|1|1|42|R$ 159.000,00
240677|Apartamento de 48m² com 02 quartos à venda - Ipiranga|Ipiranga|2|1|1|48|R$ 130.000,00
209075|Apartamento de 50m² com 01 quartos à venda -No bairro Jardim Paulistano|No bairro Jardim Paulistano|1|1|1|50|R$ 135.000,00
147521|Apartamento de 59m² com 02 quartos para venda - Independência|Independência|2|1|1|59|R$ 135.000,00
97256|Apartamento de 1 quarto à venda- Parque Anhanguera|Parque Anhanguera|1|1|1|32|R$ 135.000,00
202001|Apartamento de 46m² com 2 quartos à - Parque São Sebastião|Parque São Sebastião|2|1|1|46|R$ 140.000,00
127160|Apartamento de 45m² com 01 quarto à venda - Centro|Centro|1|1|1|45|R$ 140.000,00
181874|APARTAMENTO PRÓXIMO À AVENIDA ALFREDO RAVANELLI||2|1|1|46|R$ 145.000,00
154538|Apartamento de 48m² com 02 quartos Jardim Manoel Penna||2|1|1|48|R$ 145.000,00
139334|APARTAMENTO NO RIBEIRÃO VERDE||2|1|1|42|R$ 149.000,00
214847|Apartamento de 40m² com 02 quartos para locação - Reserva Real|Reserva Real|2|1|1|40|R$ 150.000,00
191066|Apartamento de 38m² com 01 quarto à venda - Jardim Paulistano|Jardim Paulistano|1|1|1|38|R$ 150.000,00
149501|APARRTAMENTO PRÓXIMO À AVENIDA MEIRA JÚNIOR||1|1|1|38|R$ 150.000,00
148241|Apartamento de 42m² com 02 quartos á venda - Jardim Heitor Rigon|Jardim Heitor Rigon|2|1|1|42|R$ 150.000,00
134291|Apartamento próximo ao Parque dos Lagos||2|1|1|42|R$ 150.000,00
118466|Apartamento de 02 quartos - Jd. Heitor Rigon|Jd Heitor Rigon|2|1|1|48|R$ 150.000,00
108875|Apartamento de 46 m² com 02 quartos - Parque São Sebastião|Parque São Sebastião|2|1|1|46|R$ 150.000,00
225704|Apartamento de 43m² com 02 quartos à venda - Reserva Macaúba|Reserva Macaúba|2|1|1|43|R$ 154.900,00
220640|Apartamento de 42m² com 02 quartos para locação e venda - Residencial Parque dos Servidores|Residencial Parque dos Servidores|2|1|1|42|R$ 155.000,00
244220|Apartamento de 42m² com 01 quarto à venda - Jardim Paulista|Jardim Paulista|1|1|1|42|R$ 160.000,00
243695|Apartamento de 43m² com 02 quartos à venda - Valentina Figueiredo|Valentina Figueiredo|2|1|1|43|R$ 160.000,00
243323|Apartamento de 34m² com 01 quarto à venda - Monte Alegre|Monte Alegre|1|1|1|34|R$ 160.000,00
243146|Apartamento de 48m² com 02 quartosà venda - Geraldo Correia de Carvalho|Geraldo Correia de Carvalho|2|1|1|48|R$ 160.000,00
242567|Apartamento de 41m² com 02 quartos à venda - Reserva Real|Reserva Real|2|1|1|41|R$ 160.000,00
242519|Apartamento de 42m² com 02 quartos à venda - Quintino Facci II|Quintino Facci II|2|1|1|42|R$ 160.000,00
241169|Apartamento de 40m² com 02 quartos para locação e venda - Reserva Real|Reserva Real|2|1|1|40|R$ 160.000,00
240719|Apartamento de 42m² com 02 quartos à venda - Jardim José Wilson Toni|Jardim José Wilson Toni|2|1|1|42|R$ 160.000,00
240389|Apartamento de 42m² com 02 quartos para locação - Jardim José Wilson Toni|Jardim José Wilson Toni|2|1|1|42|R$ 160.000,00
238394|Apartamento de 40m² com 02 quartos à venda - Parque dos Pinus|Parque dos Pinus|2|1|1|40|R$ 160.000,00
237935|Apartamento de 42m² com 02 quartos à venda - Vitta Via Norte I|Vitta Via Norte I|2|1|1|42|R$ 160.000,00
237287|Apartamento de 42m² com 02 quartos - Vila Abranches|Vila Abranches|2|1|1|42|R$ 160.000,00
237209|Apartamento térreo de 39m² com 02 quartos à venda - Ribeirão Verde|Ribeirão Verde|2|1|1|39|R$ 160.000,00
236645|Apartamento com 43m² com 02 quartos.||2|1|1|43|R$ 160.000,00
235730|Apartamento de 49m² com 02 quartos à venda - Parque São Sebastião|Parque São Sebastião|2|1|1|49|R$ 160.000,00
234191|Apartamento de 43m² com 02 quartos para locação e venda - Valentina Figueiredo|Valentina Figueiredo|2|1|1|43|R$ 160.000,00
232823|Apartamento de 42m² com 02 quartos para venda - Jardim José Sampaio Júnior|Jardim José Sampaio Júnior|2|1|1|42|R$ 160.000,00
230705|Apartamento de 41m² com 02 quartos - Reserva Real|Reserva Real|2|1|1|41|R$ 160.000,00
228707|Apartamento de 42m² com 02 quartos para locação e venda - Ipiranga|Ipiranga|2|1|1|42|R$ 160.000,00
227924|Apartamento de 47m² com 02 quartos para locação e venda - Conjunto Habitacional Jardim das Palmeiras|Conjunto Habitacional Jardim das Palmeiras|2|1|1|47|R$ 160.000,00
227366|Apartamento de 42m² com 02 quartos à venda - Quintino Facci II|Quintino Facci II|2|1|1|42|R$ 160.000,00
226538|Apartamento de 48m² com 02 quartos à venda - Jardim Heitor Rigon|Jardim Heitor Rigon|2|1|1|48|R$ 160.000,00
225848|Apartamento de 42m² com 02 quartos à venda - Quintino Facci II|Quintino Facci II|2|1|1|42|R$ 160.000,00
225215|Apartamento de 43m² com 02 quartos à venda - Chácaras Pedro Corrêa de Carvalho|Chácaras Pedro Corrêa de Carvalho|2|1|1|43|R$ 160.000,00
224570|Apartamento de 48m² com 02 quartos à venda - Quintino Facci II|Quintino Facci II|2|1|1|48|R$ 160.000,00
221891|Apartamento térreo de 43m² com 02 quartos à venda - Parque dos Lagos|Parque dos Lagos|2|1|1|43|R$ 160.000,00
221204|Apartamento de 43m² com 02 quartos para locação - Jardim Diva Tarlá de Carvalho|Jardim Diva Tarlá de Carvalho|2|1|1|43|R$ 160.000,00
220613|Apartamento de 46m² com 02 quartos à venda - Jardim Itaú|Jardim Itaú|2|1|1|46|R$ 160.000,00
219599|Apartamento de 41m² com 02 quartos para locação e venda - Reserva Real|Reserva Real|2|1|1|41|R$ 160.000,00
219362|Apartamento de 55m² com 02 quartos à venda - Vila Virgínia|Vila Virgínia|2|1|1|55|R$ 160.000,00
212864|Apartamento de 45m² com 02 quartos a venda - Parque Renascer|Parque Renascer|2|1|1|45|R$ 160.000,00
204101|Apartamento térreo de 42m² com 02 quartos para locação e venda - Reacanto das Palmeiras|Reacanto das Palmeiras|2|1|1|42|R$ 160.000,00
203585|APARTAMENTO NO BAIRRO RECANTO DAS PALMEIRAS||2|1|1|42|R$ 160.000,00
203042|APARTAMENTO NO BAIRRO QUINTINO FACCI 2||2|1|1|42|R$ 160.000,00
200309|*****OTIMO APARTAMENTO*****||2|1|1|42|R$ 160.000,00
196655|APARTAMENTO NO CAMPOS ELÍSEOS||2|1|1|42|R$ 160.000,00
196601|OPORTUNIDADE NO CONDOMÍNIO VITTA VIA NORTE II||2|1|1|43|R$ 160.000,00
195791|Apartamento de 46m² com 02 quartos à venda - Ribeirania|Ribeirania|2|1|1|46|R$ 160.000,00
195038|Apartamento de 75m² 02 quartos para locação - Parque Remanso do Bosque|Parque Remanso do Bosque|2|1|1|75|R$ 160.000,00
194423|Apartamento Próximo ao Novo Shopping - Parque Romanetto|Parque Romanetto|2|1|1|48|R$ 160.000,00
191036|APARTAMENTO NO IPIRANGA||2|1|1|46|R$ 160.000,00
190778|Ótimo apartamento com 2 dormitórios em condomínio com lazer||2|1|1|44|R$ 160.000,00
189842|APARTAMENTO NO JARDIM OURO BRANCO||2|1|1|40|R$ 160.000,00
187736|APARTAMENTO TÉRREO A VENDA NO PARQUE DOS SERVIDORES||2|1|2|56|R$ 160.000,00
187358|Apartamento de 52m² com 02 quartos à venda - Jardim Palma Travassos|Jardim Palma Travassos|2|1|1|52|R$ 160.000,00
187346|ÓTIMO APARTAMENTO NO JARDIM ZARA||2|1|1|42|R$ 160.000,00
185033|Localizado próximo à Savegnago Supermercados, Spaço Ella - Salão de Beleza, Igreja Santa Madalena de Canossa e diversos comércios.|Salão de Beleza Igreja Santa Madalena de Canossa e diversos comércios|2|1|1|42|R$ 160.000,00
184451|APARTAMENTO PRÓXIMO AO ATACADÃO||2|1|1|42|R$ 160.000,00
178997|Apartamento de 01 quarto para locação - Vila Amélia|Vila Amélia|1|1|1|34|R$ 160.000,00
178259|ÓTIMO APARTAMENTO NO IPIRANGA||2|1|1|47|R$ 160.000,00
178064|APARTAMENTO TÉRREO NO PARQUE ANHANGUERA||1|1|1|32|R$ 160.000,00
176813|APARTAMENTO NO PARQUE INDUSTRIAL LAGOINHA||1|2|1|32|R$ 160.000,00
174989|APARTAMENTO NO BAIRRO JARDIM PAULISTA||1|1|1|41|R$ 160.000,00
174977|APARTAMENTO TÉRREO NO IPIRANGA||2|1|1|46|R$ 160.000,00
171905|APARTAMENTO NA VILA SEIXAS||1|1|1|34|R$ 160.000,00
171179|APARTAMENTO NO JARDIM JOÃO ROSSI||2|1|1|41|R$ 160.000,00
169862|APARTAMENTO NO JARDIM INTERLAGOS||2|1|1|43|R$ 160.000,00
168989|APARTAMENTO NO JARDIM MACEDO||1|1|1|49|R$ 160.000,00
166571|APARTAMENTO NO JARDIM INTERLAGOS||2|1|1|43|R$ 160.000,00
166106|APARTAMENTO NO JARDIM HEITOR RIGON||2|1|1|42|R$ 160.000,00
165194|APARTAMENTO NO CAMPOS ELISEOS||2|1|1|42|R$ 160.000,00
164783|Apartamento de 46m² com 02 quartos à venda - Ipiranga|Ipiranga|2|1|1|46|R$ 160.000,00
163601|Apartamento de 43m² com 02 quartos à venda - Jardim Diva Tarla de Carvalho|Jardim Diva Tarla de Carvalho|2|1|1|43|R$ 160.000,00
161873|Apartamento de 46m² com 02 quartos à venda - Ipiranga|Ipiranga|2|1|1|46|R$ 160.000,00
161252|LINDO APARTAMENTO NO INTERLAGOS||2|1|1|43|R$ 160.000,00
161102|Apartamento de 29m² com 01 quarto à venda - Jardim Paulista|Jardim Paulista|1|1|1|29|R$ 160.000,00
159608|Apartamento mobiliado de 41 m² com 1 quarto para locação - Nova Ribeirânia|Nova Ribeirânia|1|1|1|41|R$ 160.000,00
159476|Apartamento de 46m² com 02 quartos para locação - Jardim Sumaré|Jardim Sumaré|2|1|1|46|R$ 160.000,00
156572|APARTAMENTO PRÓXIMO À RODOVIA ANHANGUERA||2|1|1|43|R$ 160.000,00
156560|Apartamento de 45m² com 02 quartos para venda - Parque dos Lagos|Parque dos Lagos|2|1|1|45|R$ 160.000,00
155348|Apartamento de 43m² com 02 quartos para venda - Jardim Diva Tarla de Carvalho|Jardim Diva Tarla de Carvalho|2|1|1|43|R$ 160.000,00
154955|APARTAMENTO PRÓXIMO À RUA JAVARI||2|1|1|46|R$ 160.000,00
152063|APARTAMENTO PRÓXIMO À AVENIDA PIO XII||2|1|1|55|R$ 160.000,00
151991|APARTAMENTO PRÓXIMO À RODOVIA ANHANGUERA||2|1|1|48|R$ 160.000,00
151214|Apartamento - Padrão|Padrão|2|1|1|43|R$ 160.000,00
150719|APARTAMENTO ÓTIMA LOCALIZAÇÃO||1|1|1|51|R$ 160.000,00
149912|***EXCELENTE APARTAMENTO***||2|1|1|47|R$ 160.000,00
149054|APARTAMENTO PRÓXIMO À VIA NORTE||2|1|1|43|R$ 160.000,00
146522|APARTAMENTO PRÓXIMO Á RODOVIA ALEXANDRE BALBO||2|1|1|40|R$ 160.000,00
146060|APARTAMENTO NO CONDOMÍNIO PARQUE RESIDENCE||2|1|1|49|R$ 160.000,00
144254|APARTAMENTO PRÓXIMO AO ATACADÃO||2|1|1|42|R$ 160.000,00
141566|Apartamento de 52m² com 02 quartos à venda - Jardim Palma Travassos|Jardim Palma Travassos|2|1|1|52|R$ 160.000,00
141257|Apartamento de 42m² de 2 quartos à venda - Jardim Heitor Rigon|Jardim Heitor Rigon|2|1|1|42|R$ 160.000,00
140828|Lindo apartamento!||2|1|1|45|R$ 160.000,00
134117|APARTAMENTO NO PARQUE DOS LAGOS||1|1|1|39|R$ 160.000,00
132128|Apartamento - Padrão|Padrão|2|1|1|55|R$ 160.000,00
128459|KITNET NO CENTRO||1|1|1|32|R$ 160.000,00
128120|Apartamento de 02 quartos para locação - Campos Elíseos|Campos Elíseos|2|1|1|42|R$ 160.000,00
126035|Apartamento - Padrão|Padrão|2|1|1|45|R$ 160.000,00
125987|Apartamento - Padrão|Padrão|1|1|1|41|R$ 160.000,00
119246|Apartamento - Padrão|Padrão|2|1|1|43|R$ 160.000,00
113819|Apartamento - Padrão|Padrão|2|1|1|58|R$ 160.000,00
108593|APARTAMENTO PRÓXIMO AO ATACADÃO||2|1|1|42|R$ 160.000,00
105278|Apartamento - Padrão|Padrão|2|1|1|0|R$ 160.000,00
105056|APARTAMENTO NO JARDIM PEDRA BRANCA||2|1|1|58|R$ 160.000,00
104504|Apartamento - Padrão|Padrão|2|1|1|48|R$ 160.000,00
100796|APARTAMENTO NO PARQUE SÃO SEBASTIÃO||2|1|1|47|R$ 160.000,00
95660|APARTAMENTO PARA LOCAÇÃO NO JARDIM PRESIDENTE DUTRA||2|1|1|43|R$ 160.000,00
95084|Apartamento - Padrão|Padrão|1|1|1|54|R$ 160.000,00
90563|Apartamento de 56m² com 02 quartos para locação - Centro|Centro|2|1|1|56|R$ 160.000,00
73241|Apartamento de 42m² com 02 quartos à venda - Ipiranga|Ipiranga|2|1|1|42|R$ 160.000,00
172697|APARTAMENTO NO QUINTINO FACCI II||2|1|1|42|R$ 161.000,00
160517|APARTAMENTO PRÓXIMO À AVENIDA JOSÉ ANTÔNIO FERRAREZI||2|1|1|40|R$ 162.000,00
150152|APARTAMENTO PRÓXIMO AO MIALICH||2|1|1|43|R$ 162.000,00
67226|Apartamento de 46m² com 02 quartos à venda - Ipiranga|Ipiranga|2|1|1|46|R$ 160.000,00
145964|**LANÇAMENTO NO JARDIM ITAÚ**||2|1|1|42|R$ 164.000,00
122366|APARTAMENTO NO CONDOMÍNIO RESIDENCIAL PARQUE ROMANCE||2|1|1|46|R$ 130.000,00
224507|Apartamento de 43m² com 02 quartos à venda - Chácaras Pedro Corrêa de Carvalho|Chácaras Pedro Corrêa de Carvalho|2|1|1|43|R$ 135.000,00
173708|Apartamento de 63m² com 03 quartos à venda - Jardim Palma Travassos|Jardim Palma Travassos|3|1|1|63|R$ 155.000,00
189962|APARTAMENTO NOVO PRONTO PARA MORAR||2|1|1|43|R$ 160.000,00
137177|APARTAMENTO NOS CAMPOS ELÍSEOS||3|2|1|47|R$ 160.000,00
241379|Apartamento de 41m² com 02 quartos à venda - Reserva Real|Reserva Real|2|1|1|41|R$ 165.000,00
239936|Apartamento de 42m² com 02 quartps à venda - Jardim Itaú|Jardim Itaú|2|1|1|42|R$ 165.000,00
239210|Apartamento térreo de 43m² com 02 quartos à venda - Valentina Figueiredo|Valentina Figueiredo|2|1|1|43|R$ 165.000,00
235214|Apartamento reformado de 02 quartos à venda - Reserva Real|Reserva Real|2|1|1|40|R$ 165.000,00
234917|Apartamento de 43m² com 02 quartos para Venda - Jardim Diva Tarlá de Carvalho|Jardim Diva Tarlá de Carvalho|2|1|1|43|R$ 165.000,00
234767|Apartamento de 43m² com 02 quartos 01 banheiro 01 garagem à venda no Jd Anahanguera||2|1|1|43|R$ 165.000,00
234152|Apartamento de 55m² com 02 quartos à venda - Vila Virgínia|Vila Virgínia|2|1|1|55|R$ 165.000,00
222395|Apartamento de 43m² com 02 quartos à venda - Parque São Sebastião|Parque São Sebastião|2|1|1|43|R$ 165.000,00
212060|Apartamento de 42m² com 02 quartos à venda - Vila Virgínia|Vila Virgínia|2|1|1|42|R$ 165.000,00
205235|Apartamento de 41 m² com 02 quartos à venda - Reserva Real|Reserva Real|2|1|1|41|R$ 165.000,00
200573|APARTAMENTO NO CAMPOS ELÍSEOS||2|1|1|43|R$ 165.000,00
199034|Apartamento de 46m² com 02 quartos à - Ipiranga|Ipiranga|2|1|1|46|R$ 165.000,00
198470|LINDO APARTAMENTO PARQUE DAS ROSEIRAS NO IPIRANGA||2|1|1|41|R$ 165.000,00
195632|APARTAMENTO NO IPIRANGA||2|1|1|48|R$ 165.000,00
193826|APARTAMENTO PARQUE SÃO SEBASTIÃO||2|1|1|47|R$ 165.000,00
184493|Apartamento - Padrão|Padrão|2|1|1|57|R$ 165.000,00
175139|APARTAMENTO NA VILA VIRGINIA||2|1|1|55|R$ 165.000,00
175133|APARTAMENTO NA VILA VIRGINIA||2|1|1|55|R$ 165.000,00
174860|EXCELENTE APARTAMENTO RESIDENCIAL VITTA II - HEITOR RIGON|HEITOR RIGON|2|1|1|43|R$ 165.000,00
164939|Apartamento - Padrão|Padrão|2|1|1|48|R$ 165.000,00
157130|APARTAMENTO PRÓXIMO À VIA NORTE||2|1|1|43|R$ 165.000,00
155330|Apartamento de 43m² com 02 quartos à venda - Jardim Marchesi|Jardim Marchesi|2|1|1|43|R$ 165.000,00
142172|Apartamento de 42m² com 02 quartos à venda - Jardim Heitor Rigon|Jardim Heitor Rigon|2|1|1|42|R$ 165.000,00
132866|Apartamento de 48m² com 02 quartos para venda - Parque São Sebastião|Parque São Sebastião|2|1|1|48|R$ 165.000,00
115643|KIT PRÓXIMO À USP||1|1|1|34|R$ 165.000,00
112658|Apartamento de 42m² com 02 quartos á venda - Planalto Verde|Planalto Verde|2|1|1|42|R$ 165.000,00
104789|FLAT MOBILIADO RESIDENCE PLAZA||1|1|1|45|R$ 165.000,00
88868|Apartamento de 01 quarto para locação - Centro|Centro|1|1|1|46|R$ 165.000,00
83465|APARTAMENTO NO JARDIM MANOEL PENNA||2|1|1|47|R$ 165.000,00
72299|APARTAMENTO DIFERENCIADO NO GERALDO CORREIA DE CARVALHO||2|1|1|60|R$ 165.000,00
134651|Apartamento de 02 quartos para venda - Heitor Rigon|Heitor Rigon|2|1|1|42|R$ 165.000,00
219827|Apartamento de 41m² com 02 quartos para locação e venda - Ipiranga|Ipiranga|2|1|1|41|R$ 160.000,00
130523|Apartamento a Venda no Jardim Jandaia Ribeirão Preto||2|2|1|47|R$ 165.000,00
134774|Excelente Oportunidade||2|1|1|40|R$ 166.500,00
227102|Apartamento reformado de 41m² com 02 quartos à venda - Ipiranga|Ipiranga|2|1|1|41|R$ 155.000,00
206282|Apartamento de 48m² com 02 quartos à venda - Quintino Facci II|Quintino Facci II|2|1|1|48|R$ 167.000,00
244451|Apartamento de 43m² com 02 quartos para venda - Jardim José Wilson Toni|Jardim José Wilson Toni|2|1|1|43|R$ 168.000,00
239099|Apartamento - Padrão|Padrão|2|1|1|42|R$ 168.000,00
217019|Apartamento de 42m² com 02 quartos à venda - Jardim José Wilson Toni|Jardim José Wilson Toni|2|1|1|42|R$ 168.000,00
59075|Apartamento com 2 quartos com 53m² com 3 quartos à venda, Jardim Anhanguera||2|1|1|53|R$ 168.500,00
48581|Apartamento de 38m² com 01 quarto à venda - Presidente Medice|Presidente Medice|1|1|1|38|R$ 165.000,00
243464|Apartamento de 43m² com 02 quartos para Venda - Adelino Simioni|Adelino Simioni|2|1|1|43|R$ 169.000,00
224606|Apartamento de 47m² com 02 quartos à venda - Residencial Greenville|Residencial Greenville|2|1|1|47|R$ 169.000,00
202325|EXCELENTE APARTAMENTO NO VALENTINA FIGUEIREDO||2|1|1|43|R$ 169.000,00
156686|APARTAMENTO PRÓXIMO À RODOVIA ANHANGUERA||2|1|1|42|R$ 169.000,00
222368|Apartamento de 40m² com 02 quartos para locação e venda - Reserva Real|Reserva Real|2|1|1|40|R$ 159.000,00
227525|Apartamento de 227m² com 04 suítes para locação - Ilhas do Sul|Ilhas do Sul|4|6|4|227|R$ 2.760.000,00
244460|Apartamento de 298m² com 04 suítes para locação e venda - Jardim Olhos D`Água|Jardim Olhos DÁgua|4|6|4|298|R$ 2.490.000,00
237380|Apartamento de 49m² com 01 quartos para locação - Centro|Centro|1|1|1|49|R$ 125.000,00
244358|Apartamento de 41m² com 02 quartos para venda - Reserva Real|Reserva Real|2|1|1|41|R$ 140.000,00
207803|Apartamento com 02 quartos à venda - Recanto das Palmeiras|Recanto das Palmeiras|2|1|1|42|R$ 145.000,00
225974|Apartamento de 42m² com 02 quartos à venda - Valentina Figueiredo|Valentina Figueiredo|2|1|1|42|R$ 150.000,00
167576|APARTAMENTO NO JARDIM EUGÊNIO MENDES LOPES||2|1|1|44|R$ 150.000,00
135344|APARTAMENTO MOBILIADO NO JARDIM FLORESTAN FERNANDES||2|1|1|42|R$ 150.000,00
224642|Apartamento de 42 m² com 02 quartos - Jardim Heitor Rigon|Jardim Heitor Rigon|2|1|1|42|R$ 155.000,00
161870|APARTAMENTO NO BAIRRO RIBEIRÃO VERDE||2|1|1|42|R$ 159.000,00
214118|Apartamento térreo de 41m² com 02 quartos à venda - Reserva Real|Reserva Real|2|1|1|41|R$ 160.000,00
192305|Apartamento de 46m² com 02 quartos e varanda no térreo à venda no Ipiranga.||2|1|1|46|R$ 160.000,00
161210|Apartamento de 42m² com 02 quartos à venda - Quintino Facci II|Quintino Facci II|2|1|1|42|R$ 160.000,00
106130|Apartamento - Padrão|Padrão|2|1|1|54|R$ 160.000,00
185984|Apartamento de 02 quartos á venda - Pq. São Sebastião|Pq São Sebastião|2|1|1|45|R$ 165.000,00
161759|Apartamento de 42m² com 02 quartos à venda - Valentina Figueiredo|Valentina Figueiredo|2|1|1|42|R$ 165.000,00
245585|Apartamento de 40m² com 02 quartos à venda - Jardim Ouro Branco|Jardim Ouro Branco|2|1|1|40|R$ 170.000,00
243359|Apartamento de 40m² com 02 quartos à venda - Jardim Ouro Branco|Jardim Ouro Branco|2|1|1|40|R$ 170.000,00
242165|Apartamento de 50m² com 1 quarto á venda - Centro|Centro|1|1|1|50|R$ 170.000,00
240863|Apartamento - Padrão|Padrão|2|1|1|41|R$ 170.000,00
240326|Apartamento de 43m² com 02 quartos à venda - Chácaras Pedro Corrêa de Carvalho|Chácaras Pedro Corrêa de Carvalho|2|1|1|43|R$ 170.000,00
239939|Apartamento de 48m² com 02 quartos à venda - Parque dos Pinus|Parque dos Pinus|2|1|1|48|R$ 170.000,00
239789|Apartamento de 44m² com 2 quartos à venda - Residencial Greenville|Residencial Greenville|2|1|1|44|R$ 170.000,00
239732|Apartamento de 42m² com 02 quartos à venda - Planalto Verde|Planalto Verde|2|1|1|42|R$ 170.000,00
239468|Apartamento de 42m² com 02 quartos à venda - Residencial Parque dos Servidores|Residencial Parque dos Servidores|2|1|1|42|R$ 170.000,00
239087|Apartamento de 43m² com 02 quartos à venda - Santa Marta em Bonfim Paulista|Santa Marta em Bonfim Paulista|2|1|1|43|R$ 170.000,00
237323|Apartamento de 47m² com 02 quartos à venda - Jardim das Palmeiras|Jardim das Palmeiras|2|1|1|47|R$ 170.000,00
236006|Apartamento mobiliado de de 31m² para Locação e venda - Vila Virginia|Vila Virginia|1|1|1|31|R$ 170.000,00
234221|Apartamento de 42m² com 02 quartos à venda - Recreio Anhanguera|Recreio Anhanguera|2|1|1|42|R$ 170.000,00
234062|Apartamento de 43m² com 02 quartos á venda - Jardim Heitor Rigon|Jardim Heitor Rigon|2|1|1|43|R$ 170.000,00
230753|Apartamento de 42m² com 02 quartos para venda e locação - Planalto Verde|Planalto Verde|2|1|1|42|R$ 170.000,00
229664|Apartamento de 45m² com 02 quartos à venda - Parque São Sebastião|Parque São Sebastião|2|1|1|45|R$ 170.000,00
226067|Apartamento de 43m² com 02 quartos para locação e venda - Chácaras Pedro Corrêa de Carvalho|Chácaras Pedro Corrêa de Carvalho|2|1|1|43|R$ 170.000,00
224840|Apartamento de 42 m² com 02 quartos - Jardim Itaú|Jardim Itaú|2|1|1|42|R$ 170.000,00
224720|Apartamento de 43m² com 1 quarto à venda - Centro|Centro|1|1|1|43|R$ 170.000,00
223925|Apartamento de 41m² com 02 quartos à venda - Conjunto Habitacional Sílvio Passalacqua|Conjunto Habitacional Sílvio Passalacqua|2|1|1|41|R$ 170.000,00
223217|Apartamento térreo de 41m² com 02 quartos e quintal à venda - Reserva Real|Reserva Real|2|1|1|41|R$ 170.000,00
221885|Apartamento de 42m² com 02 quartos à venda - Quintino Facci II|Quintino Facci II|2|1|1|42|R$ 170.000,00
221198|Apartamento de 42m² com 02 quartos à venda e locação - Recreio Anhanguera|Recreio Anhanguera|2|1|1|42|R$ 170.000,00
219914|Apartamento de 48m² com 02 quartos à venda - Quintino Facci II|Quintino Facci II|2|1|1|48|R$ 170.000,00
218801|Apartamento de 43m² com 02 quartos à venda - Jardim Interlagos|Jardim Interlagos|2|1|1|43|R$ 170.000,00
217637|Apartamento de 42m² com 02 quartos para locação - Jardim Florestan Fernandes|Jardim Florestan Fernandes|2|1|1|42|R$ 170.000,00
217427|Apartamento térreo de 43m² com 02 quartos à venda - Jardim Interlagos|Jardim Interlagos|2|1|1|43|R$ 170.000,00
216026|Apartamento de 40m² com 02 quartos à venda - Reserva Real|Reserva Real|2|1|1|40|R$ 170.000,00
214913|Apartamento térreo de 42m² com 02 quartos à venda - Vila Abranches|Vila Abranches|2|1|1|42|R$ 170.000,00
212741|Apartamento de 35m² com 01 quarto à venda - Vila Amélia|Vila Amélia|1|1|1|35|R$ 170.000,00
212738|Apartamento de 35m² com 01 quarto à venda - Vila Amélia|Vila Amélia|1|1|1|35|R$ 170.000,00
212558|Apartamento de 41m² com 02 quartos para locação e venda - Reserva Real|Reserva Real|2|1|1|41|R$ 170.000,00
212075|Apartamento de 39m² com 02 quartos à venda||2|1|1|39|R$ 170.000,00
210317|Apartamento de 45m² com 02 quartos para locação - Quintino Facci II|Quintino Facci II|2|1|1|45|R$ 170.000,00
206948|Apartamento de 42m² com 02 quartos à venda - Ribeirão Verde|Ribeirão Verde|2|1|1|42|R$ 170.000,00
206618|Apartamento de 40m² com 02 quartos à venda - Jardim Heitor Rigon|Jardim Heitor Rigon|2|1|1|40|R$ 170.000,00
203339|APARTAMENTO NO BAIRRO PARQUE SÃO SEBASTIÃO||2|1|1|47|R$ 170.000,00
201329|APARTAMENTO NO RESERVA REAL||2|1|1|41|R$ 170.000,00
201245|Apartamento de 39m² com 01 suíte para locação - Jardim Paulista|Jardim Paulista|1|1|1|39|R$ 170.000,00
200636|APARTAMENTO NO RIBEIRÃO VERDE||2|1|1|42|R$ 170.000,00
200630|APARTAMENTO NA LAGOINHA||2|1|1|60|R$ 170.000,00
200513|Apartamento de 42m² com 02 quartos para locação e venda - Planalto Verde|Planalto Verde|2|1|1|42|R$ 170.000,00
199400|EXCELENTE APARTAMENTO TÉRREO PARA VENDA EM CONDOMÍNIO FECHADO||2|1|1|41|R$ 170.000,00
198185|Apartamento de 01 quarto para locação - Centro|Centro|1|1|1|43|R$ 170.000,00
197438|***OTIMO APARTAMENTO****||2|1|1|42|R$ 170.000,00
197087|Apartamento de 50m² com 1 quarto á venda - Centro|Centro|1|1|1|50|R$ 170.000,00
195569|APARTAMENTO PADRÃO, JARDIM FLORESTAN FERNANDES, RIBEIRÃO PRETO-SP|SP|2|1|1|43|R$ 170.000,00
194228|APARTAMENTO NO RESERVA REAL||2|1|1|40|R$ 170.000,00
192539|LINDO E ACONCHEGANTE APARTAMENTO VITTA HEITOR RIGON III||2|1|1|43|R$ 170.000,00
192065|APARTAMENTO RESERVA SUL RESORT||2|1|1|50|R$ 170.000,00
191894|APARTAMENTO PRÓXIMO À AVENIDA CASTELO BRANCO||1|1|1|41|R$ 170.000,00
191882|APARTAMENTO NO JARDIM CASTELO BRANCO||1|1|1|41|R$ 170.000,00
189413|Apartamento de 42m² com 02 quartos à venda - Jardim Santa Cecilia|Jardim Santa Cecilia|2|1|1|42|R$ 170.000,00
189110|IMÓVEL NO IPIRANGA||2|1|1|48|R$ 170.000,00
183647|APARTAMENTO PRÓXIMO À RUA JAVARI||1|1|1|37|R$ 170.000,00
182831|APARTAMENTO NO BAIRRO IPIRANGA||2|1|1|46|R$ 170.000,00
181460|APARTAMENTO NO JARDIM OURO BRANCO||2|1|1|43|R$ 170.000,00
179843|APARTAMENTO NO JOSÉ FIGUEIRA||2|1|1|47|R$ 170.000,00
178802|Apartamento de 46m² com 02 quartos - Condomínio Residencial Ipiranga|Condomínio Residencial Ipiranga|2|1|1|46|R$ 170.000,00
178769|APARTAMENTO NA RIBERÂNIA||2|1|1|45|R$ 170.000,00
178754|APARTAMENTO NO IPIRANGA||2|1|1|41|R$ 170.000,00
176876|Apartamento de 02 quartos para venda - Reserva Real|Reserva Real|2|1|1|62|R$ 170.000,00
176150|APARTAMENTO NA VILA MONTE ALEGRE||1|1|1|33|R$ 170.000,00
176009|APARTAMENTO NO JARDIM ITAÚ||2|1|1|42|R$ 170.000,00
175661|APARTAMENTO NO RESIDENCIAL GREENVILLE||2|1|1|44|R$ 170.000,00
174089|APARTAMENTO NO JARDIM FLORESTAN FERNANDES||2|1|1|42|R$ 170.000,00
169208|APARTAMENTO NO PARQUE SÃO SEBASTIÃO||2|1|1|48|R$ 170.000,00
169070|Apartamento de 34m² com 01 quarto para locação - Centro|Centro|1|1|1|34|R$ 170.000,00
168887|APARTAMENTO NO HEITOR RIGON||2|1|1|42|R$ 170.000,00
167462|Apartamento de 43m² com 02 quartos à venda - Jardim Interlagos|Jardim Interlagos|2|1|1|43|R$ 170.000,00
167429|APARTAMENTO NO PARQUE CÂNDIDO PORTINARI||2|1|1|44|R$ 170.000,00
165650|Apartamento No Sumarezinho||2|1|1|46|R$ 170.000,00
165278|APARTAMENTO TÉRREO PRÓXIMO AO ATACADÃO||2|1|1|42|R$ 170.000,00
156113|APARTAMENTO PRÓXIMO À RODOVIA ANTÔNIO MACHADO SANTANNA||2|1|1|47|R$ 170.000,00
154940|APARTAMENTO PRÓXIMO À AVENIDA HENRI NESTLE||2|2|1|43|R$ 170.000,00
154835|Apartamento de 42m² com 02 quartos para venda - Ribeirão Verde|Ribeirão Verde|2|1|1|42|R$ 170.000,00
154622|APARTAMENTO PRÓXIMO À AVENIDA BARÃO DO BANANAL||2|2|1|50|R$ 170.000,00
152942|Apartamento - Padrão|Padrão|2|1|1|42|R$ 170.000,00
150986|APARTAMENTO PARA ALUGAR NO RIBEIRÃO VERDE||2|1|1|42|R$ 170.000,00
150842|Apartamento térreo de 43m² com 02 quartos à venda - Vila Virgínia|Vila Virgínia|2|1|1|43|R$ 170.000,00
149696|APARTAMENTO PRÓXIMO À RODOVIA ANHANGUERA||2|1|1|42|R$ 170.000,00
148160|Apartamento de 43m² com 02 quartos à venda - Jardim Diva Tarla de Carvalho|Jardim Diva Tarla de Carvalho|2|1|1|43|R$ 170.000,00
147971|APARTAMENTO PRÓXIMO À AVENIDA ALFREDO RAVANELI||2|1|1|49|R$ 170.000,00
147620|APARTAMENTO PRÓXIMO À RUA CORONEL AMÉRICO BATISTA||2|1|1|42|R$ 170.000,00
146567|Apartamento de 42m² com 02 quartos para locação - Jardim Santa Cecilia|Jardim Santa Cecilia|2|1|1|42|R$ 170.000,00
146564|Apartamento de 46m² com 02 quartos para venda e locação - Sumarezinho|Sumarezinho|2|1|1|46|R$ 170.000,00
146231|APARTAMENTO PRÓXIMO À AVENIDA JOSÉ ANTÔNIO FERRAREZI||2|1|1|46|R$ 170.000,00
145835|Apartamento - Padrão|Padrão|2|1|1|52|R$ 170.000,00
143660|Apartamento de 42m² com 02 quartos à venda - Quintino Facci II|Quintino Facci II|2|1|1|42|R$ 170.000,00
142754|Apartamento de 42m² com 02 quartos à venda - Jardim Vilico Cantarelli|Jardim Vilico Cantarelli|2|1|1|42|R$ 170.000,00
141779|APARTAMENTO TÉRREO PRÓXIMO Á RODOVIA ANHANGUERA||2|1|1|42|R$ 170.000,00
139358|Apartamento de 34 m² com 01 Quarto - Residencial Greenville|Residencial Greenville|1|1|1|34|R$ 170.000,00
138668|APARTAMENTO NA REGIÃO CENTRAL||1|1|1|49|R$ 170.000,00
138002|Apartamento de 02 quartos para venda - Vila Seixas|Vila Seixas|2|2|1|68|R$ 170.000,00
137903|APARTAMENTO DUPLEX NO CENTRO||1|1|1|49|R$ 170.000,00
134483|Apartamento de 40m² com 02 quartos à venda - Ipiranga|Ipiranga|2|1|1|40|R$ 170.000,00
133400|Apartamento - Padrão|Padrão|2|1|1|65|R$ 170.000,00
133256|Apartamento - Padrão|Padrão|2|1|1|49|R$ 170.000,00
132521|Apartamento - Padrão|Padrão|2|1|1|46|R$ 170.000,00
131429|Apartamento - Padrão|Padrão|1|1|1|0|R$ 170.000,00
129635|Apartamento de 52m² com 02 quartos para venda - Jardim Palma Travassos|Jardim Palma Travassos|2|1|1|52|R$ 170.000,00
129101|Apartamento de 42m² com 02 quartos à venda - Vila Pompéia|Vila Pompéia|2|1|1|42|R$ 170.000,00
128381|Apartamento de 43m² com 02 quartos para venda - Residencial Parque dos Servidores|Residencial Parque dos Servidores|2|1|1|43|R$ 170.000,00
127184|APARTAMENTO NO PARQUE SÃO SEBASTIÃO||2|1|1|48|R$ 170.000,00
124724|Ótimo Apartamento próximo à Avenida Bandeirantes||2|1|1|42|R$ 170.000,00
124202|APARTAMENTO PARA REFORMAR NO BAIRRO REPÚBLICA||2|1|1|57|R$ 170.000,00
122213|Apartamento de 42 m² com 02 quartos para venda - Via Virginia|Via Virginia|2|1|1|42|R$ 170.000,00
121487|Apartamento - Padrão|Padrão|2|1|1|66|R$ 170.000,00
120197|APARTAMENTO PRÓXIMO À USP||1|1|1|35|R$ 170.000,00
120092|Apartamento de 46m² com 02 quartos à venda - Parque São Sebastião|Parque São Sebastião|2|1|1|46|R$ 170.000,00
119432|Apartamento - Padrão|Padrão|2|1|1|42|R$ 170.000,00
117113|APARTAMENTO NO GERALDO CORREIA DE CARVALHO||2|1|1|48|R$ 170.000,00
111092|Apartamento - Padrão|Padrão|2|1|1|52|R$ 170.000,00
109451|APARTAMENTO NO BAIRRO VILA VIRGINIA||2|1|1|42|R$ 170.000,00
107648|Apartamento - Padrão|Padrão|3|2|1|68|R$ 170.000,00
99659|Apartamento de 31m² com 01 quarto à venda - Vila Monte Alegre|Vila Monte Alegre|1|1|1|31|R$ 170.000,00
95978|APARTAMENTO NA VILA VIRGINIA||1|1|1|31|R$ 170.000,00
95558|APARTAMENTO TÉRREO PRÓXIMO A JAVARI||2|1|2|61|R$ 170.000,00
92108|Apartamento de 59m² com 02 quartos - Jardim Independência|Jardim Independência|2|1|1|59|R$ 170.000,00
86414|APARTAMENTO NO LAGOINHA||1|1|1|37|R$ 170.000,00
83981|APARTAMENTO PRÓXIMO Á NOVE DE JULHO||1|1|1|50|R$ 170.000,00
72323|Apartamento de 47m² com 02 quartos à venda - Jardim Paulistano|Jardim Paulistano|2|1|2|47|R$ 170.000,00
64379|APARTAMENTO NO CENTRO||1|1|1|51|R$ 170.000,00
30224|APARTAMENTO EM ÓTIMA LOCALIZAÇÃO||1|1|1|27|R$ 170.000,00
25931|APARTAMENTO PRÓXIMO A AVENIDA CASTELO BRANCO||1|1|1|35|R$ 170.000,00
174965|EXCELENTE APARTAMENTO RESIDENCIAL ROYAL GARDEN||2|1|1|47|R$ 160.000,00
191747|Apartamento/Padrão - Residencial - No bairro Jardim Heitor Rigon - Vitta Parque dos Pinus|Residencial No bairro Jardim Heitor Rigon Vitta Parque dos Pinus|2|1|1|43|R$ 160.000,00
195932|APARTAMENTO NO PARQUE ROCHESTER||2|1|1|45|R$ 172.000,00
164552|APARTAMENTO EM ÓTIMA LOCALIZAÇÃO PRÓXIMO AO ATACADÃO||2|1|1|42|R$ 170.000,00
217106|Apartamento de 40m² com 01 quarto à venda - Parque dos Bandeirantes|Parque dos Bandeirantes|1|1|1|40|R$ 174.000,00
94787|Apartamento de 45m² com 02 quartos - Parque dos Lagos|Parque dos Lagos|2|1|1|45|R$ 159.000,00
194624|Apartamento porteira fechada de 34m² com 01 quarto para locação e venda - Greenville|Greenville|1|1|1|34|R$ 160.000,00
235226|Apartamento/Padrão - Residencial - No bairro Campos Elíseos|Residencial No bairro Campos Elíseos|3|1|2|80|R$ 165.000,00
28727|APARTAMENTO PRÓXIMO À AVENIDA CARAMURU||2|1|1|62|R$ 165.000,00
218243|Apartamento de 49m² com 02 quartos à venda - Ipiranga|Ipiranga|2|1|1|49|R$ 169.000,00
182009|Apartamento de 45m² com 02 quartos à venda - Parque dos Lagos|Parque dos Lagos|2|1|1|45|R$ 170.000,00
156764|Apartamento de 43m² com 02 quartos para venda - Jardim Interlagos|Jardim Interlagos|2|1|1|43|R$ 170.000,00
132341|APARTAMENTO 2 DORMITÓRIOS NO BAIRRO LAGOINHA||2|1|1|46|R$ 170.000,00
128867|*****LINDO APARTAMENTO******||2|1|1|45|R$ 170.000,00
241670|Apartamento de 42m² com 02 quartos à venda - Planalto Verde|Planalto Verde|2|1|1|42|R$ 175.000,00
241550|Apartamento de 43m² com 02 quartos à venda - Adelino Simioni|Adelino Simioni|2|1|1|43|R$ 175.000,00
240560|Apartamento de 40m² com 02 quartos à venda - Jardim Ouro Branco|Jardim Ouro Branco|2|1|1|40|R$ 175.000,00
239717|Apartamento de 42m² com 02 quartos à venda - Jardim Cybelli|Jardim Cybelli|2|1|1|42|R$ 175.000,00
239147|Apartamento de 43m² com 02 quartos à venda - Jardim Interlagos|Jardim Interlagos|2|1|1|43|R$ 175.000,00
238922|Apartamento de 42m² com 02 quartos para locação e venda - Jardim Itaú|Jardim Itaú|2|1|1|42|R$ 175.000,00
238763|Apartamento de 42m² com 02 quartos à venda - Planalto Verde|Planalto Verde|2|1|1|42|R$ 175.000,00
220793|Apartamento de 47m² com 02 quartos à venda - Jardim Helena|Jardim Helena|2|1|1|47|R$ 175.000,00
219848|Apartamento térreo de 41m² com 02 quartos para venda e locação - Residencial Jequitibá|Residencial Jequitibá|2|1|1|41|R$ 175.000,00
216359|Apartamento de 48m² com 02 quartos para locação - Bonfim Paulista|Bonfim Paulista|2|1|1|48|R$ 175.000,00
213914|Apartamento de 43m² com 02 quartos à venda - Jardim dos Flamboyants|Jardim dos Flamboyants|2|1|1|43|R$ 175.000,00
210293|Apartamento de 40m² com 02 quartos à venda - Lar Canadá|Lar Canadá|2|1|1|40|R$ 175.000,00
210272|Apartamento térreo de 40m² com 02 quartos à venda - Recreio Das Acácias|Recreio Das Acácias|2|1|1|40|R$ 175.000,00
204068|APARTAMENTO À VENDA NO BAIRRO PARQUE DOS SERVIDORES||2|1|1|42|R$ 175.000,00
196835|APARTAMENTO NO RESERVA MACAÙBA||2|1|1|43|R$ 175.000,00
192812|Apartamento no Palacio Imperial||2|1|1|41|R$ 175.000,00
192314|LINDO APARTAMENTO NO PALÁCIO DE WINDSOR||2|1|1|40|R$ 175.000,00
183419|APARTAMENTO PRÓXIMO À RODOVIA ANHANGUERA||2|1|1|43|R$ 175.000,00
183416|APARTAMENTO PRÓXIMO À RODOVIA ANHANGUERA||2|1|1|43|R$ 175.000,00
177653|APARTAMENTO DIFERENCIADO||2|1|1|42|R$ 175.000,00
175529|APARTAMENTO NO JARDIM HEITOR RIGON||2|1|1|46|R$ 175.000,00
172133|APARTAMENTO NO JARDIM ITAÚ||2|1|1|46|R$ 175.000,00
168746|APARTAMENTO MOBILIADO VITTA RIBEIRÃO VERDE||2|1|1|42|R$ 175.000,00
164201|APARTAMENTO NO CAMPOS ELÍSEOS||2|1|1|46|R$ 175.000,00
154508|APARTAMENTO PRÓXIMO AO ATACADÃO DA AVENIDA EDUARDO ANDRÉIA MATARAZZO||2|1|1|42|R$ 175.000,00
151955|APARTAMENTO NO IPIRANGA||2|1|2|41|R$ 175.000,00
149411|APARTAMENTO PRÓXIMO À AVENIDA ALFREDO RAVANELI||2|1|1|46|R$ 175.000,00
145913|EXCELENTE APARTAMENTO NO VITTA VIA NORTE||2|1|1|42|R$ 175.000,00
144494|APARTAMENTO PRÓXIMO À RODOVIA LUÍS PIZETA||2|1|1|49|R$ 175.000,00
143678|APARTAMENTO PRÓXIMO À RUA JAVARI||2|1|1|39|R$ 175.000,00
141605|APARTAMENTO PRÓXIMO A AV. HENRI NESTLE||2|1|1|41|R$ 175.000,00
137087|***Ótimo Investimento***||2|2|1|61|R$ 175.000,00
134627|APARTAMENTO NO JARDIM ANTÁRTICA||2|1|1|57|R$ 175.000,00
122951|Apartamento de 02 quartos para venda e locação - Ipiranga|Ipiranga|2|1|1|44|R$ 175.000,00
114329|Apartamento de 44m² com 02 quartos à venda - Vila Virgínia|Vila Virgínia|2|1|1|44|R$ 175.000,00
111077|Apartamento - Padrão|Padrão|2|1|1|61|R$ 175.000,00
107507|Apartamento - Padrão|Padrão|2|1|1|41|R$ 175.000,00
104687|Apartamento - Padrão|Padrão|2|1|1|55|R$ 175.000,00
102974|Apartamento - Padrão|Padrão|2|1|1|44|R$ 175.000,00
63977|Apartamento - Padrão|Padrão|2|2|1|70|R$ 175.000,00
44735|APARTAMENTO PRÓXIMO À AVENIDA LEÃO XIII||1|1|1|48|R$ 175.000,00
196829|APARTAMENTO NO RECANTO DAS PALMEIRAS||2|1|1|42|R$ 176.000,00
217802|Apartamento de 42m² com 02 quartos à venda - Recreio Anhanguera|Recreio Anhanguera|2|1|1|42|R$ 178.000,00
27452|Apartamento - Padrão|Padrão|1|1|1|36|R$ 178.000,00
109370|PRÓXIMO À USP||2|1|1|46|R$ 169.500,00
244862|Apartamento de 42m² com 02 quartos para venda - Vila Virgínia|Vila Virgínia|2|1|1|42|R$ 179.000,00
242810|Apartamento de 42m² com 02 quarto à venda - Avelino Alves Palma|Avelino Alves Palma|2|1|1|42|R$ 179.000,00
237551|Apartamento de 40m² com 02 quartos à venda - Recreio das Acácias|Recreio das Acácias|2|1|1|40|R$ 179.000,00
237113|Apartamento de 41m² com 02 quartos à venda - Reserva Real|Reserva Real|2|1|1|41|R$ 179.000,00
224300|Apartamento de 42m² com 02 quartos para venda - Jardim Florestan Fernandes|Jardim Florestan Fernandes|2|1|1|42|R$ 179.000,00
221216|Apartamento de 41m² com 02 quartos para locação e venda - Reserva Real|Reserva Real|2|1|1|41|R$ 179.000,00
213398|Apartamento de 47m² com 02 quartos à venda - Chácaras Pedro Corrêa de Carvalho|Chácaras Pedro Corrêa de Carvalho|2|1|1|47|R$ 179.000,00
201974|APARTAMENTO TÉRREO JARDIM MANOEL PENNA||2|1|1|47|R$ 179.000,00
201869|APARTAMENTO PARA VENDA NO BAIRRO JARDIM PAULISTA||1|1|1|44|R$ 179.000,00
242456|Apartamento de 51m² com 02 quartos à venda - Jardim Palma Travassos|Jardim Palma Travassos|2|1|1|51|R$ 179.500,00
232988|Apartamento mobiliado de 170m² com 03 suítes para locação e venda - Vila do Golfe|Vila do Golfe|3|4|3|170|R$ 1.990.000,00
163664|Apartamento de 45m² com 02 quartos à venda - Parque São Sebastião|Parque São Sebastião|2|1|1|45|R$ 135.000,00
221264|Apartamento de 42m² com 02 quartos à venda - Jardim José Sampaio Júnior|Jardim José Sampaio Júnior|2|1|1|42|R$ 150.000,00
221252|Apartamento de 42m² com 02 quartos à venda - Jardim José Sampaio Júnior|Jardim José Sampaio Júnior|2|1|1|42|R$ 150.000,00
198218|APARTAMENTO DIFERENCIADO NO SILVIO PASSALACQUA||2|1|1|47|R$ 150.000,00
211013|Apartamento com 42m² - 2 quartos - Vila Abranches.|"2 quartos Vila Abranches"|2|1|1|42|R$ 154.000,00
111884|APARTAMENTO NO IPIRANGA||2|1|1|41|R$ 154.000,00
122114|Apartamento - Padrão|Padrão|2|1|1|46|R$ 160.000,00
202988|APARTAMENTO NO BAIRRO PARQUE SÃO SEBASTIÃO||2|1|1|47|R$ 163.000,00
195173|Apartamento de 64m² com 02 quartos à venda - Planalto Verde|Planalto Verde|2|1|1|64|R$ 165.000,00
167387|Apartamento de 42m² com 02 quartos para venda - Jardim José Sampaio Júnior|Jardim José Sampaio Júnior|2|1|1|42|R$ 165.000,00
223646|Apartamento térreo de 43m² com 02 quartos à venda - Chácaras Pedro Corrêa de Carvalho|Chácaras Pedro Corrêa de Carvalho|2|1|1|43|R$ 169.900,00
244478|Apartamento/Padrão - Residencial - No bairro Jardim das Palmeiras - Vitta Recanto da Mata|Residencial No bairro Jardim das Palmeiras Vitta Recanto da Mata|2|1|1|49|R$ 170.000,00
227735|Apartamento de 50m² com 01 quartos à venda - Parque Industrial Lagoinha|Parque Industrial Lagoinha|1|1|1|50|R$ 170.000,00
221624|Apartamento de 48m² com 02 quartos à venda - Jardim Heitor Rigon|Jardim Heitor Rigon|2|1|1|48|R$ 170.000,00
132644|Apartamento de 43m² com 02 quartos para locação e venda - Sumarezinho|Sumarezinho|2|1|1|43|R$ 170.000,00
121625|APARTAMENTO PRÓXIMO À AVENIDA ANHANGUERA MOBILIADO||2|1|1|45|R$ 170.000,00
117815|Apartamento de 71m² com 02 quartos à venda - Vila Elisa|Vila Elisa|2|1|1|71|R$ 170.000,00
105236|Apartamento de 41m² com 01 quarto para locação - Presidente Médici|Presidente Médici|1|1|1|41|R$ 170.000,00
202946|APARTAMENTO NO BAIRRO ADELINO SIMIONI||2|1|1|43|R$ 175.000,00
154217|Apartamento térreo de 42m² com 02 quartos à venda - Planalto Verde|Planalto Verde|2|1|1|42|R$ 175.000,00
129566|Apartamento de 31m² com 01 quarto para locação - Jardim Botânico|Jardim Botânico|1|1|1|31|R$ 175.000,00
245477|Apartamento térreo de 48m² com 02 quartos para venda - Parque dos Lagos|Parque dos Lagos|2|1|1|48|R$ 180.000,00
245171|Apartamento de 43m² com 02 quartos à venda - Valentina Figueiredo|Valentina Figueiredo|2|1|1|43|R$ 180.000,00
244784|Apartamento de 43m² com 02 quartos à venda - Adelino Simioni|Adelino Simioni|2|1|1|43|R$ 180.000,00
243614|Apartamento de 55m² com 02 quartos à venda - Vila Virgínia|Vila Virgínia|2|1|1|55|R$ 180.000,00
243263|Apartamento de 47m² com 02 quartos à venda - Mirante Sul|Mirante Sul|2|1|1|47|R$ 180.000,00
243107|Apartamento de 42m² com 02 quartos à venda - Jardim Itaú|Jardim Itaú|2|1|1|42|R$ 180.000,00
242699|Apartamento de 40m² com 02 quartos à venda - Jardim Cybelli|Jardim Cybelli|2|1|1|40|R$ 180.000,00
242231|Apartamento térreo de 48m² com 02 quartos para venda - Parque dos Lagos|Parque dos Lagos|2|1|1|48|R$ 180.000,00
241271|Apartamento de 46m² com 2 quartos para locação e venda - Ipiranga|Ipiranga|2|1|1|46|R$ 180.000,00
240653|Apartamento de 42m² com 02 quartos para locação - Valentina Figueiredo|Valentina Figueiredo|2|1|1|42|R$ 180.000,00
236720|Apartamento térreo de 40m² com 02 quartos para venda - Reserva Real|Reserva Real|2|1|1|40|R$ 180.000,00
231167|Apartamento de 02 quartos para locação - Reserva Real|Reserva Real|2|1|1|40|R$ 180.000,00
230849|Apartamento de 45m² com 02 quartos - Jardim Castelo Branco|Jardim Castelo Branco|2|1|1|45|R$ 180.000,00
230726|Apartamento de 48m² com 02 quartos à venda - Quintino Facci II|Quintino Facci II|2|1|1|48|R$ 180.000,00
230708|Apartamento de 43m² com 02 quartos para venda e locação - Jardim Interlagos|Jardim Interlagos|2|1|1|43|R$ 180.000,00
226838|Apartamento reformado de 41m² com 02 quartos à venda - Bairro Reserva Real|Bairro Reserva Real|2|1|1|41|R$ 180.000,00
224933|Apartamento de 42m² com 2 quartos à venda - Parque dos Servidores|Parque dos Servidores|2|1|1|42|R$ 180.000,00
224741|Apartamento de 41m² com 02 quartos para venda - Reserva Real|Reserva Real|2|1|1|41|R$ 180.000,00
222365|Apartamento de 42m² com 02 quartos à venda - Vila Virgínia|Vila Virgínia|2|1|1|42|R$ 180.000,00
220922|Apartamento de 46m² com 02 quartos à venda - Ipiranga|Ipiranga|2|1|1|46|R$ 180.000,00
220319|Apartamento de 42m² com 02 quartos para venda - Ipiranga|Ipiranga|2|1|1|42|R$ 180.000,00
216557|Apartamento de 39m² com 02 quartos - Parque São Sebastião|Parque São Sebastião|2|1|1|39|R$ 180.000,00
216503|Apartamento de 42m² com 02 quartos à venda - Recanto das Flores em Bonfim Paulista|Recanto das Flores em Bonfim Paulista|2|1|1|42|R$ 180.000,00
216068|Apartamento de 42m² com 02 quartos à venda - Ipiranga|Ipiranga|2|1|1|42|R$ 180.000,00
213407|Apartamento térreo de 46m² com 02 quartos à venda - Vila Abranches|Vila Abranches|2|1|1|46|R$ 180.000,00
213266|Apartamento de 66m² com 02 quartos à venda - Vila Amélia|Vila Amélia|2|2|1|66|R$ 180.000,00
208808|Apartamento de 60m² com 02 quartos para venda - Planalto Verde|Planalto Verde|2|1|1|60|R$ 180.000,00
207305|Apartamento de 48m² com 2 quartos - Quali NK Residencial|Quali NK Residencial|2|1|1|48|R$ 180.000,00
206360|Apartamento de 41m² com 02 quartos para locação e venda - Reserva Real|Reserva Real|2|1|1|41|R$ 180.000,00
204638|Apartamento de 60m² com 02 quartos para locação e venda - Planalto verde|Planalto verde|2|1|1|60|R$ 180.000,00
203246|APARTAMENTO NO BAIRRO VILA ALBERTINA||2|1|1|42|R$ 180.000,00
201980|APARTAMENTO NO RESIDENCIAL GREENVILLE||2|1|1|44|R$ 180.000,00
201059|Apartamento mobiliado de 01 quarto para locação - Vila Amélia|Vila Amélia|1|1|1|34|R$ 180.000,00
199799|LINDO APARTAMENTO NA ZONA NORTE||2|1|1|41|R$ 180.000,00
199583|APARTAMENTO COM ELEVADOR NO VITTA PRAÇAS DO IPIRANGA||2|1|1|46|R$ 180.000,00
199544|EXCELENTE APARTAMENTO PARA VENDA NO BAIRRO RESERVA REAL||2|1|1|41|R$ 180.000,00
199289|Apartamento de 41m² com 02 quartos à venda - Reserva Real|Reserva Real|2|1|1|41|R$ 180.000,00
198422|APARTAMENTO PRÓXIMO À Av. JOSÉ ANTÔNIO FERRAREZI||2|1|1|41|R$ 180.000,00
198062|APARTAMENTO TÉRREO NO RESERVA REAL||2|1|1|41|R$ 180.000,00
192740|SOBRADO EM CONDOMÍNIO, PRÓXIMO À AVENIDA DOM PEDRO I .||2|1|1|79|R$ 180.000,00
192248|EXCELENTE APARTAMENTO No Manoel Pena||2|1|1|46|R$ 180.000,00
191540|APARTAMENTO PRÓXIMO A HENRI NESTLÉ||2|1|1|41|R$ 180.000,00
190328|APARTAMENTO COM 2 DORMITÓRIOS NO PARQUE SÃO SEBASTIÃO||2|1|1|47|R$ 180.000,00
189176|Apartamento de 02 quartos para locação - Chácaras Pedro Correa de Carvalho|Chácaras Pedro Correa de Carvalho|2|1|1|43|R$ 180.000,00
187775|Lindo apartamento próximo a usp de 1 dormitório com 1 vaga coberta.||1|1|1|38|R$ 180.000,00
187355|APARTAMENTO NO BAIRRO SUMAREZINHO||2|1|1|46|R$ 180.000,00
183830|Apartamento de 72m² com 03 quartos para locação e venda - Jardim Independência|Jardim Independência|3|2|2|72|R$ 180.000,00
182978|Apartamento de 02 quartos para venda - Lagoinha|Lagoinha|2|1|1|46|R$ 180.000,00
182186|APARTAMENTO PRÓXIMO À AVENIDA PROFESSORA EDUL RANGEL RABELLO||2|1|1|44|R$ 180.000,00
181307|Apartamento de 47m² com 02 quartos para venda - Campos Elíseos|Campos Elíseos|3|1|1|47|R$ 180.000,00
179723|ÓTIMO APARTAMENTO NO BAIRRO CAMPOS ELÍSEOS||1|1|1|44|R$ 180.000,00
178745|EXCELENTE APARTAMENTO PARA LOCAÇÃO E VENDA NO JARDIM MANOEL PENNA||2|1|1|48|R$ 180.000,00
178406|APARTAMENTO EM BONFIM PAULISTA||2|1|1|43|R$ 180.000,00
177746|Apartamento de 42m² com 02 quartos - Jardim José Sampaio Júnior|Jardim José Sampaio Júnior|2|1|1|42|R$ 180.000,00
177194|APARTAMENTO TÉRREO NA RIBERÂNIA||2|1|1|45|R$ 180.000,00
175937|APARTAMENTO 2 DORMITÓRIOS||2|1|1|43|R$ 180.000,00
175694|EXCELENTE APARTAMENTO REFORMADO NO HEITOR RIGON||2|1|1|42|R$ 180.000,00
174698|APARTAMENTO NO IPIRANGA||2|1|1|40|R$ 180.000,00
173801|APARTAMENTO TÉRREO NO JARDIM PALMA TRAVASSOS||2|1|1|52|R$ 180.000,00
173261|LINDO APARTAMENTO VILA VIRGINIA||2|1|1|62|R$ 180.000,00
167285|APARTAMENTO TÉRREO NO JARDIM DIVA TARLÁ DE CARVALHO||2|1|1|43|R$ 180.000,00
164150|APARTAMENTO TÉRREO NO PARQUE DOS LAGOS||2|1|1|47|R$ 180.000,00
159887|APARTAMENTO PRÓXIMO À AVENIDA TREZE DE MAIO||1|1|1|32|R$ 180.000,00
159113|APARTAMENTO PRÓXIMO À RUA NITERÓI||2|1|1|46|R$ 180.000,00
157199|Apartamento de 55m² com 02 quartos à venda - Vila Virgínia|Vila Virgínia|2|1|1|55|R$ 180.000,00
157142|Apartamento de 37m² com 01 quarto para venda - Parque Industrial Lagoinha|Parque Industrial Lagoinha|1|1|1|37|R$ 180.000,00
156428|APARTAMENTO PRÓXIMO À AVENIDA DOM PEDRO I||2|2|1|49|R$ 180.000,00
155078|Apartamento de 59m² com 03 quartos para venda - Campos Elíseos|Campos Elíseos|3|2|1|59|R$ 180.000,00
153779|Apartamento de 40m² com 02 quartos à venda - Jardim Helena|Jardim Helena|2|1|1|40|R$ 180.000,00
152960|**ÓTIMO APARTAMENTO NO JARDIM INTERLAGOS**||3|1|1|58|R$ 180.000,00
152624|Apartamento de 44 m² e 2 quartos - Parque São Sebastião|Parque São Sebastião|2|1|1|44|R$ 180.000,00
151937|Apartamento de 41m² com 02 quartos à venda - Reserva Real|Reserva Real|2|1|1|41|R$ 180.000,00
150650|APARTAMENTO PRÓXIMO À RUA JAVARI||2|1|1|40|R$ 180.000,00
150029|APARTAMENTO COM LAZER COMPLETO||2|1|1|46|R$ 180.000,00
149996|APARTAMENTO NO BAIRRO JARDIM PALMA TRAVASSOS||2|1|2|49|R$ 180.000,00
147176|APARTAMENTO PRÓXIMO À AVENIDA EDUL RANGEL RABELLO||2|1|1|44|R$ 180.000,00
146450|APARTAMENTO PRÓXIMO À AVENIDA BANDEIRANTES||2|1|1|42|R$ 180.000,00
140840|APARTAMENTO TÉRREO JARDIM MANOEL PENNA||2|1|1|47|R$ 180.000,00
140702|Apartamento para venda de 55m² de 02 quartos - Vila Virginia|Vila Virginia|2|1|1|55|R$ 180.000,00
139604|APARTAMENTO NO PARQUE DOS SERVIDORES||2|1|2|56|R$ 180.000,00
138503|Apartamento de 01 quarto para locação - Jardim Paulista|Jardim Paulista|1|1|1|51|R$ 180.000,00
138218|Apartamento de 46m² com 02 quartos para venda - Jardim João Rossi|Jardim João Rossi|2|1|1|46|R$ 180.000,00
138074|Apartamento de 01 quarto para locação - Jd. Pres. Médici|Jd Pres Médici|1|1|1|38|R$ 180.000,00
131111|****ÓTIMO APARTAMENTO*****||2|1|1|46|R$ 180.000,00
129989|Apartamento - Padrão|Padrão|2|1|1|49|R$ 180.000,00
128660|Apartamento de 02 quartos para locação - Lagoinha|Lagoinha|2|1|1|46|R$ 180.000,00
128471|APARTAMENTO NO IPIRANGA||2|1|1|46|R$ 180.000,00
127733|Apartamento - Padrão|Padrão|2|1|1|45|R$ 180.000,00
127355|Apartamento - Padrão|Padrão|2|1|1|42|R$ 180.000,00
126818|Apartamento de 57m² com 01 quarto à venda - Jardim Paulista|Jardim Paulista|1|1|1|57|R$ 180.000,00
126611|APARTAMENTO NO JARDIM SANTA CECILIA||2|1|1|49|R$ 180.000,00
123926|Apartamento - Padrão|Padrão|2|1|1|45|R$ 180.000,00
121352|APARTAMENTO NO MONTE ALEGRE||1|1|1|45|R$ 180.000,00
120269|Apartamento de 47m² com 01 suíte á venda - Jardim Macedo|Jardim Macedo|1|2|1|47|R$ 180.000,00
118085|Apartamento de 48m² com 02 quartos à venda - Residencial Jequitibá|Residencial Jequitibá|2|1|1|48|R$ 180.000,00
109955|Apartamento de 46m² com 02 quartos para locação - Vila Abranches|Vila Abranches|2|1|1|46|R$ 180.000,00
107099|Apartamento de 46 m² com 1 quarto à venda - Centro|Centro|1|1|1|46|R$ 180.000,00
103841|Apartamento - Padrão|Padrão|2|1|1|44|R$ 180.000,00
103706|APARTAMENTO PRÓXIMO Á USP||2|1|1|60|R$ 180.000,00
98123|Apartamento - Padrão|Padrão|2|1|1|48|R$ 180.000,00
97214|Apartamento de 45m² com 02 quartos para locação - República|República|2|1|1|45|R$ 180.000,00
97085|APARTAMENTO PRÓXIMO À AVENIDA LUIGI ROSIELO||2|1|1|48|R$ 180.000,00
92888|Apartamento - Padrão|Padrão|1|1|1|43|R$ 180.000,00
91694|Apartamento de 44m² com 02 quartos à venda - Residencial Greenville|Residencial Greenville|2|1|1|44|R$ 180.000,00
91439|Apartamento - Padrão|Padrão|1|1|1|20|R$ 180.000,00
87194|EXCELENTE APARTAMENTO PARA LOCAÇÃO E VENDA NO CAMPOS ELÍSEOS||2|1|1|46|R$ 180.000,00
82595|APARTAMENTO NA VILA VIRGINIA||2|1|1|50|R$ 180.000,00
78215|Apartamento de 58m² com 02 quartps - Jardim Zara|Jardim Zara|2|1|1|58|R$ 180.000,00
77144|Apartamento de 47m² com 02 quartos para locação e venda - Parque dos Lagos|Parque dos Lagos|2|1|1|47|R$ 180.000,00
73721|Apartamento de 38m² com 01 quarto para locação - Presidente Medici|Presidente Medici|1|1|1|38|R$ 180.000,00
64700|Apartamento de 35m² com 01 quarto para venda - Jardim Califórnia|Jardim Califórnia|1|1|1|35|R$ 180.000,00
51857|APARTAMENTO PRÓXIMO AO RIBEIRÃO SHOPPING||1|1|1|31|R$ 180.000,00
50723|APARTAMENTO PRÓXIMO À UNAERP||1|1|1|35|R$ 180.000,00
44471|APARTAMENTO PRÓXIMO À AVENIDA CASTELO BRANCO||1|1|1|36|R$ 180.000,00
27248|APARTAMENTO NO PARQUE INDUSTRIAL LAGOINHA||1|1|1|25|R$ 180.000,00
25481|Apartamento de 46m² com 01 quarto à venda - Parque Industrial Lagoinha|Parque Industrial Lagoinha|1|1|1|46|R$ 180.000,00
15500|Apartamento Térreo de 67m² com 02 quartos à venda - Jardim Anhanguera|Jardim Anhanguera|2|2|1|67|R$ 180.000,00
236204|Apartamento de 43m² com 02 quartos para locação - Vitta Heitor Rigon III|Vitta Heitor Rigon III|2|1|1|43|R$ 180.200,00
229817|Apartamento de 45m² com 02 quartos para Locação - Reserva Macaúba|Reserva Macaúba|2|1|1|45|R$ 180.200,00
146018|APARTAMENTO TÉRREO PRÓXIMO À RODOVIA ALEXANDRE BALBO||2|1|1|46|R$ 180.200,00
67175|APARTAMENTO NA LAGOINHA||1|1|1|38|R$ 175.000,00
145682|Apartamento de 49m² com 02 quartos à venda - Jardim Macedo|Jardim Macedo|2|1|1|49|R$ 176.000,00
244133|Apartamento de 46m² com 02 quartos para venda - Ribeirânia|Ribeirânia|2|1|1|46|R$ 181.000,00
240959|Apartamento de 42m² com 02 quartos à venda - Jardim Maria Goretti|Jardim Maria Goretti|2|1|1|42|R$ 181.000,00
236783|Apartamento de 40m² com 02 quartos à venda - Jardim Itaú|Jardim Itaú|2|1|1|40|R$ 181.000,00
227009|Apartamento de 41m² com 02 quartos à venda - Jardim Reserva Real|Jardim Reserva Real|2|1|1|41|R$ 181.000,00
189044|Apartamento térreo de 48m² à venda - Condomínio Parque Renascer|Condomínio Parque Renascer|2|1|1|48|R$ 181.000,00
181796|APARTAMENTO NO PLANALTO VERDE||2|1|1|42|R$ 181.000,00
180326|APARTAMENTO NO JARDIM JOSÉ WILSON TONI||2|1|1|42|R$ 181.000,00
166259|Apartamento de 43m² - Parque dos Servidores|Parque dos Servidores|2|1|1|43|R$ 181.000,00
158516|Apartamento - Padrão|Padrão|2|1|1|41|R$ 181.000,00
155891|APARTAMENTO PRÓXIMO À AVENIDA MARECHAL COSTA E SILVA||2|1|1|42|R$ 181.000,00
144614|APARTAMENTO PRÓXIMO À RUA NITERÓI||2|1|1|46|R$ 181.000,00
142547|APARTAMENTO PRÓXIMO À AVENIDA ALFREDO RAVANELI||2|1|1|43|R$ 181.000,00
140732|APARTAMENTO EM ÓTIMA LOCALIZAÇÃO PRÓXIMO A AV. JOSÉ ANTÔNIO FERRAREZI||2|1|1|41|R$ 181.000,00
113186|APARTAMENTO PRÓXIMO À USP||2|1|1|59|R$ 181.000,00
88445|Apartamento de 46m² com 02 quartos para locação e venda - Vila Abranches|Vila Abranches|2|1|1|46|R$ 181.000,00
88430|APARTAMENTO RIBEIRÃO PRETO||1|1|1|46|R$ 181.000,00
222698|Apartamento de 49m² com 02 quartos à venda - Jequitibá|Jequitibá|2|1|1|49|R$ 182.000,00
201929|Apartamento térreo de 48 m² com 2 quartos à venda - Reserva Real|Reserva Real|2|1|1|48|R$ 182.000,00
181856|APARTAMENTO PRÓXIMO À AVENIDA EDUARDO GOMES DE SOUZA||1|1|1|37|R$ 182.000,00
175379|Apartamento de 46m² com 02 quartos - Ribeirânia|Ribeirânia|2|1|1|46|R$ 182.000,00
159725|APARTAMENTO PRÓXIMO À RUA CORONEL AMÉRICO BATISTA||2|1|1|42|R$ 182.000,00
161858|Apartamento de 47m² com 02 quartos à venda - Parque São Sebastião|Parque São Sebastião|2|1|1|47|R$ 170.000,00
178841|Apartamento de 52m² com 02 quartos à venda - Jardim José Figueira|Jardim José Figueira|2|1|1|52|R$ 155.000,00
172958|Apartamento de 46m² com 02 quartos à venda - Sumarezinho|Sumarezinho|2|1|1|46|R$ 160.000,00
225692|Apartamento de 40m² com 02 quartos à venda - Jardim Ouro Branco|Jardim Ouro Branco|2|1|2|40|R$ 170.000,00
130106|FLAT NO CENTRO MOBILIADO||1|1|1|52|R$ 170.000,00
132419|APARTAMENTO PRÓXIMO AO CAMPOS ELÍSEOS||3|1|1|74|R$ 180.000,00
229883|Apartamento de 49m² com 02 quartos para venda - Jardim Palma Travassos|Jardim Palma Travassos|2|1|1|49|R$ 185.000,00
225893|Apartamento novo de 42 m² com 02 quartos à venda - Quintino Facci II|Quintino Facci II|2|1|1|42|R$ 185.000,00
224999|Apartamento térreo de 40m² com 02 quartos à venda - Jardim Cybelli|Jardim Cybelli|2|1|1|40|R$ 185.000,00
224684|Apartamento reformado de 40² com 02 quartos para venda - Parque dos Pinus|Parque dos Pinus|2|1|1|40|R$ 185.000,00
221432|Apartamento de 47m² com 02 quartos à venda - Residencial Jequitibá|Residencial Jequitibá|2|1|1|47|R$ 185.000,00
205847|Apartamento de 44m² com 02 quartos à venda - Parque Reino da Escócia|Parque Reino da Escócia|2|1|1|44|R$ 185.000,00
204158|Apartamento de 45m² com 02 quartos à venda - Parque dos Lagos|Parque dos Lagos|2|1|1|45|R$ 185.000,00
190622|Apartamento com quintal em condomínio com lazer completo||2|1|1|40|R$ 185.000,00
190082|LINDO APARTAMENTO LAR ESPANHA PREÇO DE OPORTUNIDADE||2|1|1|43|R$ 185.000,00
187001|APARTAMENTO A VENDA NO PARQUE DOS SERVIDORES||2|1|1|42|R$ 185.000,00
184475|****OTIMO APARTAMENTO****||1|1|1|40|R$ 185.000,00
183041|APARTAMENTO PRÓXIMO À USP||2|1|1|60|R$ 185.000,00
182936|APARTAMENTO EM BONFIM PAULISTA||2|1|1|42|R$ 185.000,00
182771|APARTAMENTO PRÓXIMO À RUA JAVARI||2|1|1|41|R$ 185.000,00
179039|LINDO APARTAMENTO NO JOSÉ FIGUEIRA||2|1|1|47|R$ 185.000,00
172082|APARTAMENTO NA LAGOINHA||2|1|1|46|R$ 185.000,00
165836|Apartamento térreo de 42m² com 02 quartos à venda - Residencial Parque dos Servidores|Residencial Parque dos Servidores|2|1|1|42|R$ 185.000,00
147938|APARTAMENTO PRÓXIMO À AVENIDA PROFESSORA EDUL RANGEL RABELLO||2|1|1|44|R$ 185.000,00
146093|** LINDO APARTAMENTO **||3|1|1|55|R$ 185.000,00
141674|Apartamento de 51m² térreo com 02 quartos à venda - Residencial Greenville|Residencial Greenville|2|1|1|51|R$ 185.000,00
139880|***ÓTIMO APARTAMENTO****||2|1|1|40|R$ 185.000,00
105317|APARTAMENTO NO BAIRRO IPIRANGA||2|1|1|68|R$ 185.000,00
103022|Apartamento de 42m² com 02 quartos à venda - Campos Elíseos|Campos Elíseos|2|1|1|42|R$ 185.000,00
100811|APARTAMENTO NO SUMAREZINHO||2|1|1|46|R$ 185.000,00
96218|Apartamento de 48m² com 01 suíte para locação - Jardim Irajá|Jardim Irajá|1|2|1|48|R$ 185.000,00
89096|Apartamento de 38m² com 01 quarto para locação - Vila Ana Maria|Vila Ana Maria|1|1|1|38|R$ 185.000,00
87701|Apartamento - Padrão|Padrão|2|1|1|47|R$ 185.000,00
84191|Apartamento - Padrão|Padrão|2|2|1|55|R$ 185.000,00
77744|APARTAMENTO PRÓXIMO À UNIP||1|1|1|4151|R$ 185.000,00
162146|APARTAMENTO PRÓXIMO À AVENIDA DOM PEDRO I||1|1|1|32|R$ 185.500,00
151097|APARTAMENTO PRÓXIMO À AVENIDA BARÃO DO BANANAL||2|1|1|42|R$ 185.500,00
177446|APARTAMENTO NA AVENIDA CARAMURU||2|1|1|57|R$ 186.000,00
175679|APARTAMENTO NO JARDIM IRAJÁ||1|1|1|37|R$ 186.000,00
175676|APARTAMENTO NO JARDIM IRAJÁ||1|1|1|37|R$ 186.000,00
171122|APARTAMENTO NP JARDIM PALMA TRAVASSOS||2|1|1|52|R$ 186.000,00
167666|APARTAMENTO DIFERENCIADO NO GERALDO DE CARVALHO||2|1|1|48|R$ 186.000,00
149825|APARTAMENTO PRÓXIMO AO ATACADÃO||2|1|1|43|R$ 186.000,00
138536|APARTAMENTO NO JARDIM MARCHESI||2|1|1|43|R$ 186.000,00
135989|APARTAMENTO NO GREENVILE||2|1|1|44|R$ 186.000,00
132716|Apartamento - Padrão|Padrão|2|1|1|40|R$ 186.000,00
127490|APARTAMENTO NO JARDIM SANTA CELILIA||2|1|1|42|R$ 186.000,00
179411|APARTAMENTO NO CHÁCARAS PEDRO CORREA DE CARVALHO||2|1|1|42|R$ 186.000,00
115661|Apartamento térreo de 43m² com 02 quartos à venda - Sumarezinho|Sumarezinho|2|1|1|43|R$ 185.000,00
243257|Apartamento de 40 m²- com 2 quartos a venda - Palácio de Versalhes|com 2 quartos a venda Palácio de Versalhes|2|1|1|40|R$ 187.000,00
216740|Apartamento de 47m² com 02 quartos para locação - Campos Elíseos|Campos Elíseos|2|1|1|47|R$ 187.000,00
139196|Apartamento de 02 dormitórios - Ipiranga|Ipiranga|2|1|1|52|R$ 187.000,00
26963|Apartamento de 39m² com 01 suíte para venda - Vila Seixas|Vila Seixas|1|1|1|39|R$ 185.000,00
224288|Apartamento de 46m² com 02 quartos à venda - City Ribeirão|City Ribeirão|2|1|1|46|R$ 189.000,00
222221|Apartamento de 41m² com 02 quartos para venda - Residencial Jequitibá|Residencial Jequitibá|2|1|1|41|R$ 189.000,00
176780|Apartamento de 42m² com 02 quartos à venda - Planalto Verde|Planalto Verde|2|1|1|42|R$ 189.000,00
121745|APARTAMENTO NOVO EM CONDOMINIO FECHADO||2|1|1|56|R$ 189.000,00
24080|Apartamento mobiliado de 49m² com 01 à venda - Centro|Centro|1|1|1|49|R$ 189.000,00
186602|APARTAMENTO NO JARDIM HEITOR RIGON||2|1|1|43|R$ 189.900,00
131066|Apartamento de 41m² com 02 quartos para venda e locação - Jardim Silvio Passalacqua|Jardim Silvio Passalacqua|2|1|1|41|R$ 150.000,00
224771|Apartamento de 40m² com 02 quartos para venda - Jardim Itaú|Jardim Itaú|2|1|1|40|R$ 155.000,00
153971|Apartamento de 58m² com 02 quartos à venda - Planalto Verde|Planalto Verde|2|1|1|58|R$ 160.000,00
129491|** Excelente Apartamento **||2|1|1|66|R$ 160.000,00
140333|APARTAMENTO NOVO PRÓXIMO A AVENIDA PATRIARCA||2|1|1|44|R$ 165.000,00
207590|Apartamento térreo de 56m² com 02 quartos à venda - Jardim Ouro Branco|Jardim Ouro Branco|2|1|1|56|R$ 169.000,00
241892|Apartamento de 43m² à venda - Reserva Macaúba|Reserva Macaúba|2|1|1|43|R$ 170.000,00
197249|APARTAMENTO PRÓXIMO À AVENIDA MONTEIRO LOBATO||2|1|1|42|R$ 170.000,00
144218|Apartamento de 41m² com 02 quartos à venda - Reserva Real|Reserva Real|2|1|1|41|R$ 170.000,00
154964|APARTAMENTO PRÓXIMO À AVENIDA MARECHAL COSTA E SILVA||2|1|1|42|R$ 175.000,00
125774|Apartamento - Padrão|Padrão|1|1|1|31|R$ 178.000,00
143459|Apartamento de 42m² com 02 quartos à venda - Quintino Facci II|Quintino Facci II|2|1|1|42|R$ 180.000,00
227858|Apartamento de 46m² com 01 quarto à venda - Centro|Centro|1|1|1|46|R$ 185.000,00
220127|Apartamento de 56m² com 02 quartos à venda - Chácaras Pedro Corrêa de Carvalho|Chácaras Pedro Corrêa de Carvalho|2|2|1|56|R$ 185.000,00
205811|Apartamento de 41m² com 02 quartos à venda - Reserva Real|Reserva Real|2|1|1|41|R$ 185.000,00
62360|Apartamento de 39m² com 01 quarto à venda - Vila Ana Maria|Vila Ana Maria|1|1|2|39|R$ 188.000,00
245507|Apartamento de 40m² com 02 quartos à venda - Recreio das Acácias|Recreio das Acácias|2|1|1|40|R$ 190.000,00
242795|Apartamento terreo de 42m² com 02 quartos à venda - Jardim Santa Cecilia|Jardim Santa Cecilia|2|1|1|42|R$ 190.000,00
242597|Apartamento de 40m² com 02 quartos à venda - Reserva Real|Reserva Real|2|1|1|40|R$ 190.000,00
241928|Apartamento 58m² com 02 quartos - Jardim Paulistano|Jardim Paulistano|2|2|1|58|R$ 190.000,00
241442|Apartamento de 42m² com 02 quartos para venda e locação - Jardim Heitor Rigon|Jardim Heitor Rigon|2|1|1|42|R$ 190.000,00
239465|Apartamento de 40m² com 02 quartos à venda - Parque dos Pinus|Parque dos Pinus|2|1|1|40|R$ 190.000,00
237809|Apartamento de 48 m² 2 quartos - a venda no Ipiranga|a venda no Ipiranga|2|1|1|48|R$ 190.000,00
234512|Apartamento de 43m² com 02 quartos para venda e locação - Jardim Interlagos|Jardim Interlagos|2|1|1|43|R$ 190.000,00
233225|Apartamento de 48m² com 02 quartos à venda - Ipiranga|Ipiranga|2|1|1|48|R$ 190.000,00
227306|Apartamento de 58m² com 03 quartos à venda - Campos Eliseos|Campos Eliseos|3|1|1|58|R$ 190.000,00
226478|Apartamento de 43m² com 02 quartos à venda - Jardim Diva Tarla de Carvalho|Jardim Diva Tarla de Carvalho|2|1|1|43|R$ 190.000,00
225737|Apartamento de 48m² com 2 quartos à venda - Parque dos Lagos|Parque dos Lagos|2|1|1|48|R$ 190.000,00
225056|Apartamento de 44m² com 02 quartos à venda - Residencial Greenville|Residencial Greenville|2|1|1|44|R$ 190.000,00
223772|Apartamento de 67m² com 02 quartos sendo 01 suíte à venda - Ipiranga|Ipiranga|2|2|1|67|R$ 190.000,00
223643|Apartamento de 43m² com 02 quartos à venda - Bonfim Paulista|Bonfim Paulista|2|1|1|43|R$ 190.000,00
223118|Apartamento de 43m² com 02 quartos à venda - Reserva Macaúba|Reserva Macaúba|2|1|1|43|R$ 190.000,00
221510|Apartamento de 43m² com 02 quartos à venda - Vila Mariana|Vila Mariana|2|1|1|43|R$ 190.000,00
217988|Apartamento de 46m² com 02 quartos à venda - Ipiranga|Ipiranga|2|1|1|46|R$ 190.000,00
217115|Apartamento de 49m² com 02 quartos à venda - Jardim Palma Travassos|Jardim Palma Travassos|2|1|1|49|R$ 190.000,00
206984|Apartamento de 42m² com 02 quartos - Jardim Santa Cecília|Jardim Santa Cecília|2|1|1|42|R$ 190.000,00
203267|ÓTIMO APARTAMENTO NO BAIRRO PARQUE DOS PINUS||2|1|1|40|R$ 190.000,00
200729|Apartamento de 48m² com 02 quartos - Vila Monte Alegre|Vila Monte Alegre|2|2|1|48|R$ 190.000,00
199052|Apartamento de 35m² com 01 quarto para locação e venda - Vila Amélia|Vila Amélia|1|1|1|35|R$ 190.000,00
197783|Apartamento de 47m² com 02 quartos - Chácaras Pedro Corrêa de Carvalho|Chácaras Pedro Corrêa de Carvalho|2|1|1|47|R$ 190.000,00
197093|Apartamento de 42m² com 02 quartos à venda - Recreio Anhanguera|Recreio Anhanguera|2|1|1|42|R$ 190.000,00
195653|APARTAMENTO PRÓXIMO À AVENIDA INDEPENDÊNCIA||1|1|1|38|R$ 190.000,00
184715|APARTAMENTO NO JARDIM CALIFÓRNIA||1|1|1|39|R$ 190.000,00
182714|Apartamento de 46m² com 02 quartos à venda e locação - Ipiranga|Ipiranga|2|1|1|46|R$ 190.000,00
179606|APARTAMENTO EM BONFIM PAULISTA||2|1|1|42|R$ 190.000,00
178895|Apartamento de 53m² com 02 quartos no Paulistano||3|1|1|53|R$ 190.000,00
178496|Apartamento - Padrão|Padrão|2|1|1|42|R$ 190.000,00
173834|APARTAMENTO NA VILA MONTE ALEGRE||3|1|1|66|R$ 190.000,00
173036|Apartamento de 39m² com 01 quarto à venda - Jardim Paulista|Jardim Paulista|1|1|1|39|R$ 190.000,00
170882|APARTAMENTO NA VILA VIRGINIA||2|1|1|55|R$ 190.000,00
167354|APARTAMENTO NA VILA SEIXAS||1|1|1|35|R$ 190.000,00
165995|Apartamento duplex - Centro|Centro|1|1|1|41|R$ 190.000,00
165965|Apartamento de 42m² com 02 dormitórios para locação e venda - Parque São Sebastião|Parque São Sebastião|2|1|1|42|R$ 190.000,00
165161|EXCELENTE APARTAMENTO PARA LOCAÇÃO NO PARQUE DOS PINUS||2|1|1|40|R$ 190.000,00
161900|APARTAMENTO PRÓXIMO À AVENIDA ANTÔNIO E HELENA ZERRENER||2|1|1|46|R$ 190.000,00
159455|APARTAMENTO NOVO PRÓXIMO HENRI NESTLÉ||2|1|1|45|R$ 190.000,00
154487|Apartamento de 42m² com 02 quartos à venda - Ipiranga|Ipiranga|2|1|1|42|R$ 190.000,00
154280|Apartamento semi-mobiliado de 45m² com 02 quartos para locação e venda - Parque dos Lagos|mobiliado de 45m² com 02 quartos para locação e venda Parque dos Lagos|2|1|1|45|R$ 190.000,00
154268|Apartamento de 42m² com 02 quartos à venda - Jardim Florestan Fernandes|Jardim Florestan Fernandes|2|1|1|42|R$ 190.000,00
150854|APARTAMENTO NA LAGOINHA||1|1|1|37|R$ 190.000,00
141104|****LINDO APARTAMENTO NO IPIRANGA****||2|1|1|46|R$ 190.000,00
140639|Apartamento térreo de 49m² com 02 quarto à venda - Residencial Jequitibá|Residencial Jequitibá|2|1|1|49|R$ 190.000,00
132746|Apartamento para venda de 03 quartos - Ipiranga|Ipiranga|3|2|1|63|R$ 190.000,00
130079|Apartamento de 01 quarto para locação - Lagoinha|Lagoinha|1|1|1|36|R$ 190.000,00
130055|Apartamento de 40m² com 01 quartos à venda - Jardim Califórnia|Jardim Califórnia|1|1|1|40|R$ 190.000,00
125639|**Lindo Apartamento**||2|1|1|46|R$ 190.000,00
123641|APARTAMENTO PRÓXIMO À RUA JOÃO BIM||3|1|1|53|R$ 190.000,00
108608|Apartamento - Padrão|Padrão|1|1|1|27|R$ 190.000,00
105878|EXCELENTE APARTAMENTO CENTRO 1 DORMITÓRIO||1|1|1|37|R$ 190.000,00
103052|Apartamento de 38m² com 01 quarto para locação - Presidente Medici|Presidente Medici|1|1|1|38|R$ 190.000,00
97271|Apartamento de 01 quarto para locação - Jd. Palma Travassos|Jd Palma Travassos|1|1|1|43|R$ 190.000,00
95444|Apartamento - Padrão|Padrão|2|1|1|0|R$ 190.000,00
94295|Apartamento de 37m² com 01 suíte à venda - Jardim Irajá|Jardim Irajá|1|1|1|37|R$ 190.000,00
93527|Apartamento - Padrão|Padrão|2|1|1|55|R$ 190.000,00
90533|Apartamento de 01 quarto para locação - Centro|Centro|1|1|1|51|R$ 190.000,00
90077|APARTAMENTO PARA LOCAÇÃO NO BAIRRO JARDIM IRAJÁ||1|1|1|38|R$ 190.000,00
87230|Apartamento de 37m² com 01 suíte à venda - Jardim Irajá|Jardim Irajá|1|1|1|37|R$ 190.000,00
76805|Apartamento de 40m² com 01 quarto para venda - Vila Seixas|Vila Seixas|1|2|1|40|R$ 190.000,00
60524|Apartamento de 71m² com 02 quartos à venda - Jardim Zara|Jardim Zara|2|2|1|71|R$ 190.000,00
58529|APARTAMENTO NA LAGOINHA||1|1|1|45|R$ 190.000,00
51137|Apartamento de 01 quarto para locação - Lagoinha|Lagoinha|1|1|1|45|R$ 190.000,00
34592|APARTAMENTO PRÓXIMO À AVENIDA LEÃO XIII||2|1|1|50|R$ 190.000,00
31463|Apartamento de 01 quarto para venda - Jardim Irajá|Jardim Irajá|1|1|1|38|R$ 190.000,00
30926|APARTAMENTO MOBILIADO PRÓXIMO À AVENIDA CASTELO BRANCO||1|1|1|55|R$ 190.000,00
18032|APARTAMENTO NO JARDIM PAULISTA||1|1|1|35|R$ 190.000,00
241619|Apartamento de 40m² com 02 quartos à venda - Reserva São José|Reserva São José|2|1|1|40|R$ 190.800,00
91409|Apartamento de 45m² com 01 quarto à venda - Jardim Antártica|Jardim Antártica|1|1|1|45|R$ 150.000,00
149018|Apartamento de 02 quartos para locação - Alto da Boa Vista|Alto da Boa Vista|2|1|1|48|R$ 180.000,00
131699|EXCELENTE APARTAMENTO PARA VENDA NA ZONA SUL DE RIBEIRÃO PRETO||2|1|1|46|R$ 190.000,00
188342|Apartamento de 42m² com 02 quartos para locação - Campos Elíseos|Campos Elíseos|2|1|1|42|R$ 191.000,00
183914|Apartamento térreo de 55m² com 02 quartos à venda - Vila Virginia|Vila Virginia|2|1|1|55|R$ 191.000,00
177239|APARTAMENTO NO RESIDENCIAL GREENVILE||2|1|1|44|R$ 191.000,00
176465|EXCELENTE APARTAMENTO TÉRREO PARA LOCAÇÃO NO BAIRRO VILA TAMANDARÉ||2|1|1|68|R$ 191.000,00
176291|APARTAMENTO TÉRREO EM BONFIM PAULISTA||2|1|1|43|R$ 191.000,00
174044|APARTAMENTO NO RESIDENCIAL GREENVILLE||2|1|1|44|R$ 191.000,00
173876|APARTAMENTO EM BONFIM PAULISTA||2|1|1|48|R$ 191.000,00
160622|Apartamento de 74m² com 03 quartos para Venda - Residencial e Comercial Palmares|Residencial e Comercial Palmares|3|2|1|74|R$ 191.000,00
144446|Apartamento de 42m² com 02 quartos à venda - Valentina Figueiredo|Valentina Figueiredo|2|1|1|42|R$ 191.000,00
142586|APARTAMENTO PRÓXIMO À RUA JOÃO TONIOLI||2|1|1|43|R$ 191.000,00
135086|Apartamento de 49m² com 02 quartos à venda - Ipiranga|Ipiranga|2|2|1|49|R$ 191.000,00
129626|APARTAMENTO COM LOCALIZAÇÃO PRIVILEGIADA PRÓXIMO AO RIBEIRÃO SHOPPING||1|1|1|41|R$ 191.000,00
119498|APARTAMENTO NO PRESIDENTE MEDICI||2|2|1|72|R$ 191.000,00
117710|APARTAMENTO NO PARQUE DOS LAGOS||2|1|1|48|R$ 191.000,00
117032|APARTAMENTO PRÓX A AV DOM PEDRO||2|1|1|57|R$ 191.000,00
103856|Apartamento de 42m² 01 quarto para locação - Residencial Florida|Residencial Florida|1|1|1|42|R$ 191.000,00
83318|APARTAMENTO PRÓXIMO À RUA NITERÓI||2|1|1|46|R$ 191.000,00
66170|Apartamento de 60m² com 02 quartos para venda - Planalto verde|Planalto verde|2|1|1|60|R$ 191.000,00
43412|APARTAMENTO PRÓXIMO À AVENIDA TREZE DE MAIO||3|1|1|53|R$ 191.000,00
27953|Apartamento - Padrão|Padrão|1|1|1|23|R$ 191.000,00
200600|Apartamento de 41m² com 02 quartos à venda - Reserva Imperial|Reserva Imperial|2|1|1|41|R$ 165.000,00
84188|OPORTUNIDADE APARTAMENTO TÉRREO PRÓXIMO A BANANAL||2|3|1|55|R$ 185.000,00
242924|Apartamento de 48m² com 02 quartos à venda - Residencial Jequitibá|Residencial Jequitibá|2|1|1|48|R$ 192.000,00
234065|Apartamento de 48m² com 02 quartos á venda - Ipiranga|Ipiranga|2|1|1|48|R$ 192.000,00
222269|Apartamento de 40m² com 02 quartos para venda - Jardim Cybelli|Jardim Cybelli|2|1|1|40|R$ 192.000,00
220304|Apartamento de 51m² com 02 quartos para venda e locação - Presidente Médici|Presidente Médici|2|1|1|51|R$ 192.000,00
194666|EXCELENTE APARTAMENTO PARA VENDA NO BAIRRO RECANTO DA LAGOINHA||2|1|1|46|R$ 192.000,00
184634|APARTAMENTO À VENDA NO PARQUE SÃO SEBASTIÃO||2|1|1|49|R$ 192.000,00
184016|****OTIMO APARTAMENTO****||1|1|1|40|R$ 192.000,00
182063|APARTAMENTO PRÓXIMO À AVENIDA DOUTOR FRANCISCO JUNQUEIRA||1|1|1|42|R$ 192.000,00
174791|EXCELENTE APARTAMENTO RESIDENCIAL 2 DORMITÓRIOS||2|2|2|62|R$ 192.000,00
150491|Apartamento de 32m² 01 quarto para locação - Bonfim Paulista|Bonfim Paulista|1|1|1|32|R$ 192.000,00
122717|EXCELENTE APARTAMENTO À VENDA NO BAIRRO VILA TIBÉRIO||2|1|1|66|R$ 192.000,00
118373|Apartamento - Padrão|Padrão|2|2|1|55|R$ 192.000,00
53294|Apartamento de 01 quarto para locação - Ana Maria|Ana Maria|1|1|1|31|R$ 192.000,00
181208|LINDO APARTAMENTO NO PARQUE DOS LAGOS||2|1|1|48|R$ 180.000,00
180833|APARTAMENTO NO GREENVILLE||2|1|1|44|R$ 180.000,00
224216|Apartamento de 38m² com 01 quarto para venda - Parque Industrial Lagoinha|Parque Industrial Lagoinha|1|1|1|38|R$ 181.000,00
196991|Apartamento de 40m² com 02 quartos à venda - Jardim do Trêvo|Jardim do Trêvo|2|1|1|40|R$ 185.000,00
244901|Apartamento de 42m² com 02 quartos à venda - Jardim José Wilson Toni|Jardim José Wilson Toni|2|1|1|42|R$ 195.000,00
244520|Apartamento de 43m² com 02 quartos à venda - Valentina Figueiredo|Valentina Figueiredo|2|1|1|43|R$ 195.000,00
237335|Apartamento de 41m² com 02 quartos à venda - Conjunto Habitacional Sílvio Passalacqua|Conjunto Habitacional Sílvio Passalacqua|2|1|1|41|R$ 195.000,00
236303|Apartamento de 49m² com 01 dormitório à venda - Centro|Centro|1|1|1|49|R$ 195.000,00
229613|Apartamento de 43m² com 02 quartos à venda - Chácaras Pedro Corrêa de Carvalho|Chácaras Pedro Corrêa de Carvalho|2|1|1|43|R$ 195.000,00
229103|Apartamento de 60m² com 02 quartos à venda - Planalto Verde|Planalto Verde|2|1|1|60|R$ 195.000,00
227969|Apartamento de 69m² com 02 quartos para locação e venda - Ipiranga|Ipiranga|2|1|1|69|R$ 195.000,00
226268|Apartamento de 45m² com 02 quartos à venda - Jardim Manoel Penna|Jardim Manoel Penna|2|1|1|45|R$ 195.000,00
225695|Apartamento de 42m² com 02 quartos - Parque Industrial Lagoinha - Condomínio Lar México|Parque Industrial Lagoinha Condomínio Lar México|2|1|1|42|R$ 195.000,00
225617|Apartamento térreo de 40m² com 02 quartos à venda - Reserva Real|Reserva Real|2|1|1|40|R$ 195.000,00
224924|Apartamento de 49m² com 01 quarto à venda - Centro|Centro|1|1|1|49|R$ 195.000,00
217394|Apartamento de 42m² com 02 quartos à venda - Jardim José Wilson Toni|Jardim José Wilson Toni|2|1|1|42|R$ 195.000,00
213854|Apartamento térreo de 40m² com 02 quartos à venda - Jardim Cybelli|Jardim Cybelli|2|1|1|40|R$ 195.000,00
205148|Apartamento de 42m² mobiliado com 02 quartos para venda e locação - Vila Virgínia|Vila Virgínia|2|1|1|42|R$ 195.000,00
195308|***OTIMO APARTAMENTO****||3|1|1|44|R$ 195.000,00
192653|EXCELENTE APARTAMENTO EM BONFIM PAULISTA||2|2|1|42|R$ 195.000,00
191750|APARTAMENTO NO JARDIM CASTELO BRANCO||1|1|1|41|R$ 195.000,00
188423|Apartamento - Padrão|Padrão|2|1|1|69|R$ 195.000,00
182564|APARTAMENTO PRÓXIMO À RODOVIA ALEXANDRE BALBO||2|1|1|43|R$ 195.000,00
182210|Apartamento de 46m² com 01 quarto à venda- Jardim Paulista|Jardim Paulista|1|1|1|46|R$ 195.000,00
165755|Apartamento Vila Virginia||2|1|1|45|R$ 195.000,00
165653|Apartamento de 42m² com 02 quartos para venda - Bonfim Paulista|Bonfim Paulista|2|1|1|42|R$ 195.000,00
162974|APARTAMENTO PRÓXIMO À AVENIDA PORTUGAL||2|1|1|46|R$ 195.000,00
162578|Apartamento de 01 quarto para venda - Jardim Irajá|Jardim Irajá|1|1|1|37|R$ 195.000,00
149711|APARTAMENTO PRÓXIMO À RODOVIA ANHANGUERA||2|1|1|42|R$ 195.000,00
147713|APARTAMENTO PRÓXIMO À RODOVIA ANTÔNIO MACHADO SANTANNA||2|1|1|41|R$ 195.000,00
142007|Apartamento de 43m² com 02 quartos á venda - Jardim Interlagos|Jardim Interlagos|2|1|1|43|R$ 195.000,00
140429|Imóvel próximo ao Buffet Alphaville||2|1|1|41|R$ 195.000,00
140309|APARTAMENTO PRÓXIMO AO PARQUE CARLOS RAYA||1|1|1|35|R$ 195.000,00
125066|Apartamento de 44m² de 01 quarto à venda - Jardim Paulistano|Jardim Paulistano|1|1|1|44|R$ 195.000,00
115805|APARTAMENTO PRÓXIMO À USP||2|1|1|46|R$ 195.000,00
74894|Apartamento - Padrão|Padrão|2|1|1|48|R$ 195.000,00
68504|Apartamento de 01 quarto para locação - Nova Aliança|Nova Aliança|1|1|1|40|R$ 195.000,00
67151|Apartamento de 41m² com 01 quarto à venda - Vila Amélia|Vila Amélia|1|1|1|41|R$ 195.000,00
240923|Apartamento de 47m² com 02 quartos à venda - Jardim Helena;|Jardim Helena|2|1|1|47|R$ 196.000,00
136295|Apartamento de 31m² com 01 quarto para locação - Jardim Irajá|Jardim Irajá|1|1|1|31|R$ 190.000,00
217238|Apartamento de 48m² com 02 quartos à venda - Geraldo Correia de Carvalho|Geraldo Correia de Carvalho|2|1|1|48|R$ 197.000,00
183398|APARTAMENTO PARQUE DOS LAGOS||2|1|1|45|R$ 197.000,00
160187|Apartamento de 41m² com 02 quartos à venda - Residencial Jequitibá|Residencial Jequitibá|2|1|1|41|R$ 197.000,00
222743|Apartamento de 41m² com 01 quarto à venda - Parque São Sebastião|Parque São Sebastião|1|1|1|41|R$ 170.000,00
241160|Apartamento de 40m com 01 quarto à venda - Parque dos Bandeirantes|Parque dos Bandeirantes|1|1|1|40|R$ 187.000,00
233621|Apartamento/Padrão - Residencial - No bairro Jardim das Palmeiras - Vitta Recanto da Mata|Residencial No bairro Jardim das Palmeiras Vitta Recanto da Mata|2|1|1|48|R$ 198.000,00
146126|APARTAMENTO TÉRREO, PRÓXIMO À RODOVIA ANHANGUERA||2|1|1|45|R$ 198.000,00
36374|APARTAMENTO NA VILA ANA MARIA||1|1|1|20|R$ 198.000,00
145790|**LANÇAMENTO NO PARQUE DOS SERVIDORES**||2|1|1|63|R$ 198.500,00
245294|Apartamento de 50 m² com 2 quartos e Piscina para venda no Jardim Anhanguera.||2|1|1|50|R$ 199.000,00
244193|Apartamento de 47m² com 02 quartos à venda - Jardim Paulistano|Jardim Paulistano|2|1|1|47|R$ 199.000,00
243215|Apartamento de 44m² com 01 quarto para venda - Nova Aliança|Nova Aliança|1|1|1|44|R$ 199.000,00
234293|Apartamento de 42m² com 01 quarto à venda - Nova Aliança|Nova Aliança|1|1|1|42|R$ 199.000,00
201257|Apartamento de 41m² com 01 quarto à venda - Nova Aliança|Nova Aliança|1|1|1|41|R$ 199.000,00
146999|Apartamento de 02 quartos para locação - Ipiranga|Ipiranga|2|1|1|55|R$ 199.000,00
129689|Apartamento de 45m² com 02 quartos para venda - Sumarezinho|Sumarezinho|2|1|1|45|R$ 199.000,00
235523|Apartamento de 40m² com 02 quartos à venda - Recreio das Acácias|Recreio das Acácias|2|1|1|40|R$ 190.000,00
155336|Apartamento de 69m² com 01 quarto à venda - Centro|Centro|1|1|1|69|R$ 276.000,00
206840|Apartamento de 105m² com 02 suítes para locação e venda - Parque Industrial Lagoinha|Parque Industrial Lagoinha|2|3|1|105|R$ 300.000,00
140525|Apartamento de 46m² com 02 quartos para locação - Nova Aliança|Nova Aliança|2|1|1|46|R$ 373.000,00
218657|Apartamento de 57m² com 02 quartos à venda - Planalto Verde|Planalto Verde|2|2|2|57|R$ 179.000,00
73130|Apartamento de 61m² com 03 quartos para locação - Alto da Boa Vista|Alto da Boa Vista|3|2|1|61|R$ 243.800,00
221957|Apartamento de 66m² com 03 quartos sendo 01 suíte à venda - Parque Industrial Lagoinha|Parque Industrial Lagoinha|3|2|1|66|R$ 245.000,00
93758|Apartamento de 59m² com 01 quarto para a locação e venda - Centro|Centro|1|1|1|59|R$ 270.000,00
16148|APARTAMENTO NO PARQUE INDUSTRIAL LAGOINHA||3|2|1|66|R$ 300.000,00
20330|Apartamento de 79m² com 03 quartos para locação e venda - Nova Ribeirânia|Nova Ribeirânia|3|1|1|79|R$ 319.000,00
137399|Apartamento de 85m² com 02 quartos para locação e venda - Jardim Palma Travassos|Jardim Palma Travassos|2|2|1|85|R$ 310.000,00
198359|Apartamento de 63m² com 02 quartos para venda e locação - Campos Elíseos|Campos Elíseos|2|1|1|63|R$ 350.000,00
188396|Apartamento de 53m² com 02 quartos para locação e venda - Nova Aliança|Nova Aliança|2|1|1|53|R$ 350.000,00
237806|Apartamento de 33m² com 01 quarto para venda - Ribeirânia|Ribeirânia|1|1|1|33|R$ 370.000,00
232793|Apartamento de 62m² com 02 quartos para locação e venda - Loteamento Santa Marta|Loteamento Santa Marta|2|2|1|62|R$ 400.000,00
188513|Apartamento de 140m² com 03 quartos para locação - Centro|Centro|3|3|1|140|R$ 550.000,00
84929|Apartamento de 138 m² com 03 quartos - Jardim Sumaré.|Jardim Sumaré|3|3|2|138|R$ 560.000,00
205376|Apartamento de 281m² com 04 suítes à venda - Jardim Irajá|Jardim Irajá|4|5|4|281|R$ 1.950.000,00
223271|Apartamento de 180m² com 03 suítes à venda - Residencial Alto do Ipê|Residencial Alto do Ipê|3|4|3|180|R$ 2.000.000,00
170465|Apartamento de 254m² com 03 quartos à venda - Jardim Olhos D`Água II|Jardim Olhos DÁgua II|3|4|4|254|R$ 2.018.186,00
166778|Apartamento de 254m² com 04 quartos à venda - Jardim Olhos D`Água II|Jardim Olhos DÁgua II|3|4|4|254|R$ 2.073.602,00
225128|Apartamento mobiliado de 45m² com 02 quartos para venda e locação - Vila Guiomar|Vila Guiomar|2|1|1|45|R$ 279.000,00
196052|Apartamento de 50m² com 01 quarto para locação -Alto da Boa Vista|Alto da Boa Vista|1|1|1|50|R$ 360.000,00
92426|Apartamento de 125m² com 03 quartos - Centro|Centro|3|3|2|125|R$ 580.000,00
188000|Apartamento de 137m² com 03 quartos à venda - Jardim São Luiz|Jardim São Luiz|3|5|2|137|R$ 1.300.000,00
207722|Apartamento de 237m² com 03 suítes à venda - Ilhas do Sul|Ilhas do Sul|3|5|4|237|R$ 1.900.000,00
206459|Apartamento de 237m² com 03 quartos para à venda - Jardim Ilhas do Sul|Jardim Ilhas do Sul|3|6|4|237|R$ 2.100.000,00
206447|Apartamento de 237m² com 03 quartos para locação e venda - Jardim Ilhas do Sul|Jardim Ilhas do Sul|3|6|4|237|R$ 2.100.000,00
188045|Apartamento de 218m² com 03 suítes à venda - Bosque das Juritis|Bosque das Juritis|3|4|3|218|R$ 2.120.000,00
242606|Lançamento: Léman View - Apartamento de 236m² com 03 suítes à venda - Ilhas do Sul|Apartamento de 236m² com 03 suítes à venda Ilhas do Sul|3|4|3|236|R$ 2.128.320,00
193634|Apartamento de 281m² com 03 suítes à venda - Jardim Irajá|Jardim Irajá|3|5|4|281|R$ 2.000.000,00
213614|Lançamento Artse - Apartamento de 237m² com 04 suítes à venda - Jardim Ilhas do Sul|Apartamento de 237m² com 04 suítes à venda Jardim Ilhas do Sul|4|6|3|237|R$ 2.169.998,87
215762|Apartamento de 158m² com 04 quartos para locação e venda - Centro|Centro|4|4|2|158|R$ 400.000,00
180332|Apartamento de 35m² com 01 quartos para locação e venda - Vila Seixas|Vila Seixas|1|1|1|35|R$ 290.000,00
123242|Apartamento mobiliado de 01 quarto com 46m² para locação - Jd Botânico|Jd Botânico|1|1|1|46|R$ 320.000,00
224810|Apartamento de 60m² com 2 quartos à venda - Jardim Paulista|Jardim Paulista|2|2|1|60|R$ 330.000,00
163307|Flat mobiliado de 32m² com 01 quarto para locação e venda - Nova Aliança|Nova Aliança|1|1|1|32|R$ 375.000,00
237506|Apartamento de 72m² com 02 quartos sendo 01 suíte para locação - Santa Cruz do José Jacques|Santa Cruz do José Jacques|2|2|1|72|R$ 390.000,00
82364|Apartamento de 107m² com 03 quartos para venda e locação - Centro|Centro|3|2|1|107|R$ 370.000,00
130658|Apartamento de 47m² com 02 quartos á venda - Alto do Ipiranga|Alto do Ipiranga|2|1|1|47|R$ 260.000,00
221528|Apartamento de 140m² com 03 suítes para venda - Jardim Botânico|Jardim Botânico|3|4|3|140|R$ 1.250.000,00
219002|Apartamento de 292m² com 04 suítes à venda - Jardim Botânico|Jardim Botânico|4|7|4|292|R$ 2.250.000,00
213617|Lançamento Artse - Apartamento de 237m² com 04 suítes à venda - Jardim Ilhas do Sul|Apartamento de 237m² com 04 suítes à venda Jardim Ilhas do Sul|4|6|3|237|R$ 2.256.798,82
237983|Apartamento de 140m² com 02 quartos sendo 01 suíte para locação - Nova Aliança|Nova Aliança|2|2|1|140|R$ 410.000,00
214931|Apartamento de 254m² com 03 suítes à venda - Jardim Olhos D`Água|Jardim Olhos DÁgua|3|5|4|254|R$ 2.294.824,00
217385|Apartamento de 49m² com 02 quartos para locação e venda - Jardim Novo Mundo|Jardim Novo Mundo|2|1|1|49|R$ 265.000,00
243512|Apartamento de 39m² com 01 quarto para locação e venda - Nova Aliança|Nova Aliança|1|1|1|39|R$ 290.000,00
234470|Apartamento mobiliado de 47 m² com 02 quartos para locação e venda - Condomínio Mirante Sul.|Condomínio Mirante Sul|2|1|1|47|R$ 295.000,00
86879|Apartamento de 44m² com 01 quarto para locação e venda - Nova Aliança|Nova Aliança|1|1|1|44|R$ 350.000,00
43052|Apartamento de 03 quartos para locação - Centro|Centro|3|4|2|124|R$ 650.000,00
234530|Apartamento de 82m² com 03 quartos para locação - Parque Anhangüera|Parque Anhangüera|3|2|1|82|R$ 350.000,00
218366|Apartamento de 65m² com 03 quartos à venda - Sumarezinho|Sumarezinho|3|2|1|65|R$ 424.000,00
195494|Apartamento de 57m² com 02 quartos - Vila Tibério|Vila Tibério|2|1|1|57|R$ 305.000,00
79592|Apartamento para locação com 3 quartos - Jardim Irajá|Jardim Irajá|3|2|1|85|R$ 350.000,00
75596|Apartamento de 63m² com 02 quartos para locação e venda - Jardim Botânico|Jardim Botânico|2|2|2|63|R$ 386.000,00
71054|Apartamento de 78m² com 02 quartos para locação e venda - Bonfim Paulista|Bonfim Paulista|2|1|2|78|R$ 382.000,00
242255|Apartamento de 94m² com 03 quartos para locação e venda - Ribeirânia|Ribeirânia|3|3|2|94|R$ 400.000,00
165449|Apartamento de 74m² com 02 quartos à venda - Santa Cruz do José Jacques|Santa Cruz do José Jacques|2|2|1|74|R$ 405.000,00
153947|Apartamento de 71m² com 02 quartos para locação e venda - Jardim Botânico|Jardim Botânico|2|2|1|71|R$ 425.000,00
223586|Apartamento de 298m² com 04 suítes à venda - Jardim Olhos D`Água|Jardim Olhos DÁgua|4|6|4|298|R$ 2.452.598,00
163142|Apartamento de 298m² com 04 quartos à venda - Jardim Olhos D`Água II|Jardim Olhos DÁgua II|4|5|4|298|R$ 2.479.791,00
212678|Apartamento de 51m² com 02 quartos para locação e venda - Jardim Novo Mundo|Jardim Novo Mundo|2|1|1|51|R$ 295.000,00
242162|Apartamento de 227m² com 03 suítes à venda - Jardim Ilhas do Sul|Jardim Ilhas do Sul|3|6|4|227|R$ 2.499.000,00
206003|Apartamento 44m² com 01 quarto para locação - Centro|Centro|1|1|1|44|R$ 200.000,00
237737|Apartamento de 48m² com 02 quartos para locação e venda - Quinta da Primavera|Quinta da Primavera|2|1|1|48|R$ 350.000,00
212069|Apartamento de 72m² com 02 quartos sendo 1 suíte porteira fechada - Parque dos Bandeirantes|Parque dos Bandeirantes|2|2|1|72|R$ 350.000,00
177920|Apartamento de 46m² com 01 quartos para venda e locação - Jardim Botânico|Jardim Botânico|1|1|1|46|R$ 350.000,00
240563|Apartamento de 168m² com 04 quartos para locação e venda - Centro|Centro|4|2|1|168|R$ 350.000,00
243830|Apartamento de 55m² com 02 quartos para locação e venda - Iguatemi|Iguatemi|2|1|1|55|R$ 370.000,00
243578|Apartamento mobiliado de 31m² com 01 quarto para locação e venda - Ribeirânia|Ribeirânia|1|1|1|31|R$ 371.000,00
227117|Apartamento de 45m² com 02 quartos para locação e venda - Bonfim Paulista|Bonfim Paulista|2|1|1|45|R$ 375.000,00
90617|Apartamento de 113m² com 03 quartos para locação e venda - Centro|Centro|3|2|1|113|R$ 380.000,00
216896|Apartamento de 80m² com 02 quartos à venda - Vila Tibério|Vila Tibério|3|2|2|80|R$ 390.000,00
242894|Apartamento de 71m² com 02 quartos sendo 01 suíte para locação e venda - Bonfim Paulista|Bonfim Paulista|2|2|1|71|R$ 450.000,00
242309|Apartamento de 111m² com 03 quartos para venda e locação - Alto da Boa Vista|Alto da Boa Vista|3|3|1|111|R$ 460.000,00
242180|Apartamento de 75m² com 02 quartos para locação e venda - Nova Aliança|Nova Aliança|2|2|2|75|R$ 480.000,00
237302|Apartamento de 102m² com 03 quartos para locação e venda - Vila Ana Maria|Vila Ana Maria|3|3|2|102|R$ 500.000,00
226496|Apartamento de 82m² com 02 quartos à venda - Jardim Nova Aliança Sul|Jardim Nova Aliança Sul|2|2|2|82|R$ 520.000,00
219242|Apartamento de 53m² com 02 quartos sendo 01 suíte para locação e venda - Nova Aliança|Nova Aliança|2|2|1|53|R$ 520.000,00
150653|Apartamento de 134m² com 03 quartos para locação - Jardim Sumaré|Jardim Sumaré|3|3|1|134|R$ 530.000,00
235760|Apartamento de 212m² com 03 quartos para locação e venda - Centro|Centro|3|3|2|212|R$ 780.000,00
240140|Apartamento duplex de 239m² com 03 suítes à venda - Jardim Canadá|Jardim Canadá|3|5|3|239|R$ 2.500.000,00
208265|Apartamento de 254m² com 03 suítes à venda - Jardim Olhos D`Água|Jardim Olhos DÁgua|3|5|4|254|R$ 2.500.000,00
215585|Apartamento de 367m² com 04 quartos à venda - Jardim Olhos D`Água|Jardim Olhos DÁgua|4|4|3|367|R$ 2.572.110,00
243635|Apartamento de 54m² com 01 suíte para locação e venda - Jardim São Luiz|Jardim São Luiz|1|2|1|54|R$ 380.000,00
129623|Apartamento de 152m² com 03 suítes à venda - Centro|Centro|4|6|2|152|R$ 500.000,00
128363|APARTAMENTO NO GRAND PRIVILEGE||4|6|2|310|R$ 2.699.000,00
239999|Apartamento de 83m² com 02 quartos para locação e venda - Nova Aliança|Nova Aliança|2|2|2|83|R$ 425.000,00
244847|Apartamento de 49m² com 02 quartos para locação e venda - Jardim Olhos D`Água|Jardim Olhos DÁgua|2|1|1|49|R$ 470.000,00
173078|Apartamento de 59m² com 02 quartos para locação e venda - Ribeirânia|Ribeirânia|2|2|1|59|R$ 479.000,00
124070|Apartamento de 112m² com 03 quartos para venda - Nova Aliança|Nova Aliança|3|3|2|112|R$ 615.000,00
200123|APARTAMENTO NO CAMPOS ELÍSEOS||2|1|1|120|R$ 650.000,00
167954|Apartamento de 55m² com 02 quartos para venda e locação - Iguatemi|Iguatemi|2|1|1|55|R$ 385.000,00
232718|Apartamento à venda com 02 quartos sendo 01 suíte - Vila Ana Maria|Vila Ana Maria|2|2|1|70|R$ 450.000,00
128366|Apartamento - Padrão|Padrão|4|6|2|310|R$ 2.797.600,00
116216|Apartamento de 83m² com 02 quartos para locação e venda - Vila Seixas|Vila Seixas|2|2|2|83|R$ 477.000,00
164522|Apartamento de 64m² com 02 quartos para locação e venda - Vila Monte Alegre|Vila Monte Alegre|2|2|1|64|R$ 390.000,00
234983|Apartamento de 109m² com 03 quartos para locação - Parque dos Bandeirantes|Parque dos Bandeirantes|3|3|2|109|R$ 425.000,00
220121|Apartamento de 134m² com 03 quartos sendo 01 suíte para locação - Jardim Sumaré|Jardim Sumaré|3|3|1|134|R$ 450.000,00
226295|Apartamento de 35m² com 01 quarto para locação - Jardim Botânico|Jardim Botânico|1|1|1|35|R$ 477.000,00
216410|Apartamento de 77m² com 02 quartos para locação - Jardim Nova Aliança Sul|Jardim Nova Aliança Sul|2|2|1|77|R$ 520.000,00
133595|Apartamento de 92m² com 02 suítes para locação e venda - Jardim Botânico|Jardim Botânico|2|2|1|92|R$ 530.000,00
85190|Apartamento de 56m² com 02 quartos para locação e venda - Bosque das Juritis|Bosque das Juritis|2|1|1|56|R$ 530.000,00
88367|Apartamento de 03 quartos para locação - Jardim Botânico|Jardim Botânico|3|2|2|75|R$ 600.000,00
196724|Apartamento de 283m² com 04 suítes à venda - Jardim Ilhas do Sul|Jardim Ilhas do Sul|4|5|3|283|R$ 2.824.710,00
167957|Apartamento de 55m² com 02 quartos para venda e locação - Iguatemi|Iguatemi|2|1|1|55|R$ 395.000,00
235046|Apartamento de 104m² com 03 quartos para venda e locação - Bosque das Juritis|Bosque das Juritis|3|3|2|104|R$ 540.000,00
163235|Apartamento de 34 m² com 1 quarto - Centro|Centro|1|1|1|34|R$ 190.000,00
229586|Apartamento de 376m² com 04 suítes para locação - Ilhas do Sul|Ilhas do Sul|4|7|5|376|R$ 3.600.000,00
241874|Apartamento de 191m² com 03 suítes para locação e venda - Vila do Golf|Vila do Golf|3|5|3|191|R$ 3.000.000,00
213509|Apartamento de 298m² 04 suítes para locação e venda - Jardim Olhos D`Água|Jardim Olhos DÁgua|4|5|4|298|R$ 3.000.000,00
234233|Apartamento de 345m² com 04 suítes à venda - Residencial Morro do Ipê|Residencial Morro do Ipê|3|5|4|345|R$ 3.500.000,00
217487|Apartamento de 40m² com 02 quartos à venda - Jardim Cybelli|Jardim Cybelli|2|1|1|40|R$ 150.000,00
57191|Apartamento de 53 m² com 03 quartos - Jardim Paulistano|Jardim Paulistano|3|1|1|53|R$ 160.000,00
179207|Apartamento de 49m² com 01 quarto à venda - Centro|Centro|1|1|1|49|R$ 170.000,00
85556|Apartamento - Padrão|Padrão|1|1|1|64|R$ 170.000,00
228110|Apartamento de 57m² com 02 quartos à venda- Jardim Paulista|Jardim Paulista|2|1|1|57|R$ 175.000,00
184787|Apartamento de 48m² com 02 quartos à venda - Bairro Bonfim Paulista|Bairro Bonfim Paulista|2|1|1|48|R$ 180.000,00
95033|Apartamento de 47m² com 02 quartos para locação - Parque São Sebastião|Parque São Sebastião|2|1|1|47|R$ 180.000,00
220082|Apartamento de 43m² com 02 quartos à venda - Santa Marta em Bonfim Paulista|Santa Marta em Bonfim Paulista|2|1|1|43|R$ 185.000,00
214004|Apartamento de 42m² 02 quarto para locação - Avelino Alves Palma|Avelino Alves Palma|2|1|1|42|R$ 185.000,00
208001|Apartamento de 34m² com 01 quarto à venda - Residencial Greenville|Residencial Greenville|1|1|1|34|R$ 185.000,00
206876|Apartamento de 43m² com 02 quartos à venda - Loteamento Santa Marta|Loteamento Santa Marta|2|1|1|43|R$ 185.000,00
191351|APARTAMENTO PRÓXIMO À RUA JOÃO BIM||3|1|1|81|R$ 185.000,00
117512|Apartamento - Padrão|Padrão|2|1|1|43|R$ 185.000,00
84194|Apartamento - Padrão|Padrão|2|2|1|55|R$ 185.000,00
148223|APARTAMENTO PRÓXIMO À RODOVIA ANTÔNIO MACHADO SANTANNA||2|1|1|41|R$ 190.000,00
73982|APARTAMENTO PRÓXIMO À AVENIDA INDEPENDÊNCIA||1|1|1|43|R$ 190.000,00
66830|APARTAMENTO NA VILA AMÉLIA||2|2|1|46|R$ 190.000,00
150608|APARTAMENTO PRÓXIMO AO NOVO SHOPPING||2|1|1|47|R$ 191.000,00
138116|Apartamento de 42m² 01 quarto à venda - Jardim Manoel Penna|Jardim Manoel Penna|1|1|1|42|R$ 191.000,00
176783|Apartamento de 46m² com 02 quartos à venda - Campos Elíseos|Campos Elíseos|2|1|1|46|R$ 192.000,00
226400|Apartamento de 44m² com 02 quartos à venda - Residencial Greenville|Residencial Greenville|2|1|1|44|R$ 195.000,00
209888|Apartamento de 43m² com 02 quartos para à venda - Parque dos Lagos|Parque dos Lagos|2|1|1|43|R$ 195.000,00
187766|Apartamento de 40m² com 01 quartos para locação - Vila Ana Maria|Vila Ana Maria|1|1|1|40|R$ 195.000,00
174041|APARTAMENTO NO PARQUE INDUSTRIAL LAGOINHA||2|1|1|42|R$ 195.000,00
159461|EXCELENTE APARTAMENTO NOVO NA LAGOINHA||2|1|1|40|R$ 195.000,00
14498|EXCELENTE APARTAMENTO TÉRREO PARA VENDA NO BAIRRO JARDIM IRAJÁ||1|1|1|38|R$ 195.000,00
241826|Apartamento de 46m² com 2 quartos para locação e venda - Ipiranga|Ipiranga|2|1|1|46|R$ 200.000,00
240545|Apartamento de 48m² com 02 quartos à venda - Jardim São Fernando|Jardim São Fernando|2|1|1|48|R$ 200.000,00
239555|Apartamento de 69m² com 02 quartos para venda - Ipiranga|Ipiranga|2|1|1|69|R$ 200.000,00
239024|Apartamento de 65 m² com 02 quartos para locação - Centro|Centro|2|1|1|65|R$ 200.000,00
238991|Apartamento de 40m² para venda - Jardim Califórnia|Jardim Califórnia|1|1|1|40|R$ 200.000,00
238898|Apartamento de 41m² com 02 quartos à venda - Reserva Real|Reserva Real|2|1|1|41|R$ 200.000,00
236405|Apartamento de 43m² com 02 quartos para locação e venda - Parque dos Lagos|Parque dos Lagos|2|1|1|43|R$ 200.000,00
233123|Apartamento térreo de 40m² com 02 quartos à venda - Reserva Real|Reserva Real|2|1|1|40|R$ 200.000,00
232796|Apartamento de 43m² com 02 quartos à venda - Jardim Heitor Rigon|Jardim Heitor Rigon|2|1|1|43|R$ 200.000,00
232049|Apartamento de 40m² com 02 quartos à venda - Parque dos Pinus|Parque dos Pinus|2|1|1|40|R$ 200.000,00
231143|Apartamento de 47m² com 02 quartos para locação e venda||2|1|1|47|R$ 200.000,00
229679|Apartamento de 46m² com 02 quartos à - Ipiranga|Ipiranga|2|1|1|46|R$ 200.000,00
228179|Apartamento 46m² com 02 quartos à venda - Parque Industrial Lagoinha|Parque Industrial Lagoinha|2|1|1|46|R$ 200.000,00
227963|Apartamento de 42 m² com 02 quartos à venda - Vila Virgínia|Vila Virgínia|2|1|1|42|R$ 200.000,00
225248|Apartamento de 40m² com 02 quartos para venda - Jardim Ouro Branco|Jardim Ouro Branco|2|1|1|40|R$ 200.000,00
224726|Apartamento reformado de 42m² com 02 quartos à venda - Jardim João Rossi|Jardim João Rossi|2|1|1|42|R$ 200.000,00
222530|Apartamento de 40m² com 02 quartos para locação - Jardim Emília|Jardim Emília|2|1|1|40|R$ 200.000,00
221756|Apartamento de 42m² com 02 quartos à venda - Jardim Santa Cecilia|Jardim Santa Cecilia|2|1|1|42|R$ 200.000,00
218546|Apartamento de 48m² com 02 quartos à venda - Ipiranga|Ipiranga|2|1|1|48|R$ 200.000,00
216200|Apartamento de 41m² com 02 quartos à venda - Reserva Real|Reserva Real|2|1|1|41|R$ 200.000,00
215561|Apartamento de 55m² com 02 quartos à venda - Vila Virgínia|Vila Virgínia|2|1|1|55|R$ 200.000,00
215204|Apartamento de 80m² com 03 quartos para locação - Campos Eliseos|Campos Eliseos|3|1|1|80|R$ 200.000,00
211157|Apartamento de 42 m² com 02 quartos à venda - Quintino Facci II|Quintino Facci II|2|1|1|42|R$ 200.000,00
210887|Apartamento de 43m² com 02 quartos para locação e venda - Valentina Figueiredo|Valentina Figueiredo|2|1|1|43|R$ 200.000,00
208622|Apartamento de 42m² com 02 quartos - Parque Industrial Lagoinha|Parque Industrial Lagoinha|2|1|1|42|R$ 200.000,00
206564|Apartamento de 42m² com 02 quartos à venda - Jardim Itaú|Jardim Itaú|2|1|1|42|R$ 200.000,00
206054|Apartamento de 44m² com 02 quartos à venda - Ipiranga|Ipiranga|2|1|1|44|R$ 200.000,00
204005|APARTAMENTO À VENDA NO BAIRRO RESIDENCIAL GREENVILLE||2|1|1|44|R$ 200.000,00
201470|APARTAMENTO PRÓXIMO À VIA NORTE||2|1|1|56|R$ 200.000,00
200183|APARTAMENTO DO JD INTERLAGOS||2|1|1|63|R$ 200.000,00
198668|APARTAMENTO NO RIBEIRÃO VERDE||2|1|1|46|R$ 200.000,00
198431|APARTAMENTO NO SUMAREZINHO||2|1|1|46|R$ 200.000,00
196043|APARTAMENTO NO ADELINO SIMIONI||2|1|1|43|R$ 200.000,00
193268|Apartamento de 42m² com 02 quartos à venda - Jardim Cybelli|Jardim Cybelli|2|1|1|42|R$ 200.000,00
193244|ÓTIMO APARTAMENTO NO PALÁCIO DE WINDSOR||2|1|1|40|R$ 200.000,00
192611|APARTAMENTO NO PARQUE DOS MANACAS||2|1|1|43|R$ 200.000,00
192026|Apartamento de 40m² com 02 quartos à venda - Jardim Cybelli|Jardim Cybelli|2|1|1|40|R$ 200.000,00
191567|APARTAMENTO NO DULTRA||2|1|1|41|R$ 200.000,00
190805|APRTAMENTO PRÓXIMO A QUITO JUNQUEIRA||3|2|1|59|R$ 200.000,00
188138|Apartamento de 32m² de 01 quarto - Vila Ana Maria|Vila Ana Maria|1|1|1|32|R$ 200.000,00
187940|APARTAMENTO PRÓXIMO AO SENAC||3|1|1|80|R$ 200.000,00
187616|APARTAMENTO NO RESERVA SUL PARA PERMUTAR||2|1|1|46|R$ 200.000,00
187016|LINDO APARTAMENTO , NO PARQUE DOS LAGO||2|1|1|49|R$ 200.000,00
185129|Apartamento Sumarezinho com 2 Dormitórios||2|1|1|83|R$ 200.000,00
182639|APARTAMENTO PRÓXIMO À AVENIDA VIRGILIO SOEIRA||2|1|1|42|R$ 200.000,00
180443|APARTAMENTO PRÓXIMO À AV. LUZITANA||2|1|1|46|R$ 200.000,00
180383|Apartamento de 40m² com 02 quartos para venda - Jardim Cybelli|Jardim Cybelli|2|1|1|40|R$ 200.000,00
180260|APARTAMENTO NO IPIRANGA||1|1|1|50|R$ 200.000,00
180188|Apartamento de 43m² com 02 quartos para locação e venda - Reserva Macaúba|Reserva Macaúba|2|1|1|43|R$ 200.000,00
179561|Apartamento de 02 quartos mobiliado para locação - Vila Virginia|Vila Virginia|2|1|1|42|R$ 200.000,00
172463|APARTAMENTO NA VILA SEIXAS||1|1|1|42|R$ 200.000,00
169697|APARTAMENTO NO JARDIM PEDRA BRANCA||2|1|1|42|R$ 200.000,00
167579|APARTAMENTO NO NOVA ALIANÇA||1|1|1|44|R$ 200.000,00
165911|APARTAMENTO NO JARDIM SUMARÉ||1|1|1|44|R$ 200.000,00
162113|APARTAMENTO PRÓXIMO À RUA GENERAL CÂMARA||2|1|1|57|R$ 200.000,00
159005|APARTAMENTO PRÓXIMO À RODOVIA ANHANGUERA||2|1|1|46|R$ 200.000,00
153941|APARTAMENTO PRÓXIMO À AVENIDA PIO XII||2|1|1|45|R$ 200.000,00
153680|APARTAMENTO NA AVENIDA MIGUEL PADULLA||2|1|1|48|R$ 200.000,00
151592|APARTAMENTO PRÓXIMO À AVENIDA HERÁCLITO FONTOURA SOBRAL PINTO||2|1|1|46|R$ 200.000,00
147038|APARTAMENTO PRÓXIMO À AVENIDA PIO XII||2|1|1|42|R$ 200.000,00
143963|APARTAMENTO PRÓXIMO À RUA PADRE ANCHIETA||2|2|1|66|R$ 200.000,00
143513|LINDO APARTAMENTO PRÓXIMO AO NOVO SHOPPING !!!!||2|1|1|48|R$ 200.000,00
142820|Apartamento - Padrão|Padrão|2|1|1|46|R$ 200.000,00
136190|Apartamento de 49m² com 01 quarto á venda - Centro|Centro|1|1|1|49|R$ 200.000,00
134900|APARTAMENTO JARDIM MANOEL PENNA||2|1|1|46|R$ 200.000,00
134807|Apartamento - Padrão|Padrão|2|1|1|46|R$ 200.000,00
134630|APARTAMENTO PRÓXIMO À UNAERP||2|1|1|55|R$ 200.000,00
132398|Apartamento de 32m² com 01 quarto à venda - Jardim Irajá|Jardim Irajá|1|1|1|32|R$ 200.000,00
132344|APARTAMENTO PARA INVESTIMENTO RENTÁVEL||2|1|1|46|R$ 200.000,00
130082|Apartamento de 36m² com 01 quarto para venda e locação - Parque Industrial Lagoinha|Parque Industrial Lagoinha|1|1|1|36|R$ 200.000,00
129353|Apartamento de 46m² com 02 quartos para venda - Ribeirânia|Ribeirânia|2|1|1|46|R$ 200.000,00
125777|Apartamento de 32m² 01 quarto para locação - Bonfim Paulista|Bonfim Paulista|1|1|1|32|R$ 200.000,00
122396|Apartamento de 66m² com 02 quartos para locação - Vila Amélia|Vila Amélia|2|2|1|66|R$ 200.000,00
121598|Apartamento de 40m² com 01 quarto à venda - Centro|Centro|1|1|1|40|R$ 200.000,00
118766|Imóvel próximo à Avenida Antônio Ferrarezi||2|1|1|40|R$ 200.000,00
117791|***ÓTIMO APARTAMENTO NO PALMARES***||2|2|1|62|R$ 200.000,00
115976|APARTAMENTO PRÓXIMO À AVENIDA TREZE DE MAIO||2|1|1|46|R$ 200.000,00
115778|APARTAMENTO NO BAIRRO JARDIM IRAJA||1|1|1|36|R$ 200.000,00
114398|Apartamento de 74m² com 03 quartos sendo 02 suites à venda - Lagoinha|Lagoinha|3|2|1|74|R$ 200.000,00
112175|APARTAMENTO NO ANA MARIA||1|1|1|43|R$ 200.000,00
104708|APARTAMENTO NO RESIDENCIAL GREENVILLE||1|1|1|34|R$ 200.000,00
104597|Apartamento de 46,36 m² com 02 quartos para locação e venda - Jardim Itaú|Jardim Itaú|2|1|1|36|R$ 200.000,00
102287|APARTAMENTO PRÓXIMO AO NOVO SHOPPING||2|1|1|60|R$ 200.000,00
99941|APARTAMENTO PRÓXIMO À AVENIDA MEIRA JÚNIOR||1|1|1|48|R$ 200.000,00
99296|Apartamento - Padrão|Padrão|1|1|1|0|R$ 200.000,00
99029|Apartamento - Padrão|Padrão|1|1|1|46|R$ 200.000,00
97280|Apartamento de 56m² com 01 quarto para venda - Centro|Centro|1|1|1|56|R$ 200.000,00
97001|apartamento de 37m² com 01 quarto - Centro|Centro|1|1|1|37|R$ 200.000,00
96134|EXCELENTE APARTAMENTO NO CENTRO||1|1|1|48|R$ 200.000,00
95237|Apartamento - Padrão|Padrão|1|1|1|55|R$ 200.000,00
95045|Apartamento de 02 quartos para venda - Monte Alegre|Monte Alegre|2|1|1|56|R$ 200.000,00
94802|Apartamento de 48m² com 02 quartos para locação - Parque dos Pinus|Parque dos Pinus|2|1|1|48|R$ 200.000,00
94175|Apartamento de 49m² com 02 quartos para locação e venda - Jardim Sumaré|Jardim Sumaré|2|1|1|49|R$ 200.000,00
92807|APARTAMENTO NO IPIRANGA||2|1|1|42|R$ 200.000,00
91241|Apartamento de 51m² 01 quarto para locação - Centro|Centro|1|1|1|51|R$ 200.000,00
87920|Apartamento de 42m² com 02 quartos para venda - Ipiranga|Ipiranga|2|1|1|42|R$ 200.000,00
86588|Apartamento de 37m² com 01 quarto para locação - Jardim Irajá|Jardim Irajá|1|1|1|37|R$ 200.000,00
86510|APARTAMENTO PRÓXIMO À AVENIDA SENADOR CÉSAR VERGUEIRO||1|1|1|30|R$ 200.000,00
69749|Apartamento de 37m² com 01 quarto à venda - Presidente Médici|Presidente Médici|1|1|1|37|R$ 200.000,00
68054|Apartamento de 49m² com 02 quartos sendo 01 suíte para venda - Sumarezinho|Sumarezinho|2|2|1|49|R$ 200.000,00
64466|Apartamento de 40m² com 01 quarto à venda- Vila Seixas|Vila Seixas|1|1|1|40|R$ 200.000,00
17450|APARTAMENTO PRÓXIMO À AVENIDA INDEPENDÊNCIA||1|1|1|0|R$ 200.000,00
15893|Apartamento de 37m² com 01 quarto à venda - Jardim Nova Aliança|Jardim Nova Aliança|1|1|1|37|R$ 200.000,00
5846|Apartamento de 49m² com 01 quarto - Centro|Centro|1|1|1|49|R$ 200.000,00
5747|Apartamento de 48m² com 01 quarto - Higienópolis|Higienópolis|1|1|1|48|R$ 200.000,00
174599|Apartamento de 48m² com 02 quartos Reserva sul||2|1|1|48|R$ 201.000,00
240998|Apartamento de 43m² com 02 quartos à venda - Santa Marta em Bonfim Paulista|Santa Marta em Bonfim Paulista|2|1|1|43|R$ 202.000,00
238946|Apartamento de 52m² com 02 quartos à venda - Jardim Palma Travassos|Jardim Palma Travassos|2|1|1|52|R$ 202.000,00
185675|Apartamento de 40m² com 02 quartos à venda - Jardim Ouro Branco|Jardim Ouro Branco|2|1|1|40|R$ 202.000,00
177650|APARTAMENTO NPRÓXIMO AO CENTRO||1|1|1|42|R$ 202.000,00
171587|APARTAMENTO PARA VENDA NO BAIRRO JARDIM INTERLAGOS||3|1|1|63|R$ 202.000,00
168470|APARTAMENTO NO JARDIM OURO BRANCO||2|1|1|52|R$ 202.000,00
151877|Apartamento de 74m² com 03 quartos para locação - Residencial e Comercial Palmares|Residencial e Comercial Palmares|3|2|1|74|R$ 202.000,00
147974|APARTAMENTO PRÓXIMO À VIA NORTE||2|1|1|44|R$ 202.000,00
138836|Apartamento de 46m² 01 quarto para locação e venda - Jardim Paulista|Jardim Paulista|1|1|1|46|R$ 202.000,00
117038|Apartamento de 31m² com 01 quarto à venda - Vila Ana Maria|Vila Ana Maria|1|1|1|31|R$ 202.000,00
101369|APARTAMENTO NO JARDIM PAULISTA||2|1|1|60|R$ 202.000,00
96440|Apartamento de 37m² com 01 quarto para venda - Jardim Irajá|Jardim Irajá|1|1|1|37|R$ 202.000,00
106949|Apartamento de 01 quarto para venda - Jardim Sumaré|Jardim Sumaré|1|1|1|44|R$ 204.000,00
82661|APARTAMENTO PRÓXIMO À VIA NORTE||2|1|1|47|R$ 149.000,00
168956|APARTAMENTO MOBILIADO NO JARDIM JOSÉ SAMPAIO JUNIOR||2|1|1|41|R$ 190.000,00
105659|Apartamento de 02 quartos para locação - Jardim Sumaré|Jardim Sumaré|2|1|1|49|R$ 190.000,00
69365|Apartamento - Padrão|Padrão|1|1|1|0|R$ 190.000,00
128351|APARTAMENTO NA REPUBLICA||2|1|1|57|R$ 198.000,00
154979|APARTAMENTO PRÓXIMO À AVENIDA INDEPENDÊNCIA||1|1|1|43|R$ 199.000,00
213347|Apartamento de 43m² com 02 quartos à venda - Santa Marta em Bonfim Paulista|Santa Marta em Bonfim Paulista|2|1|1|43|R$ 200.000,00
244022|Apartamento próximo a Henry Nestle||2|1|1|48|R$ 205.000,00
240809|Apartamento de 46m² com 02 quartos à venda - Ipiranga|Ipiranga|2|1|1|46|R$ 205.000,00
238835|Apartamento de 46m² com 02 quartos à venda - Parque Industrial Lagoinha|Parque Industrial Lagoinha|2|1|1|46|R$ 205.000,00
237383|Apartamento de 45m² com 01 quarto para locação - Nova Aliança|Nova Aliança|1|1|1|45|R$ 205.000,00
237026|Apartamento de 44m² com 02 quartos à venda - Reserva São José|Reserva São José|2|1|1|44|R$ 205.000,00
214946|Apartamento de 43m² com 02 quartos à venda - Valentina Figueiredo|Valentina Figueiredo|2|1|1|43|R$ 205.000,00
193595|LINDO APARTAMENTO NA LAGOINHA||2|1|1|42|R$ 205.000,00
175367|APARTAMENTO EM BONFIM PAULISTA||2|1|1|46|R$ 205.000,00
159872|Apartamento de 39m² com 01 quarto à venda - Vila Ana Maria|Vila Ana Maria|1|1|1|39|R$ 205.000,00
137561|Apartamento 43m² com 02 quartos para Locação - Residencial Parque dos Servidores|Residencial Parque dos Servidores|2|1|1|43|R$ 205.000,00
127895|Apartamento de 47m² com 02 quartos para venda - Residencial Jequitibá|Residencial Jequitibá|2|1|1|47|R$ 205.000,00
115316|Apartamento - Padrão|Padrão|2|1|1|56|R$ 205.000,00
239315|Apartamento de 02 quartos à venda - Vila Virgínia|Vila Virgínia|2|1|1|55|R$ 181.000,00
209240|Apartamento de 56m² com 02 quartos para locação e venda - Reserva Macaúba|Reserva Macaúba|2|1|1|56|R$ 207.000,00
72161|Apartamento de 32m² com 01 quarto à venda - Jardim São Luiz|Jardim São Luiz|1|1|1|32|R$ 207.000,00
30458|Apartamento de 67m² com 02 quartos para locação e venda - Jardim Anhanguera|Jardim Anhanguera|2|2|1|67|R$ 159.600,00
213539|Apartamento de 41m² com 02 quartos à venda - Residencial Jequitibá|Residencial Jequitibá|2|1|1|41|R$ 169.000,00
222968|Apartamento de 46m² com 02 quartos à venda - Jardim Marchesi|Jardim Marchesi|2|1|1|46|R$ 180.000,00
79244|Apartamento de 46m² com 01 quartos à venda - Jardim Paulista|Jardim Paulista|1|1|1|46|R$ 190.000,00
232697|Apartamento de 40m² com 02 quartos à venda - Recreio das Acácias|Recreio das Acácias|2|1|1|40|R$ 199.900,00
244709|Apartamento térreo de 57,70m² com 02 Quartos para Venda - Alto da Boa Vista|Alto da Boa Vista|2|1|1|70|R$ 210.000,00
243557|Apartamento de 49m² com 02 quartos à venda - Sumarezinho|Sumarezinho|2|1|1|49|R$ 210.000,00
242462|Apartamento de 61m² com 02 quartos à venda - Ipiranga|Ipiranga|2|1|1|61|R$ 210.000,00
242246|Apartamento de 42m² com 02 quartos à venda - Parque Residencial Lagoinha|Parque Residencial Lagoinha|2|1|1|42|R$ 210.000,00
241973|Apartamento de 46m² com 02 quartos à venda - Vila Virgínia|Vila Virgínia|2|1|1|46|R$ 210.000,00
240665|Apartamento de 43m² à venda - Recreio das Acácias|Recreio das Acácias|2|1|2|43|R$ 210.000,00
239063|Apartamento de 40m² com 02 quartos à venda - Jardim Cybelli|Jardim Cybelli|2|1|1|40|R$ 210.000,00
238889|Apartamento de 47m² com 02 quartos à venda - Alto do Ipiranga|Alto do Ipiranga|2|1|1|47|R$ 210.000,00
236972|Apartamento de 41m² com 01 quarto para locação e venda - Campos Elíseos|Campos Elíseos|1|1|1|41|R$ 210.000,00
233606|Apartamento de 42m² com 02 quartos à venda - Jardim Florestan Fernandes|Jardim Florestan Fernandes|2|1|1|42|R$ 210.000,00
230120|Apartamento de 34m² com 01 quarto para locação e venda - Quintas de São José|Quintas de São José|1|1|1|34|R$ 210.000,00
226349|Apartamento de 44m² com 02 quartos à venda - Residencial Greenville|Residencial Greenville|2|1|1|44|R$ 210.000,00
226019|Apartamento de 51m² com 02 quartos à venda - Alto da Boa Vista|Alto da Boa Vista|2|1|1|51|R$ 210.000,00
224717|Apartamento de 71m² com 02 quartos - Vila Elisa|Vila Elisa|2|1|2|71|R$ 210.000,00
224393|Apartamento de 46m² com 02 quartos para locação e venda - Ribeirânia|Ribeirânia|2|1|1|46|R$ 210.000,00
224378|Apartamento de 47m² com 02 quartos à venda - Alto do Ipiranga|Alto do Ipiranga|2|1|1|47|R$ 210.000,00
222575|Apartamento de 32m² com 01 quarto à venda - Bonfim Paulista|Bonfim Paulista|1|1|1|32|R$ 210.000,00
222401|Apartamento de 48m² com 02 quartos à venda - Residencial Jequitibá|Residencial Jequitibá|2|1|1|48|R$ 210.000,00
219257|Apartamento de 66m² com 03 quartos sendo 01 suíte para locação e venda - Jardim Europa|Jardim Europa|3|2|1|66|R$ 210.000,00
216617|Apartamento de 40m² com 01 quarto para locação e venda - Alto da Boa Vista|Alto da Boa Vista|1|1|1|40|R$ 210.000,00
201893|APARTAMENTO PRÓXIMO À VIA NORTE||2|1|1|44|R$ 210.000,00
200399|LINDO APARTAMENTO NO JARDIM ZARA||2|1|1|58|R$ 210.000,00
199655|APARTAMENTO LINDO MOBILIADO NO RIBEIRÃO VERDE||2|1|1|60|R$ 210.000,00
192785|APARTAMENTO LOCALIZADO NA AV. CARAMURU||2|1|1|48|R$ 210.000,00
187415|APARTAMENTO NO RESERVA SUL||2|1|1|46|R$ 210.000,00
186122|Apartamento de 42m² com 02 quartos à venda - Recanto das Flores em Bonfim Paulista|Recanto das Flores em Bonfim Paulista|2|1|1|42|R$ 210.000,00
183887|Apartamento de 63m² com 02 quartos à venda - Residencial e Comercial Palmares|Residencial e Comercial Palmares|2|1|2|63|R$ 210.000,00
181745|Apartamento de 57m² com 02 quartos à venda - Caramuru|Caramuru|2|1|1|57|R$ 210.000,00
177950|Apartamento de 45 m² com 2 quartos -Lagoinha|Lagoinha|2|1|1|45|R$ 210.000,00
174902|Apartamento de 42m² com 02 quartos à venda - Jardim Maria Goretti|Jardim Maria Goretti|2|1|1|42|R$ 210.000,00
165659|APARTAMENTO TÉRREO NO SUMAREZINHO||2|1|1|67|R$ 210.000,00
161648|Apartamento de 2 quartos - Lagoinha|Lagoinha|2|1|1|46|R$ 210.000,00
161369|Apartamento de 44m² com 02 quartos para locação - Residencial Greenville|Residencial Greenville|2|1|1|44|R$ 210.000,00
158927|APARTAMENTO PRÓXIMO À RODOVIA ALEXANDRE BALBO||2|1|1|65|R$ 210.000,00
157586|APARTAMENTO 2 DORMITÓRIOS EM BONFIM PAULISTA||2|1|1|48|R$ 210.000,00
151469|APARTAMENTO TÉRREO NO IPIRANGA||2|1|1|50|R$ 210.000,00
148619|APARTAMENTO PRÓXIMO AO ATACADÃO||2|1|1|42|R$ 210.000,00
148538|APARTAMENTO PRÓXIMO À AVENIDA LUIS GALVÃO CÉSAR||3|2|1|70|R$ 210.000,00
147647|APARTAMENTO PRÓXIMO À AVENIDA PROFESSORA EDUL RANGEL RABELLO||2|1|1|44|R$ 210.000,00
147212|APARTAMENTO EM ÓTIMA LOCALIZAÇÃO NO CAMPOS ELISEOS!||3|2|1|59|R$ 210.000,00
142937|APARTAMENTO PRÓXIMO À AVENIDA PROFESSORA EDUL RANGEL RABELLO||2|1|1|44|R$ 210.000,00
140450|APARTAMENTO DE 1 DORMITÓRIO NO NOVA ALIANÇA||1|1|1|45|R$ 210.000,00
130760|Apartamento - Padrão|Padrão|2|1|1|44|R$ 210.000,00
127439|Apartamento de 42m² com 02 quartos para venda - Planalto Verde|Planalto Verde|2|1|1|42|R$ 210.000,00
123833|APARTAMENTO PRÓXIMO À AVENIDA BARÃO DO BANANAL||2|1|1|53|R$ 210.000,00
123401|Apartamento duplex de 60m² com 01 quarto - Jardim Palma Travassos|Jardim Palma Travassos|1|1|1|60|R$ 210.000,00
120470|Apartamento de 37m² com 01 quarto à venda - Nova Aliança|Nova Aliança|1|1|1|37|R$ 210.000,00
117248|Apartamento de 45m² com 02 quartos para locação e venda - Sumarezinho|Sumarezinho|2|1|1|45|R$ 210.000,00
101975|Apartamento - Padrão|Padrão|3|2|1|66|R$ 210.000,00
101666|APARTAMENTO EM BONFIM PAULISTA||1|1|1|41|R$ 210.000,00
100067|APARTAMENTO NO JARDIM NOVA ALIANÇA||1|1|1|37|R$ 210.000,00
98309|Apartamento de 01 quarto para locação , bairro Jd. Macedo||1|1|1|48|R$ 210.000,00
91760|APARTAMENTO PRÓXIMO À AVENIDA CASTELO BRANCO||2|1|1|0|R$ 210.000,00
90842|Apartamento de 42m² com 02 quartos para venda - Vila Vírginia|Vila Vírginia|2|1|1|42|R$ 210.000,00
90131|APARTAMENTO NO JARDIM NOVA ALIANÇA||1|1|1|37|R$ 210.000,00
88175|Apartamento de 69m² com 02 quartos à venda - Jardim Paulista|Jardim Paulista|2|2|1|69|R$ 210.000,00
87560|Apartamento de 02 quartos para locação - Jd. Presidente Médici|Jd Presidente Médici|2|1|1|72|R$ 210.000,00
83183|Apartamento de 65m² com 03 quartos à venda - Av. do Café|Av do Café|3|1|1|65|R$ 210.000,00
32162|Apartamento de 66m² com 02 quartos à venda - Vila Amélia|Vila Amélia|2|2|1|66|R$ 210.000,00
99866|Apartamento duplex de 49m² com 01 quarto à venda - Centro|Centro|1|1|1|49|R$ 170.000,00
108713|Apartamento de 45m² com 02 quartos à venda - Parque São Sebastião|Parque São Sebastião|2|1|1|45|R$ 180.000,00
100562|APARTAMENTO TÉRREO NO RESERVA SUL||2|1|1|48|R$ 180.000,00
146708|APARTAMENTO PRÓXIMO À RODOVIA ANHANGUERA||2|1|1|42|R$ 185.000,00
158330|Apartamento de 48M² 02 Quartos a venda- Jardim Heitor Rigon|Jardim Heitor Rigon|2|1|1|48|R$ 195.000,00
243017|Apartamento de 45m² com 02 quartos à venda - Lagoinha|Lagoinha|2|1|1|45|R$ 212.000,00
241253|Apartamento de 43m² com 02 quartos à venda - Jardim Interlagos|Jardim Interlagos|2|1|1|43|R$ 212.000,00
235556|Apartamento de 42m° com 01 quarto para à venda - Jardim Botânico|Jardim Botânico|1|2|1|42|R$ 212.000,00
222572|Apartamento de 47m² com 02 quartos à venda - Jardim Manoel Penna|Jardim Manoel Penna|2|1|1|47|R$ 212.000,00
221483|Apartamento de 57m² com 02 quartos para venda - Jardim Antártica|Jardim Antártica|2|1|1|57|R$ 212.000,00
209393|Apartamento de 40m² com 02 quartos para locação e venda - Reserva São José|Reserva São José|2|1|1|40|R$ 212.000,00
207785|Apartamento de 58 m² com 2 quartos à venda - Ipiranga|Ipiranga|2|1|1|58|R$ 212.000,00
202631|APARTAMENTO NO JARDIM ZARA||2|1|1|42|R$ 212.000,00
202391|EXCELENTE APARTAMENTO PARA VENDA NO BAIRRO CAMPOS ELISEOS||3|1|1|74|R$ 212.000,00
196091|APARTAMENTO NA RIBEIRÂNIA||2|1|1|46|R$ 212.000,00
195272|APARTAMENTO NO PALMARES, 2 DORMITÓRIOS||2|2|2|63|R$ 212.000,00
190583|APARTAMENTO 2 DORMITÓRIOS NA VILA VIRGINIA||2|1|1|44|R$ 212.000,00
187634|KIT PRÓXIMO À AVENIDA LEÃO XIII||1|1|1|37|R$ 212.000,00
186578|Ótimo apartamento no Parque São Sebastião||2|2|1|59|R$ 212.000,00
180461|APARTAMENTO NO RESERVA REAL||2|1|1|41|R$ 212.000,00
177623|APARTAMENTO TÉRREO PRÓXIMO À RUA JAVARI||2|1|1|42|R$ 212.000,00
175463|APARTAMENTO NO RESERVA REAL||2|1|1|41|R$ 212.000,00
175439|APARTAMENTO NO QUINTINO FACCI II||2|1|1|42|R$ 212.000,00
174947|Apartamento de 03 quartos para venda - Jardim Sumaré|Jardim Sumaré|3|2|1|58|R$ 212.000,00
170639|APARTAMENTO NO GERALDO CORREA DE CARVALHO||2|1|1|48|R$ 212.000,00
167495|Apartamento de 43m² com 01 quarto e sacada à venda - Nova Aliança|Nova Aliança|1|1|1|43|R$ 212.000,00
156050|Apartamento de 32m² com 01 quarto para venda - Jardim Paulista|Jardim Paulista|1|1|1|32|R$ 212.000,00
155369|APARTAMENTO PRÓXIMO À USP||1|1|1|35|R$ 212.000,00
153932|APARTAMENTO TÉRREO PRÓXIMO A AVENIDA RECIFE||2|1|1|42|R$ 212.000,00
151757|APARTAMENTO PRÓXIMO À AVENIDA HERÁCLITO FONTOURA SOBRAL PINTO||2|1|1|47|R$ 212.000,00
146174|APARTAMENTO PRÓXIMO Á AVENIDA HENRY NESTLÉ||2|1|1|69|R$ 212.000,00
142199|Apartamento de 2 quartos para locação e venda - Vila Tamandaré|Vila Tamandaré|2|1|1|62|R$ 212.000,00
141749|APARTAMENTO PRÓXIMO À AVENIDA BRAZ OLAIA ACOSTA||1|1|1|39|R$ 212.000,00
141560|Apartamento de 48m² com 02 quartos à venda - Parque São Sebastião|Parque São Sebastião|2|1|1|48|R$ 212.000,00
138278|Apartamento de 42m² com 02 quartos à venda - Vila Virgínia|Vila Virgínia|2|1|1|42|R$ 212.000,00
133277|****APARTAMENTO PADRÃO****||2|1|1|76|R$ 212.000,00
133001|Apartamento - Padrão|Padrão|2|1|1|45|R$ 212.000,00
127424|APARTAMENTO PRÓXIMO À UNAERP||1|1|1|37|R$ 212.000,00
122546|APARTAMENTO NO JARDIM MANOEL PENNA||2|1|1|0|R$ 212.000,00
122540|Apartamento de 42m² 02 quartos à venda - Parque dos Servidores|Parque dos Servidores|2|1|1|42|R$ 212.000,00
120713|APARTAMENTO PRÓXIMO À AVENIDA SAUDADE||2|1|1|40|R$ 212.000,00
106184|APARTAMENTO PRÓXIMO À RUA MARQUÊS DA CRUZ||2|1|1|59|R$ 212.000,00
100370|Apartamento de 48 m² com 02 quartos para venda - Alto Da Boa Vista|Alto Da Boa Vista|2|1|1|48|R$ 212.000,00
99473|APARTAMENTO AVENIDA CARAMURU||2|1|1|48|R$ 212.000,00
96872|Apartamento de 02 quartos para locação - Republica|Republica|2|2|1|54|R$ 212.000,00
91778|Apartamento - Padrão|Padrão|2|1|1|42|R$ 212.000,00
80087|Apartamento de 02 quartos para locação - City Ribeirão|City Ribeirão|2|1|1|46|R$ 212.000,00
76295|Apartamento de 42m² com 01 quarto à venda - Vila Seixas|Vila Seixas|1|1|1|42|R$ 212.000,00
50651|APARTAMENTO NO VILA ANA MARIA||1|1|1|39|R$ 212.000,00
5351|Apartamento de 43m² com 01 quarto á venda - Vila Seixas|Vila Seixas|1|1|1|43|R$ 212.000,00
230426|Apartamento 43m² com 02 quartos para venda - Residencial Parque dos Servidores|Residencial Parque dos Servidores|2|1|1|43|R$ 213.000,00
155711|Apartamento de 48m² com 02 quartos à venda - Vila Maria Luiza|Vila Maria Luiza|2|1|1|48|R$ 213.000,00
192752|Apartamento de 42m² com 01 quarto para venda - Vila Virgínia|Vila Virgínia|1|1|1|42|R$ 179.000,00
87983|Apartamento de 51m² com 02 quartos à venda - Presidente Medici|Presidente Medici|2|1|1|51|R$ 185.000,00
242222|Apartamento de 46m² com 02 quartos à venda - Lagoinha|Lagoinha|2|1|1|46|R$ 209.000,00
244769|Apartamento de 47m² com 02 quartos à venda - Mirante Sul|Mirante Sul|2|1|1|47|R$ 215.000,00
242627|Apartamento Térreo de 60m² com 02 quartos para venda - Jardim Ângelo Jurca|Jardim Ângelo Jurca|2|1|1|60|R$ 215.000,00
230741|Apartamento térreo de 46m² com 02 quartos á venda - Campos Elíseos|Campos Elíseos|2|1|1|46|R$ 215.000,00
226412|Apartamento de 39m² com 02 quartos à venda - Parque São Sebastião|Parque São Sebastião|2|1|1|39|R$ 215.000,00
225608|Apartamento térreo de 40m² com 02 quartos à venda - Reserva Real|Reserva Real|2|1|1|40|R$ 215.000,00
204995|Apartamento de 47m² com 02 quartos à venda - Alto do Ipiranga|Alto do Ipiranga|2|1|1|47|R$ 215.000,00
199505|Apartamento de 46m² com 02 quartos à venda - Ribeirânia|Ribeirânia|2|1|1|46|R$ 215.000,00
194330|APARTAMENTO NO JARDIM ANANHGUERA||2|2|1|67|R$ 215.000,00
193004|****APARTAMENTO NO JARDIM MANOEL PENNA****||2|1|1|48|R$ 215.000,00
192947|APARTAMENTO NO SUMAREZINHO||2|1|1|45|R$ 215.000,00
189911|APARTAMENTO NO RESIDENCIAL JEQUITIBA||2|1|1|41|R$ 215.000,00
175586|APARTAMENTO NO PARQUE DOS LAGOS||2|1|1|45|R$ 215.000,00
172034|Apartamento de 74m² com 03 quartos à venda - residencial e comercial Palmares|residencial e comercial Palmares|3|2|2|74|R$ 215.000,00
159518|Apartamento de 42m² com 02 quartos à venda - Vila Virgínia|Vila Virgínia|2|1|1|42|R$ 215.000,00
155846|Apartamento de 37m² com 01 quarto para locação - Nova Aliança|Nova Aliança|1|1|1|37|R$ 215.000,00
151808|Apartamento de 46m² com 02 quartos à venda - Ribeirânia|Ribeirânia|2|1|1|46|R$ 215.000,00
149288|APARTAMENTO PRÓXIMO À AVENIDA CASTELO BRANCO||2|1|1|46|R$ 215.000,00
148502|APARTAMENTO NO MIRANTE SUL||2|1|1|48|R$ 215.000,00
143894|Apartamento de 45m² com 01 quarto à venda - Bairro Nova Aliança|Bairro Nova Aliança|1|1|1|45|R$ 215.000,00
141686|Apartamento de 44m² com 02 quartos à venda - Ipiranga|Ipiranga|2|1|1|44|R$ 215.000,00
136349|Apartamento de 41m² com 02 quartos para locação e venda - Jardim José Sampaio Júnior|Jardim José Sampaio Júnior|2|1|1|41|R$ 215.000,00
132593|APARTAMENTO NO JARDIM MANOEL PENA||2|1|1|48|R$ 215.000,00
103091|Apartamento de 02 quartos para locação e venda - Ribeirânia|Ribeirânia|2|1|1|45|R$ 215.000,00
101936|APARTAMENTO NO JARDIM CALIFORNIA||1|1|1|36|R$ 215.000,00
98000|APARTAMENTO NO JARDIM CALIFÓRNIA||1|1|1|36|R$ 215.000,00
91097|Apartamento de 39m² com 01 quarto para locação - Nova Aliança|Nova Aliança|1|1|1|39|R$ 215.000,00
83054|APARTAMENTO CONDOMÍNIO RESERVA SUL||2|2|1|55|R$ 215.000,00
81893|Apartamento - Padrão|Padrão|1|1|1|55|R$ 215.000,00
78032|Apartamento mobiliado de 38m² com 01 quarto à venda - Jardim Iguatemi|Jardim Iguatemi|1|1|1|38|R$ 215.000,00
57284|Apartamento de 43m² com 01 quarto para locação e venda - Vila Seixas|Vila Seixas|1|1|1|43|R$ 215.000,00
51713|Apartamento de 55m² á venda - Vila Virgínia|Vila Virgínia|1|1|1|55|R$ 215.000,00
189602|Apartamento de 42m² com 02 quartos à venda - Parque Industrial Lagoinha|Parque Industrial Lagoinha|2|1|1|42|R$ 215.500,00
187190|****APARTAMENTO NO JOSE FIGUEIRA****||2|1|1|47|R$ 210.000,00
226805|Apartamento de 43m² semi mobiliado com 02 quartos à venda - Reserva Macaúba|Reserva Macaúba|2|1|1|43|R$ 199.000,00
238169|Apartamento de 48m² com 02 quartos à venda - Bonfim Paulista|Bonfim Paulista|2|1|1|48|R$ 219.000,00
225449|Apartamento de 48m² com 02 quartos à venda - Jardim José Sampaio Júnior|Jardim José Sampaio Júnior|2|1|1|48|R$ 160.000,00
161756|Apartamento térreo de 50m² com 01 quarto à venda - Jardim Paulistano|Jardim Paulistano|1|1|1|50|R$ 171.000,00
196358|APARTAMENTO NO MANOEL PENNA||2|1|1|44|R$ 180.000,00
220016|"Apartamento de 63m² com 03 quartos à venda - Jardim |nhanguera"|Jardim nhanguera|3|2|1|63|R$ 185.000,00
202820|Apartamento de 55m² com 02 quartos à venda - Residencial e Comercial Palmares|Residencial e Comercial Palmares|2|2|1|55|R$ 190.000,00
158996|APARTAMENTO PRÓXIMO À AVENIDA HENRI NESTLE||2|1|1|45|R$ 190.000,00
243287|Apartamento de 66m² com 02 quartos à venda - Parque dos Bandeirantes|Parque dos Bandeirantes|2|1|1|66|R$ 195.000,00
235448|Apartamento de 55m² com 02 quartos à venda - Vila Maria Luiza|Vila Maria Luiza|2|1|1|55|R$ 200.000,00
193604|APARTAMENTO NO IPIRANGA||3|2|1|70|R$ 200.000,00
155144|APARTAMENTO PRÓXIMO À AVENIDA PIO XII||2|1|1|46|R$ 200.000,00
80051|Apartamento - Padrão|Padrão|2|2|1|0|R$ 200.000,00
64898|Apartamento de 65 m² com 02 quartos para locação - Centro|Centro|2|1|1|65|R$ 200.000,00
118235|APARTAMENTO PRÓXIMO À AVENIDA WLADIMIR MEIRELLES FERREIRA||1|1|1|38|R$ 202.000,00
137465|APARTAMENTO COM LOCALIZAÇÃO PRIVILEGIADA NO JARDIM BOTÂNICO||1|1|1|44|R$ 210.000,00
130514|Apartamento de 43m² com 02 quartos para venda - Residencial Parque dos Servidores|Residencial Parque dos Servidores|2|1|1|43|R$ 210.000,00
175646|APARTAMENTO NA CITY RIBEIRÃO||2|1|1|49|R$ 212.000,00
154754|Apartamento de 48m² com 02 quartos para venda - Reserva Sul Condomínio|Reserva Sul Condomínio|2|1|1|48|R$ 212.000,00
91484|APARTAMENTO PRÓXIMO À AVENIDA INDEPENDÊNCIA||1|1|1|42|R$ 212.000,00
243491|EXCELENTE APARTAMENTO PRÓXIMO À AVENIDA VIRGILIO SOEIRA||2|1|1|42|R$ 220.000,00
242612|Apartamento de 42m² com 02 quartos à venda - Valentina Figueiredo|Valentina Figueiredo|2|1|1|42|R$ 220.000,00
240248|Apartamento de 39m² com 01 suíte à venda -Jardim Irajá|Jardim Irajá|1|1|1|39|R$ 220.000,00
240062|Apartamento de 63m² com 02 quartos à venda -Jardim Interlagos|Jardim Interlagos|2|1|1|63|R$ 220.000,00
235751|Apartamento de 38m² com 01 quarto à venda - Residencial Flórida|Residencial Flórida|1|1|1|38|R$ 220.000,00
235442|Apartamento de 46m² com 02 quartos para venda e locação - Vila Abranches|Vila Abranches|2|1|1|46|R$ 220.000,00
234026|Apartamento de 42m² com 02 quartos á venda - Jardim Cybelli|Jardim Cybelli|2|1|1|42|R$ 220.000,00
233201|Apartamento 48m² com 01 quarto à venda - Vila Seixas|Vila Seixas|1|1|1|48|R$ 220.000,00
233045|Apartamento de 70m² com 02 quartos á venda - Centro|Centro|2|1|1|70|R$ 220.000,00
230447|Apartamento com 40m² com 02 quartos para locação e venda - Jardim Emília|Jardim Emília|2|1|1|40|R$ 220.000,00
230393|Apartamento de 47m² com 02 quartos à venda - Parque dos Bandeirantes|Parque dos Bandeirantes|2|2|1|47|R$ 220.000,00
229352|Apartamento de 42m² com 02 quartos para venda - Valentina Figueiredo|Valentina Figueiredo|2|1|1|42|R$ 220.000,00
228938|Apartamento de 46m² com 02 quartos à venda - Jardim Castelo Branco|Jardim Castelo Branco|2|1|1|46|R$ 220.000,00
228617|Apartamento de 42m² com 02 quartos à venda - Jardim Florestan Fernandes|Jardim Florestan Fernandes|2|1|1|42|R$ 220.000,00
228095|Apartamento de 40m² com 02 quartos à venda - Jardim Cybelli|Jardim Cybelli|2|1|1|40|R$ 220.000,00
227282|Apartamento de 49m² com 02 dormitórios à venda - Ipiranga|Ipiranga|2|1|1|49|R$ 220.000,00
226706|Apartamento de 41m² com 02 quartos à venda - Parque Palácio Imperial|Parque Palácio Imperial|2|1|1|41|R$ 220.000,00
226157|Apartamento de 41m² com 02 quartos à venda - Reserva Real|Reserva Real|2|1|1|41|R$ 220.000,00
225956|Apartamento de 41m² com 02 quartos à venda - Reserva Real|Reserva Real|2|1|1|41|R$ 220.000,00
224279|Apartamento de 60m² com 02 quartos para locação - Planalto Verde|Planalto Verde|2|1|1|60|R$ 220.000,00
223232|Apartamento de 49m² com 02 quartos à venda - Campos Elíseos|Campos Elíseos|2|1|1|49|R$ 220.000,00
220154|Apartamento térreo de 59m² com 02 quartos para venda e locação - Parque Anhanguera|Parque Anhanguera|2|1|1|59|R$ 220.000,00
218858|Apartamento de 49m² com 02 quartos à venda - Ipiranga|Ipiranga|2|1|1|49|R$ 220.000,00
218825|Apartamento de 49m² com 02 quartos para locação - City Ribeirão|City Ribeirão|2|2|1|49|R$ 220.000,00
213872|Apartamento de 77m² com 02 quartos à venda - Campos Elíseos|Campos Elíseos|2|1|1|77|R$ 220.000,00
211916|Apartamento térreo de 76m² com 03 quartos para venda - Parque dos Bandeirantes|Parque dos Bandeirantes|3|1|1|76|R$ 220.000,00
209459|Apartamento de 45m² com 02 quartos - Santa Marta|Santa Marta|2|1|1|45|R$ 220.000,00
208100|Apartamento de 31m² para locação e venda - Vila Amélia|Vila Amélia|1|1|1|31|R$ 220.000,00
204881|Apartamento de 42m² com 02 quartos para locação - Jardim Florestan Fernandes|Jardim Florestan Fernandes|2|1|1|42|R$ 220.000,00
202070|APARTAMENTO NA VILA VIRGINIA||2|1|1|42|R$ 220.000,00
201431|APARTAMENTO NO JARDIM SUMARÉ||3|2|1|59|R$ 220.000,00
201263|APARTAMENTO NO JARDIM PRESIDENTE MÉDICI||2|1|1|51|R$ 220.000,00
198836|Apartamento de 41m² com 01 quarto à venda - Vila Seixas|Vila Seixas|1|1|1|41|R$ 220.000,00
197198|Apartamento de 02 quartos para locação - Recreio das Acácias|Recreio das Acácias|2|1|1|40|R$ 220.000,00
194087|APARTAMENTO NA VILA MONTE ALEGRE||2|2|1|68|R$ 220.000,00
193748|APARTAMENTO TÉRREO PRÓXIMO À JOSÉ ANTÔNIO FERRAREZI||2|1|1|63|R$ 220.000,00
193583|Apartamento de 43m² com 02 quartos a venda - Bonfim Paulista|Bonfim Paulista|2|1|1|43|R$ 220.000,00
192263|EXCELENTE APARTAMENTO À VENDA NO BAIRRO VILA TIBÉRIO||2|1|1|68|R$ 220.000,00
191489|ÓTIMO APARTAMENTO NO JARDIM NOVA ALIANÇA||1|1|1|44|R$ 220.000,00
191432|Apartamento de 58m² com 03 quartos para venda ou locação - Jardim Sumaré|Jardim Sumaré|3|3|1|58|R$ 220.000,00
190949|Apartamento de 43m² com 02 quartos à venda - Bonfim Paulista|Bonfim Paulista|2|1|1|43|R$ 220.000,00
190301|Apartamento de 40m² com 02 quartos para locação - Jardim Ouro Branco|Jardim Ouro Branco|2|1|1|40|R$ 220.000,00
188528|Apartamento de 46m² com 02 quartos à venda - Parque Industrial Lagoinha|Parque Industrial Lagoinha|2|1|1|46|R$ 220.000,00
185867|Apartamento 43 m² e 2 quartos - Loteamento Santa Marta|Loteamento Santa Marta|2|1|1|43|R$ 220.000,00
184883|EXCELENTE APARTAMENTO PRÓXIMO À AVENIDA VIRGILIO SOEIRA||2|1|1|42|R$ 220.000,00
178436|APARTAMENTO EM BONFIM PAULISTA||2|2|1|56|R$ 220.000,00
177302|APARTAMENTO NA VILA SEIXAS||2|2|1|70|R$ 220.000,00
176042|ÓTIMO APARTAMENTO NO IPIRANGA||2|1|1|69|R$ 220.000,00
175130|APARTAMENTO NO IPIRANGA||2|1|1|40|R$ 220.000,00
174671|APARTAMENTO NO VALENTINA FIGUEIREDO||2|2|1|56|R$ 220.000,00
174446|APARTAMENTO NO QUINTINO FACCI II||2|1|1|52|R$ 220.000,00
174341|APARTAMENTO NO JARDIM JOSÉ WILSON TONI||2|1|1|42|R$ 220.000,00
170786|Apartamento - Padrão|Padrão|2|1|1|46|R$ 220.000,00
168917|APARTAMENTO NO PRESIDENTE MÉDICI / IGUATEMI||2|1|1|51|R$ 220.000,00
166721|Apartamento de 74m² com 02 quartos à venda - Parque dos Bandeirantes|Parque dos Bandeirantes|2|2|1|74|R$ 220.000,00
163520|APARTAMENTO PRÓXIMO À USP||2|1|1|56|R$ 220.000,00
162728|Apartamento de 59m² com 03 quartos à venda - Campos Elíseos|Campos Elíseos|3|2|1|59|R$ 220.000,00
160973|APARTAMENTO NO VITTA BANDEIRANTES||2|1|1|42|R$ 220.000,00
157739|APARTAMENTO PRÓXIMO À UNAERP||2|1|1|51|R$ 220.000,00
154412|Apartamento de 01 quarto para venda - Vila Seixas|Vila Seixas|1|1|1|39|R$ 220.000,00
151481|APARTAMENTO NA RUA NITERÓI||2|1|1|46|R$ 220.000,00
149906|APARTAMENTO EM BONFIM PAULISTA||1|1|1|35|R$ 220.000,00
146909|Apartamento de 01 quarto para venda - Nova Aliança|Nova Aliança|1|1|1|42|R$ 220.000,00
146153|APARTAMENTO PRÓXIMO À AV. JOÃO FIÚSA||2|1|1|66|R$ 220.000,00
145244|APARTAMENTO PRÓXIMO À AVENIDA INDEPENDÊNCIA||1|1|1|43|R$ 220.000,00
144404|Apartamento de 48m² com 02 quartos à venda - Vila Maria Luiza|Vila Maria Luiza|2|1|1|48|R$ 220.000,00
142808|Apartamento de 71m² com 03 quartos sendo 01 suíte à venda - Independência|Independência|3|2|1|71|R$ 220.000,00
142583|Apartamento de 63m² com 03 quartos à venda - Jardim Interlagos|Jardim Interlagos|3|1|1|63|R$ 220.000,00
136586|Apartamento de 43m² com 02 quartos à venda - Parque dos Lagos|Parque dos Lagos|2|1|1|43|R$ 220.000,00
136508|Apartamento de 56m² com 01 quarto para venda - Vila Monte Alegre|Vila Monte Alegre|1|1|1|56|R$ 220.000,00
133712|****LINDO APARTAMENTO ****||2|1|1|40|R$ 220.000,00
133166|Apartamento - Padrão|Padrão|2|1|1|47|R$ 220.000,00
132260|Apartamento - Padrão|Padrão|3|2|1|59|R$ 220.000,00
129629|Apartamento de 54 m² e 1 quarto - Centro|Centro|1|1|1|54|R$ 220.000,00
129395|Apartamento de 46m² com 02 quartos para locação - Residencial Jequitibá|Residencial Jequitibá|2|1|1|46|R$ 220.000,00
126293|Apartamento de 27m² com 1 suíte à venda- Jardim Paulista|Jardim Paulista|1|1|1|27|R$ 220.000,00
122132|Apartamento com 2 quartos de 44 m² - Condomínio Reino da Escócia|Condomínio Reino da Escócia|2|1|1|44|R$ 220.000,00
121601|Apartamento de 02 quartos para locação e venda - Vila Maria Luiza|Vila Maria Luiza|2|1|1|50|R$ 220.000,00
116426|Apartamento de 02 quartos para locação - Vila Virgínia|Vila Virgínia|2|1|1|48|R$ 220.000,00
113858|Apartamento de 47m á venda com 02 quartos - Campos Eliseos|Campos Eliseos|2|1|1|47|R$ 220.000,00
112790|Apartamento - Padrão|Padrão|2|1|1|47|R$ 220.000,00
103355|Apartamento de 48m² com 01 quartos para venda e locação- Centro|Centro|1|1|1|48|R$ 220.000,00
99071|Apartamento de 57m² com 02 quartos para locação - Jardim Paulista|Jardim Paulista|2|2|1|57|R$ 220.000,00
94844|KITNET MOBILIADA PRÓXIMO À USP||1|1|1|41|R$ 220.000,00
89603|Apartamento - Padrão|Padrão|2|1|1|77|R$ 220.000,00
89396|APARTAMENTO NA CARAMURU||2|1|1|48|R$ 220.000,00
88349|Apartamento de 38m² com 01 suíte - Presidente Medici|Presidente Medici|1|1|1|38|R$ 220.000,00
88268|Apartamento de 69m² com 02 quarto sendo 01 suíte à venda - Independência|Independência|2|2|1|69|R$ 220.000,00
87797|Apartamento de 45m² com 02 quartos para locação e venda - Sumarezinho|Sumarezinho|2|1|1|45|R$ 220.000,00
85553|APARTAMENTO NO CENTRO||1|1|1|64|R$ 220.000,00
84761|Apartamento de 50m² com 02 quartos à venda - Residencial Greenville|Residencial Greenville|2|1|1|50|R$ 220.000,00
84503|Apartamento de 47m² com 02 quartos à venda - Condomínio Mirante Sul|Condomínio Mirante Sul|2|1|1|47|R$ 220.000,00
81056|Apartamento de 57m² à venda - Planalto Verde|Planalto Verde|2|2|2|57|R$ 220.000,00
75986|Apartamento de 58m² com 02 quartos - Zardim Zara|Zardim Zara|2|2|1|58|R$ 220.000,00
74528|APARTAMENTO PRÓXIMO AO RIBEIRÃO SHOPPING||1|1|1|39|R$ 220.000,00
67778|Apartamento de 63 m² e 2 quartos- Presidente Medici|Presidente Medici|2|2|1|63|R$ 220.000,00
67511|Apartamento de 44m² com 01 suíte para locação - Jardim Sumaré|Jardim Sumaré|1|1|1|44|R$ 220.000,00
66110|Apartamento - Padrão|Padrão|3|2|1|70|R$ 220.000,00
65747|Apartamento de 66m² com 03 quartos à venda - Parque Industrial Lagoinha|Parque Industrial Lagoinha|3|1|1|66|R$ 220.000,00
40190|APARTAMENTO SEMI MOBILIADO PRÓXIMO À AVENIDA CARAMURU||2|1|1|0|R$ 220.000,00
21389|Apartamento - Padrão|Padrão|2|1|1|55|R$ 220.000,00
102452|Apartamento de 53m² com 02 quartos - Reserva Sul|Reserva Sul|2|2|2|53|R$ 222.000,00
44561|Apartamento de 46m² com 02 quartos para locação e venda - Jardim Paulistano|Jardim Paulistano|2|1|1|46|R$ 222.000,00
169973|APARTAMENTO NO JARDIM ZARA||2|2|1|62|R$ 222.600,00
212858|Apartamento de 42m² com 02 quartos à venda - Jardim Heitor Rigon|Jardim Heitor Rigon|2|1|1|42|R$ 138.000,00
130037|Apartamento com 47m² de 2 quartos para venda - Jardim Manoel Penna|Jardim Manoel Penna|2|1|1|47|R$ 180.000,00
170123|Apartamento de 40m² com 02 quartos para locação e venda - Jardim Ouro Branco|Jardim Ouro Branco|2|1|1|40|R$ 189.900,00
118463|Apartamento de 49m² com 02 quartos á venda - Jardim Santa Cecília|Jardim Santa Cecília|2|1|1|49|R$ 205.000,00
179144|Apartamento de 46m² com 02 quartos à venda - Sumarezinho|Sumarezinho|2|1|1|46|R$ 220.000,00
220466|Apartamento de 34m² com 01 quarto para locação e venda - Quintas de São José|Quintas de São José|1|1|1|34|R$ 223.000,00
196616|APARTAMENTO NO CENTRO||1|1|1|46|R$ 223.000,00
189896|APARTAMENTO NO FLAMBOYANS||2|1|1|43|R$ 223.000,00
187748|Apartamento de 40m² com 02 quartos para locação - Recreio das Acácios|Recreio das Acácios|2|1|1|40|R$ 223.000,00
150962|APARTAMENTO PRÓXIMO À AVENIDA JOSÉ ANTÔNIO FERRARI||2|1|1|41|R$ 223.000,00
149117|Apartamento de 71m² com 03 quartos à venda - Vila Amélia|Vila Amélia|3|2|1|71|R$ 223.000,00
148307|APARTAMENTO PRÓXIMO Á RODOVIA ANTÔNIO MACHADO SANTANNA||2|1|1|46|R$ 223.000,00
133385|APARTAMENTO NO NOVA ALIANÇA||1|1|1|42|R$ 223.000,00
129983|Apartamento - Padrão|Padrão|2|1|1|68|R$ 223.000,00
89612|Apartamento de 34m² com 01 quarto á venda - Vila Ana Maria|Vila Ana Maria|1|1|1|34|R$ 223.000,00
165350|Apartamento de 42m² com 02 quartos para venda - Jardim José Wilson Toni|Jardim José Wilson Toni|2|1|1|42|R$ 224.000,00
113537|APARTAMENTO PRÓXIMO À AVENIDA INDEPENDÊNCIA||1|1|1|40|R$ 224.000,00
179681|APARTAMENTO NO QUINTINO FACCI II||2|2|1|56|R$ 224.400,00
179678|APARTAMENTO NO QUINTINO FACCI II||2|2|1|56|R$ 224.400,00
179672|APARTAMENTO NO QUINTINO FACCI II||2|2|1|56|R$ 224.400,00
179666|APARTAMENTO NO QUINTINO FACCI II||2|2|1|56|R$ 224.400,00
179654|APARTAMENTO NO QUINTINO FACCI II||2|2|1|56|R$ 224.400,00
179645|APARTAMENTO NO QUINTINO FACCI II||2|2|1|56|R$ 224.400,00
179642|APARTAMENTO NO QUINTINO FACCI II||2|2|1|56|R$ 224.400,00
179639|APARTAMENTO NO QUINTINO FACCI II||2|2|1|56|R$ 224.400,00
179630|APARTAMENTO NO QUINTINO FACCI II||2|2|1|56|R$ 224.400,00
179627|APARTAMENTO NO QUINTINO FACCI II||2|2|1|56|R$ 224.400,00
179624|APARTAMENTO NO QUINTINO FACCI II||2|2|1|56|R$ 224.400,00
243113|Apartamento de 41m² com 02 quartos para locação - Reserva Real|Reserva Real|2|1|1|41|R$ 190.000,00
128606|APARTAMENTO SEMI NOVO PRÓXIMO Á BARÃO DO BANANAL||2|1|1|54|R$ 202.000,00
219668|Apartamento de 45m² com 01 quarto à venda - Nova Aliança|Nova Aliança|1|1|1|45|R$ 210.000,00
243305|Apartamento de 87m² com 03 quartos à venda - Jardim Paulistano|Jardim Paulistano|3|1|1|87|R$ 225.000,00
240587|Apartamento de 41m² com 02 quartos à venda - Reserva Real|Reserva Real|2|1|1|41|R$ 225.000,00
235970|Apartamento de 41m² com 02 quartos á venda - Residencial Jequitibá|Residencial Jequitibá|2|1|1|41|R$ 225.000,00
234635|Apartamento de 47m² com 02 quartos para venda||2|1|1|47|R$ 225.000,00
234503|Apartamento de 51m² com 2 quartos à venda - Residencial Greenville|Residencial Greenville|2|1|1|51|R$ 225.000,00
233648|Apartamento de 41m² com 01 quarto para venda - Vila Seixas|Vila Seixas|1|1|1|41|R$ 225.000,00
213689|Apartamento térreo de 43m² com 02 quartos à venda - Jardim Interlagos|Jardim Interlagos|2|1|1|43|R$ 225.000,00
202922|EXCELENTE APARTAMENTO GIARDINO NO BAIRRO PLANALTO VERDE||2|1|1|48|R$ 225.000,00
199166|Apartamento de 69m² com 02 quartos para venda - Jardim Helena|Jardim Helena|2|1|1|69|R$ 225.000,00
192848|Apartamento de 49m² com 01 suíte - Centro|Centro|1|1|1|49|R$ 225.000,00
183005|APARTAMENTO PRÓXIMO À RUA JOÃO BIM||2|1|1|74|R$ 225.000,00
162164|Apartamento de 47m² com 02 quartos à venda - Quinta da Primavera|Quinta da Primavera|2|1|1|47|R$ 225.000,00
160034|APARTAMENTO PRÓXIMO À USP||2|2|1|68|R$ 225.000,00
149240|Apartamento de 02 quartos para locação - Bonfim Paulista|Bonfim Paulista|2|1|1|48|R$ 225.000,00
149201|APARTAMENTO PRÓXIMO À AVENIDA MARIA DE JESUS CONDEIXA||2|2|1|69|R$ 225.000,00
140477|Apartamento de 48m² com 02 quartos à venda - Vila Maria Luiza|Vila Maria Luiza|2|1|1|48|R$ 225.000,00
135644|APARTAMENTO NO JARDIM INTERLAGOS||3|1|1|63|R$ 225.000,00
131204|Apartamento - Padrão|Padrão|2|1|1|54|R$ 225.000,00
110060|APARTAMENTO NOS CAMPOS ELÍSEOS||2|1|1|49|R$ 225.000,00
100034|Apartamento - Padrão|Padrão|1|1|1|40|R$ 225.000,00
74990|Apartamento - Padrão|Padrão|2|1|1|60|R$ 225.000,00
71423|APARTAMENTO NA LAGOINHA||2|2|1|59|R$ 225.000,00
54677|Apartamento - Padrão|Padrão|3|2|1|58|R$ 225.000,00
50009|APARTAMENTO NA LAGOINHA||1|1|1|45|R$ 225.000,00
166922|Apartamento de 42m² com 02 quartos à venda - Jardim Orestes Lopes de Camargo|Jardim Orestes Lopes de Camargo|2|1|1|42|R$ 225.663,00
240071|Apartamento de 42m² com 02 quartos à venda - Jardim Maria Goretti|Jardim Maria Goretti|2|1|1|42|R$ 227.900,00
145640|Apartamento de 42m² com 02 quartos para locação - Vila Virgínia|Vila Virgínia|2|1|1|42|R$ 160.000,00
153644|APARTAMENTO TÉRREO PRÓXIMO À JOSÉ ANTÔNIO FERRAREZI||2|1|1|48|R$ 220.000,00
97604|Apartamento de 58m² com 03 quartos sendo 01 suíte à venda - República|República|3|2|1|58|R$ 228.000,00
216353|Apartamento de 66m² com 02 quartos á venda - Parque Anhanguera|Parque Anhanguera|2|2|1|66|R$ 222.000,00
241604|Apartamento de 49m² com 02 quartos à venda Parque Industrial Lagoinha||2|1|1|49|R$ 229.000,00
238712|Apartamento de 49m² com 02 quartos à venda - Jardim Botânico|Jardim Botânico|2|2|1|49|R$ 229.000,00
230801|Apartamento térreo de 47m² com 02 quartos para venda - Vale das Nascentes|Vale das Nascentes|2|1|1|47|R$ 229.000,00
126149|APARTAMENTO NO NOVA ALIANÇA||1|1|1|39|R$ 229.000,00
169439|Apartamento de 42.50 m² com 02 quartos para venda||2|1|1|50|R$ 145.000,00
191849|Apartamento de 42m² com 02 quartos para locação e venda - Jardim Santa Cecília|Jardim Santa Cecília|2|1|1|42|R$ 170.000,00
161255|Apartamento de 46m² com 02 quartos à venda - Reserva Sul Condomínio|Reserva Sul Condomínio|2|1|1|46|R$ 180.000,00
169454|Apartamento de 55m² com 02 quartos para venda - Parque dos Servidores|Parque dos Servidores|2|1|1|55|R$ 200.000,00
167216|APARTAMENTO NO RESERVA REAL||2|1|1|42|R$ 200.000,00
159698|APARTAMENTO PRÓXIMO À CATEDRAL||2|1|1|65|R$ 200.000,00
106112|Apartamento de 56 m² com 01 quarto para locação - Centro|Centro|1|1|1|56|R$ 210.000,00
218303|Apartamento de 40m² com 02 quartos para venda e locação - Jardim Castelo Branco|Jardim Castelo Branco|2|1|1|40|R$ 215.000,00
212996|Apartamento de 43m² com 02 quartos à venda - Jardim Interlagos|Jardim Interlagos|2|1|1|43|R$ 215.000,00
200396|IMÓVEL MOBILIADO PRÓXIMO À FRANCISCO JUNQUERA||1|1|1|76|R$ 215.000,00
211751|Apartamento de 51m² com 02 quartos à venda - Ipiranga|Ipiranga|2|1|1|51|R$ 220.000,00
86291|Apartamento de 33m² com 01 suíte à venda - Nova Aliança|Nova Aliança|1|1|2|33|R$ 220.000,00
108440|Apartamento de 46m² com 02 quartos à venda - Vila Virgínia|Vila Virgínia|2|1|1|46|R$ 225.000,00
90080|APARTAMENTO PRÓXIMO À RODOVIA ANHANGUERA||3|2|1|86|R$ 225.000,00
95735|Apartamento de 63m² com 02 quartos à venda - Residencial e Comercial Palmares|Residencial e Comercial Palmares|2|1|2|63|R$ 226.000,00
189551|Apartamento de 77m² com 02 quartos - Vila Monte Alegre|Vila Monte Alegre|2|1|3|77|R$ 229.000,00
245609|Apartamento de 46m² com 02 quartos à venda - Ipiranga|Ipiranga|2|1|1|46|R$ 230.000,00
242012|Apartamento de 44m² com 02 quartos à venda - Ribeirânia|Ribeirânia|2|1|1|44|R$ 230.000,00
240851|Apartamento de 47m² com 02 quartos à venda - Ribeirânia|Ribeirânia|2|1|1|47|R$ 230.000,00
240221|Apartamento de 51m² com 02 quartos à venda - Presidente Médici|Presidente Médici|2|1|1|51|R$ 230.000,00
239525|Apartamento de 65m² com 03 quartos à venda - Jardim Eugênio Mendes Lopes|Jardim Eugênio Mendes Lopes|3|1|1|65|R$ 230.000,00
238559|Apartamento de 39m² com 01 quarto - Jardim California|Jardim California|1|1|1|39|R$ 230.000,00
237743|Apartamento de 48m² com 02 quartos para venda - Campos Elíseos|Campos Elíseos|2|1|1|48|R$ 230.000,00
237734|Apartamento de 69m² com 03 quartos à venda - Jardim Paulista|Jardim Paulista|3|1|1|69|R$ 230.000,00
236042|Apartamento de 42m² com 02 quartos para venda - Parque Industrial Lagoinha|Parque Industrial Lagoinha|2|1|1|42|R$ 230.000,00
235940|Apartamento de 65m² com 02 quartos para venda - Centro|Centro|2|1|1|65|R$ 230.000,00
232367|Apartamento de 47m² com 02 quartos á venda - Alto do Ipiranga|Alto do Ipiranga|2|1|1|47|R$ 230.000,00
231380|Apartamento de 43m² à venda - Recreio das Acácias|Recreio das Acácias|2|1|1|43|R$ 230.000,00
230012|Apartamento de 65m² com 02 quartos à venda - Vila Seixas|Vila Seixas|2|1|1|65|R$ 230.000,00
226238|Apartamento de 52m² com 02 quartos à venda - Jardim Paulistano|Jardim Paulistano|2|2|1|52|R$ 230.000,00
224837|Apartamento de 37m² com 01 quarto à venda - Nova Aliança|Nova Aliança|1|1|1|37|R$ 230.000,00
224834|Apartamento de 37m² com 01 quarto à venda - Nova Aliança|Nova Aliança|1|1|1|37|R$ 230.000,00
224828|Apartamento de 37m² com 01 quarto à venda - Nova Aliança|Nova Aliança|1|1|1|37|R$ 230.000,00
216776|Apartamento de 46m² com 02 quartos para locação e venda - Campos Elíseos|Campos Elíseos|2|1|1|46|R$ 230.000,00
216437|Apartamento semimobiliado de 43m² com 01 quarto para locação e venda - Vila Seixas|Vila Seixas|1|1|1|43|R$ 230.000,00
214709|Apartamento de 49m² com 02 quartos à venda - Ipiranga|Ipiranga|2|1|1|49|R$ 230.000,00
212870|Apartamento de 55m² com 02 quartos à venda - Vila Virginia|Vila Virginia|2|1|1|55|R$ 230.000,00
212483|Apartamento de 42m² com 02 quartos para locação - Jardim Maria Goretti|Jardim Maria Goretti|2|1|1|42|R$ 230.000,00
212024|Apartamento de 43m² com 02 quartos - Alto da Boa Vista|Alto da Boa Vista|2|1|1|43|R$ 230.000,00
210758|Apartamento de 44m² com 02 quartos à venda - Vila Guiomar|Vila Guiomar|2|1|1|44|R$ 230.000,00
210476|Apartamento de 47m² com 02 quartos à venda - Mirante Sul|Mirante Sul|2|1|1|47|R$ 230.000,00
209018|Apartamento de 45m² com 01 quarto à venda - Bairro Vila Seixas|Bairro Vila Seixas|1|1|1|45|R$ 230.000,00
206435|Apartamento de 40m² com 02 quartos para locação - Recreio das Acácias|Recreio das Acácias|2|1|1|40|R$ 230.000,00
205949|Apartamento de 50m² com 02 quartos para locação e venda - Vila Recreio|Vila Recreio|2|1|1|50|R$ 230.000,00
200444|EXCELENTE APARTAMENTO PARA LOCAÇÃO E VENDA NO BAIRRO VILLA GUIOMAR||2|1|1|45|R$ 230.000,00
199898|Apartamento de 43m² com 02 quartos para locação e venda - Bonfim Paulista|Bonfim Paulista|2|1|1|43|R$ 230.000,00
199415|APARTAMENTO NO CASTELO BRANCO||2|1|1|40|R$ 230.000,00
197696|APARTAMENTO NO CENTRO||1|1|1|48|R$ 230.000,00
195440|EXCELENTE APARTAMENTO PARA LOCAÇÃO NO JARDIM PAULISTA||1|1|1|0|R$ 230.000,00
195242|APARTAMENTO PROX. SODIMAC||2|1|1|57|R$ 230.000,00
192446|EXCELENTE APARTAMENTO PARA VENDAPRÓXIMO AO JARDIM ANHANGUERA||2|1|1|51|R$ 230.000,00
187622|APARTAMENTO PRÓXIMO À RODOVIA ANHANGUERA||2|1|1|43|R$ 230.000,00
187610|Apartamento de 41m² com 02 quartos para locação e venda - Reserva Imperial|Reserva Imperial|2|1|1|41|R$ 230.000,00
179801|APARTAMENTO NO QUINTINO FACCI II||2|2|1|56|R$ 230.000,00
178970|Apartamento de 46m² com 02 quartos à venda - Ribeirânia|Ribeirânia|2|1|1|46|R$ 230.000,00
177980|Lindo apartamento no bairro Jardim Itaú||2|1|1|55|R$ 230.000,00
176456|Apartamento de 46m² com 02 quartos à venda - Sumarezinho|Sumarezinho|2|1|1|46|R$ 230.000,00
175778|APARTAMENTO A VENDA NO RESIDENCIAL JEQUITIBÁ||2|1|1|41|R$ 230.000,00
174113|Apartamento 69 m² com 2 quartos para locação - Vila Monte Alegre|Vila Monte Alegre|2|1|1|69|R$ 230.000,00
171062|APARTAMENTO MOBILIADO NO JARDIM IRAJÁ||1|1|1|33|R$ 230.000,00
167963|APARTAMENTO NO NOVA ALIANÇA||1|1|1|42|R$ 230.000,00
164684|Apartamento de 39m² com 01 quarto à venda - Jardim Botânico|Jardim Botânico|1|1|1|39|R$ 230.000,00
160226|Apartamento de 60m² com 02 quartos à venda - Jardim Mosteiro|Jardim Mosteiro|2|1|1|60|R$ 230.000,00
159956|Apartamento de 32m² com 01 quarto para venda - Ana Maria|Ana Maria|1|1|1|32|R$ 230.000,00
154181|Apartamento de 51m² com 02 quartos à venda - Presidente Médici|Presidente Médici|2|1|1|51|R$ 230.000,00
154028|APARTAMENTO PRÓXIMO À UNIP||1|1|1|37|R$ 230.000,00
147503|APARTAMENTO PRÓXIMO À RUA JOÃO BIM||2|2|1|52|R$ 230.000,00
146858|Apartamento/Padrão - Residencial - No bairro Ipiranga -|Residencial No bairro Ipiranga|3|1|1|70|R$ 230.000,00
143711|Apartamento de 46m² para locação - Reserva Sul|Reserva Sul|2|1|1|46|R$ 230.000,00
138455|APARTAMENTO NO RESERVA REAL||2|1|1|41|R$ 230.000,00
134564|APARTAMENTO NO NOVA ALIANÇA||1|1|1|41|R$ 230.000,00
124364|APARTAMENTO NO JARDIM PAULISTANO||2|1|1|0|R$ 230.000,00
123056|APARTAMENTO DE 82 M COM VAGA COBERTA NO ALTO DO IPIRANGA E PRÓXIMO A AV. DOM PEDRO||3|2|1|82|R$ 230.000,00
122783|Apartamento - Padrão|Padrão|2|1|1|51|R$ 230.000,00
118670|Apartamento de 32m² com 01 quarto à venda - Jardim Botânico|Jardim Botânico|1|1|1|32|R$ 230.000,00
112823|Apartamento de 52m² com 02 quartos à venda - Jardim Paulistano|Jardim Paulistano|2|2|1|52|R$ 230.000,00
108005|Apartamento de 37m² com 01 quarto à venda - Nova Aliança|Nova Aliança|1|1|1|37|R$ 230.000,00
106169|Apartamento - Padrão|Padrão|3|2|1|86|R$ 230.000,00
100958|Apartamento de 37m² com 01 quarto para locação - Noa Aliança|Noa Aliança|1|1|1|37|R$ 230.000,00
96248|Apartamento de 48m² com 1 dormitório - Vila Seixas|Vila Seixas|1|1|1|48|R$ 230.000,00
96080|APARTAMENTO PRÓXIMO À RUA JOÃO BIM||2|2|1|62|R$ 230.000,00
95924|Apartamento de 64m² com 02 quartos à venda - Parque Industrial Lagoinha|Parque Industrial Lagoinha|2|2|1|64|R$ 230.000,00
93200|APARTAMENTO Á VENDA NO ANA MARIA||1|1|1|34|R$ 230.000,00
91925|Apartamento de 41m² com 01 quarto à venda - Vila Ana Maria|Vila Ana Maria|1|1|1|41|R$ 230.000,00
86228|Apartamento de 46m² com 01 quarto para locação e venda - Centro|Centro|1|1|1|46|R$ 230.000,00
85685|Apartamento de 50m² com 01 quarto à venda - Jardim Paulista|Jardim Paulista|1|1|1|50|R$ 230.000,00
84200|Apartamento de 01 quarto para locação- Jardim California|Jardim California|1|1|1|42|R$ 230.000,00
76235|Apartamento de 58m² com 02 quartos - Zardim Zara|Zardim Zara|2|2|1|58|R$ 230.000,00
74252|Apartamento de 37m² com 1 quarto à venda - Jardim Ana Maria|Jardim Ana Maria|1|1|1|37|R$ 230.000,00
62684|APARTAMENTO NO PARQUE INDUSTRIAL LAGOINHA||2|2|1|53|R$ 230.000,00
55460|Apartamento de 46m² com 01 quarto para a venda - Centro|Centro|1|1|1|46|R$ 230.000,00
100019|APARTAMENTO NO BAIRRO SUMAREZINHO||2|2|2|68|R$ 230.000,00
148865|APARTAMENTO PRÓXIMO À RODOVIA ANTÔNIO MACHADO SANTANNA||2|1|2|41|R$ 231.000,00
188078|Apartamento de 57m² com 02 quartos à venda - Jardim Antártica|Jardim Antártica|2|1|1|57|R$ 232.000,00
172418|EXCELENTE APARTAMENTO NO GREENVILLE||2|2|1|54|R$ 232.000,00
131000|**Oportunidade Apartamento**||2|2|1|54|R$ 232.000,00
191300|APARTAMENTO NO JARDIM BOTÂNICO||1|1|1|41|R$ 233.000,00
183950|Apartamento de 58m² com 01 quarto para locação e venda - Sumarezinho|Sumarezinho|1|1|1|58|R$ 233.000,00
148337|APARTAMENTO PRÓXIMO À AVENIDA LUZITANA||2|1|1|57|R$ 233.000,00
213503|Apartamento térreo de 40m² com 02 quartos à venda - Jardim Cybelli|Jardim Cybelli|2|1|1|40|R$ 233.200,00
170282|APARTAMENTO NO JARDIM ZARA||2|2|1|67|R$ 233.200,00
170279|APARTAMENTO NO JARDIM ZARA||2|2|1|67|R$ 233.200,00
167402|APARTAMENTO NA VILA SEIXAS||1|1|1|38|R$ 233.200,00
151574|Apartamento de 39m² com 02 quartos à venda - Jardim Zara|Jardim Zara|2|1|1|39|R$ 155.000,00
145706|APARTAMENTO TÉRREO PARA LOCAÇÃO PRÓXIMO À USP||2|2|1|66|R$ 160.000,00
132425|Apartamento de 46m² com 02 quartos à venda - Sumarezinho|Sumarezinho|2|1|1|46|R$ 220.000,00
190727|APARTAMENTO NA CITY RIBEIRÃO||2|1|1|47|R$ 225.000,00
186494|APARTAMENTO NO CENTRO||1|1|1|40|R$ 225.000,00
155588|Apartamento de 59m² com 02 quarto sendo 01 suíte para venda - Parque São Sebastião|Parque São Sebastião|2|2|1|59|R$ 225.000,00
92462|EXCELENTE APARTAMENTO À VENDA NO CENTRO DE RIBEIRÃO PRETO||2|2|1|65|R$ 225.000,00
91478|Apartamento de 01 quarto para locação - Nova Aliança|Nova Aliança|1|1|1|42|R$ 228.000,00
180908|APARTAMENTO NO BAIRRO JARDIM NOVA ALIANÇA||1|1|1|37|R$ 230.000,00
236288|Apartamento de 42m² com 02 quartos para venda - Parque Industrial Lagoinha|Parque Industrial Lagoinha|2|1|1|42|R$ 234.000,00
220943|Apartamento de 54² com 02 quartos para locação e venda - Reserva Sul Condomínio|Reserva Sul Condomínio|2|2|2|54|R$ 234.000,00
218759|Apartamento de 53m² com 02 quartos à venda - Reserva Sul Condomínio|Reserva Sul Condomínio|2|2|2|53|R$ 234.000,00
187079|Apartamento de 48m² com 02 quartos para locação - Bonfim Paulista|Bonfim Paulista|2|1|1|48|R$ 234.000,00
173201|APARTAMENTO EM BONFIM PAULISTA||2|1|1|46|R$ 234.000,00
157559|APARTAMENTO PRÓXIMO À AVENIDA CASTELO BRANCO||2|1|1|51|R$ 234.000,00
142679|APARTAMENTO PRÓXIMO À AVENIDA INDEPENDÊNCIA||1|1|1|42|R$ 234.000,00
44570|APARTAMENTO PRÓXIMO À AVENIDA CASTELO BRANCO||2|1|1|65|R$ 234.000,00
158840|LANÇAMENTO APARTAMENTO NA ZONA LESTE||2|1|1|71|R$ 234.800,00
244829|Apartamento de 55m² com 02 quartos à venda - Vila Maria Luiza|Vila Maria Luiza|2|1|1|55|R$ 234.900,00
202586|Apartamento de 62m² com 02 quartos para locação e venda - Palmares|Palmares|2|2|1|62|R$ 218.000,00
242375|Apartamento de 44m² com 02 quartos à venda - Recreio das Acácias|Recreio das Acácias|2|1|1|44|R$ 235.000,00
239402|Apartamento de 49m² com 01 quarto à venda - City Ribeirão|City Ribeirão|1|1|1|49|R$ 235.000,00
238925|Apartamento de 44m² com 02 quartos para venda - Recreio das Acácias|Recreio das Acácias|2|1|1|44|R$ 235.000,00
238874|Apartamento de 46m² com 02 quartos à venda - Parque São Sebastião|Parque São Sebastião|2|1|1|46|R$ 235.000,00
238019|Apartamento de 42 m² com 02 quartos à venda - Quintino Facci II|Quintino Facci II|2|1|1|42|R$ 235.000,00
237035|Apartamento mobiliado de 40m² com 02 quartos á venda - Jardim Ouro Branco|Jardim Ouro Branco|2|1|1|40|R$ 235.000,00
235808|Apartamento duplex de 61m² com 03 quartos sendo 01 suíte para venda - Parque dos Lagos|Parque dos Lagos|3|2|1|61|R$ 235.000,00
234737|Apartamento de 44m² com 02 quartos à venda - Recreio das Acácias|Recreio das Acácias|2|1|1|44|R$ 235.000,00
234599|Apartamento de 43m² com 02 quartos para venda||2|1|1|43|R$ 235.000,00
225410|Apartamento de 43m² com 02 quartos à venda - Reserva Macaúba|Reserva Macaúba|2|1|1|43|R$ 235.000,00
224825|Apartamento de 37m² com 01 quarto à venda - Nova Aliança|Nova Aliança|1|1|1|37|R$ 235.000,00
214448|Apartamento de 57m² com 02 quartos à venda - Jardim Castelo Branco|Jardim Castelo Branco|2|2|1|57|R$ 235.000,00
200447|EXCELENTE APARTAMENTO NO CAMPOS ELISEOS||2|1|1|49|R$ 235.000,00
194318|EXCELENTE APARTAMENTO COM SUITE E ELEVADOR - OPORTUNIDADE|OPORTUNIDADE|2|2|2|58|R$ 235.000,00
184229|Apartamento de 66m² com 03 quartos à venda - Parque Industrial Lagoinha|Parque Industrial Lagoinha|3|2|1|66|R$ 235.000,00
183002|APARTAMENTO PRÓXIMO À TRANSERP||2|1|1|41|R$ 235.000,00
180707|Apartamento de 56m² com 02 quartos à venda - Residencial Greenville|Residencial Greenville|2|2|1|56|R$ 235.000,00
173405|APARTAMENTO MOBILIADO NO CENTRO||1|1|1|42|R$ 235.000,00
173396|Apartamento de 43m² com 02 quartos à venda - Loteamento Santa Marta|Loteamento Santa Marta|2|1|1|43|R$ 235.000,00
169706|APARTAMENTO NO RESIDENCIAL GREENVILLE||2|2|1|53|R$ 235.000,00
169451|APARTAMENTO NO JARDIM ZARA||2|2|1|61|R$ 235.000,00
168839|APARTAMENTO NO JARDIM PALMARES||2|2|1|65|R$ 235.000,00
168446|APARTAMENTO EM BONFIM PAULISTA||2|1|1|48|R$ 235.000,00
166295|Apartamento no Recanto da Lagoinha||2|1|1|49|R$ 235.000,00
166034|Apartamento de 59m² com 02 quartos à venda - Parque Industrial Lagoinha|Parque Industrial Lagoinha|2|1|1|59|R$ 235.000,00
159839|APARTAMENTO NA CITY RIBEIRÃO||2|1|1|47|R$ 235.000,00
159551|Apartamento - Padrão|Padrão|1|1|1|41|R$ 235.000,00
159044|Apartamento de 61m² para locação e venda - Presidente Médici|Presidente Médici|2|2|1|61|R$ 235.000,00
153230|APARTAMAMENTO SEMI-MOBILIADO RICO EM ARMÁRIOS|MOBILIADO RICO EM ARMÁRIOS|2|1|1|57|R$ 235.000,00
152006|Apartamento mobiliado com 02 quartos para locação - Jardim Paulista|Jardim Paulista|2|2|1|57|R$ 235.000,00
148031|APARTAMENTO EM BONFIM PAULISTA.||2|1|1|48|R$ 235.000,00
147593|APARTAMENTO PRÓXIMO À RODOVIA ANTÔNIO MACHADO SANTANNA||2|1|1|41|R$ 235.000,00
140765|APARTAMENTO PRÓXIMO A RODOVIA ANTÔNIO MACHADO SANTANA||2|1|1|41|R$ 235.000,00
126266|APARTAMENTO NO CAMPOS ELÍSEOS||3|1|1|58|R$ 235.000,00
114383|Apartamento - Padrão|Padrão|2|2|1|65|R$ 235.000,00
107465|APARTAMENTO PRÓXIMO À AVENIDA DOM PEDRO I||2|1|1|45|R$ 235.000,00
101915|Apartamento de 46m² com 02 quartos à venda - Sumarezinho|Sumarezinho|2|1|1|46|R$ 235.000,00
90941|APARTAMENTO NO BAIRRO ANA MARIA||1|1|1|39|R$ 235.000,00
63581|Apartamento com 72m² com 3 quartos à venda - Parque dos Bandeirantes|Parque dos Bandeirantes|3|2|1|72|R$ 220.000,00
203900|Apartamento de 40m² com 02 quartos à venda - Jardim Castelo Branco|Jardim Castelo Branco|2|1|1|40|R$ 235.000,00
143240|Apartamento de 41m² com 02 quartos à venda - Residencial Jequitibá|Residencial Jequitibá|2|1|1|41|R$ 190.000,00
240977|Apartamento de 47m² com 02 quartos à venda - Alto do Ipiranga|Alto do Ipiranga|2|1|1|47|R$ 238.500,00
232067|Apartamento de 48m² com 02 quartos à venda - Condomínio Mirante Sul|Condomínio Mirante Sul|2|1|1|48|R$ 239.000,00
157994|APARTAMENTO PRÓXIMO À AVENIDA INDEPENDÊNCIA||1|1|1|47|R$ 239.000,00
64340|Apartamento térreo de 66m² á venda - Lagoinha|Lagoinha|3|2|1|66|R$ 239.000,00
146195|Apartamento de 43m² de 01 suíte - Jardim Irajá|Jardim Irajá|1|2|1|43|R$ 202.000,00
196883|Apartamento de 44m² com 01 quarto para venda e locação - Jardim Sumaré|Jardim Sumaré|1|1|1|44|R$ 215.000,00
149633|APARTAMENTO PRÓXIMO À RODOVIA ANHANGUERA||2|2|1|53|R$ 215.000,00
224852|Apartamento de 46m² com 02 quartos para locação e venda - Reserva Sul Condomínio|Reserva Sul Condomínio|2|1|1|46|R$ 220.000,00
216830|Apartamento de 42m² com 02 quartos à venda - Residencial Parque dos Servidores|Residencial Parque dos Servidores|2|1|1|42|R$ 220.000,00
192215|APARTAMENTO PRÓXIMO JARDIM MANOEL PENNA||2|1|1|41|R$ 220.000,00
96002|Apartamento - Padrão|Padrão|2|1|2|62|R$ 230.000,00
81995|Apartamento flat de 01 quarto para locação e venda - Jardim Califórnia|Jardim Califórnia|1|1|1|38|R$ 230.000,00
72695|Apartamento de 68m² com 01 dormitório à venda - Jardim Sumaré|Jardim Sumaré|1|1|1|68|R$ 238.900,00
243626|Apartamento reformado de 57m² com 02 quartos para venda - Alto da Boa Vista|Alto da Boa Vista|2|1|1|57|R$ 240.000,00
242882|Apartamento de 45m² com 01 quarto para venda - Jardim Nova Aliança|Jardim Nova Aliança|1|1|1|45|R$ 240.000,00
240833|Apartamento de 44m² com 02 quartos à venda - Recreio das Acácias|Recreio das Acácias|2|1|1|44|R$ 240.000,00
240323|Apartamento de 45m² com 02 quartos para venda - Ribeirânia|Ribeirânia|2|1|1|45|R$ 240.000,00
238634|APARTAMENTO NO RESIDENCIAL TAMARINDOS||2|2|1|72|R$ 240.000,00
236087|Apartamento de 83m² com 02 quartos para locação - Vila Tibério|Vila Tibério|2|2|1|83|R$ 240.000,00
233957|Apartamento de 41m² com 1 quarto - Jd Nova Aliança Sul|Jd Nova Aliança Sul|1|1|1|41|R$ 240.000,00
233756|Apartamento/Padrão - Residencial - No bairro Residencial e Comercial Palmares - Edifício Rio Tâmisa|Residencial No bairro Residencial e Comercial Palmares Edifício Rio Tâmisa|2|1|1|54|R$ 240.000,00
233714|Apartamento de 42m² com 02 quartos para venda e locação - Vila Virgínia|Vila Virgínia|2|1|1|42|R$ 240.000,00
233114|Apartamento de 46m² com 02 quartos para venda - Ribeirânia|Ribeirânia|2|1|1|46|R$ 240.000,00
229340|Apartamento de 47m² com 02 quartos à venda - Alto do Ipiranga|Alto do Ipiranga|2|1|1|47|R$ 240.000,00
228800|Apartamento de 42m² com 02 Quartos a venda Quintino Face II||2|1|1|42|R$ 240.000,00
227522|Apartamento de 46m² com 01 quarto à venda - Centro|Centro|1|1|1|46|R$ 240.000,00
222335|Apartamento de 47m² com 02 quartos à venda - Condomínio Mirante Sul|Condomínio Mirante Sul|2|1|1|47|R$ 240.000,00
221924|Apartamento de 44m² com 02 quartos para venda - Recreio das Acácias|Recreio das Acácias|2|1|1|44|R$ 240.000,00
220193|Apartamento mobiliado de 47m² com 02 quartos para locação e venda - City Ribeirão|City Ribeirão|2|1|1|47|R$ 240.000,00
219626|Apartamento de 49m² com 02 quartos para locação - Jardim Paulistano|Jardim Paulistano|2|1|1|49|R$ 240.000,00
208544|Apartamento - Padrão|Padrão|1|1|1|49|R$ 240.000,00
205763|Apartamento de 51m² com 02 quartos à venda - Residencial das Américas|Residencial das Américas|2|1|1|51|R$ 240.000,00
205424|Apartamento de 66m² com 03 quartos à venda - Parque Industrial Lagoinha|Parque Industrial Lagoinha|3|2|1|66|R$ 240.000,00
205373|Apartamento de 43m² com 02 quartos para locação - Santa Marta em Bonfim Paulista|Santa Marta em Bonfim Paulista|2|1|1|43|R$ 240.000,00
204857|Apartamento de 43m² com 02 quartos à venda - Parque dos Pinus|Parque dos Pinus|2|1|1|43|R$ 240.000,00
203534|Apartamento de 48m² com 02 quartos para locação - Bonfim Paulista|Bonfim Paulista|2|1|1|48|R$ 240.000,00
203012|APARTAMENTO NO BAIRRO JARDIM ANHANGUERA||1|1|1|69|R$ 240.000,00
201128|Apartamento de 62m² com 02 quartos sendo 01 suíte à venda - Residencial e Comercial Palmares|Residencial e Comercial Palmares|2|2|1|62|R$ 240.000,00
201068|Apartamento de 59m² com 02 quartos para locação - Centro|Centro|2|2|1|59|R$ 240.000,00
199658|Apartamento de 48m² com 02 quartos para venda - Vila Virgínia|Vila Virgínia|2|1|1|48|R$ 240.000,00
195287|Apartamento de 49m² com 02 quartos para venda e locação - Reserva Sul|Reserva Sul|2|1|1|49|R$ 240.000,00
195155|ÓTIMO APARTAMENTO TÉRREO NO RESIDENCIAL GREENVILLE!||2|2|1|47|R$ 240.000,00
194861|Apartamento de 51m² com 02 quartos à venda - Campos Eliseos|Campos Eliseos|2|1|1|51|R$ 240.000,00
194084|Apartamento 3 dormitórios no Interlagos.!||3|2|2|67|R$ 240.000,00
193097|APARTAMENTO NO RESERVA MACAÙBA||2|1|1|43|R$ 240.000,00
190664|APARTAMENTO PADRÃO NO JARDIM ANHAGUERA||2|1|1|50|R$ 240.000,00
185795|Apartamento de 48m² com 02 quartos à venda - Condomínio Mirante Sul|Condomínio Mirante Sul|2|1|1|48|R$ 240.000,00
185624|Apartamento de 42m² com 02 quartos para venda - Jardim Florestan Fernandes|Jardim Florestan Fernandes|2|1|1|42|R$ 240.000,00
185066|EXCELENTE APARTAMENTO PRÓXIMO À RUA JOÃO BIM||2|1|1|65|R$ 240.000,00
183368|Apartamento de 63m² com 01 quarto térreo no mirante Sul||1|2|1|63|R$ 240.000,00
173918|Apartamento de 40m² com 01 quarto - Centro|Centro|1|1|1|40|R$ 240.000,00
173735|Apartamento de 53m² com 2 quartos à venda - Condomínio Mirante Sul|Condomínio Mirante Sul|2|2|1|53|R$ 240.000,00
170462|APARTAMENTO NO RESIDENCIAL DAS AMÉRICAS||2|1|1|46|R$ 240.000,00
165308|APARTAMENTO NO MONTE ALEGRE||3|1|1|71|R$ 240.000,00
159437|APARTAMENTO TÉRREO PRÓXIMO AO RIBEIRÃO SHOPPING||1|1|1|43|R$ 240.000,00
157889|Apartamento de 51m² com 02 quartos para venda - Presidente Médici|Presidente Médici|2|1|1|51|R$ 240.000,00
156659|APARTAMENTO PRÓXIMO À AVENIDA LEÃO XIII||3|1|1|72|R$ 240.000,00
152684|Apartamento de 03 quartos para locação e venda - Campos Elíseos|Campos Elíseos|3|1|1|58|R$ 240.000,00
151568|Apartamento de 58m² com 03 quartos à venda - Campos Elíseos|Campos Elíseos|3|1|1|58|R$ 240.000,00
150398|Apartamento de 02 quartos para locação - Jardim Paulista|Jardim Paulista|2|1|1|62|R$ 240.000,00
149309|EXCELENTE APARTAMENTO NO GREENVILLE||2|2|1|53|R$ 240.000,00
142748|Apartamento de 55m² com 01 quarto á venda - Centro|Centro|1|1|1|55|R$ 240.000,00
129998|Apartamento - Padrão|Padrão|2|1|1|48|R$ 240.000,00
127322|APARTAMENTO NO JARDIM PRESIDENTE DUTRA||2|1|1|52|R$ 240.000,00
125864|APARRTAMENTO TÉRREO PRÓXIMO À AVENIDA BRAZ OLAIA ACOSTA||1|1|1|45|R$ 240.000,00
125588|Apartamento mobiliado de 40m² com 01 quarto para locação - Vila Tibério|Vila Tibério|1|1|1|40|R$ 240.000,00
122456|Apartamento de 51m² com 02 quartos para venda -||1|1|1|51|R$ 240.000,00
113345|Apartamento de 46² com 02 quartos para venda - Reserva Sul Condomínio|Reserva Sul Condomínio|2|1|1|46|R$ 240.000,00
111923|Apartamento de 52m² com 02 quartos à venda - Jardim Zara|Jardim Zara|2|1|1|52|R$ 240.000,00
107681|Apartamento de 45m² com 01 quarto à venda - Jardim Botânico|Jardim Botânico|1|1|2|45|R$ 240.000,00
103124|Apartamento de 02 quartos à venda - City Ribeirão.|City Ribeirão|2|1|1|46|R$ 240.000,00
98582|Apartamento de 42m² com 02 quartos à venda - Vila Virgínia|Vila Virgínia|2|1|1|42|R$ 240.000,00
92681|APARTAMENTO PRÓXIMO À AVENIDA INDEPENDÊNCIA||2|1|1|71|R$ 240.000,00
82583|Apartamento de 03 quartos para locação - Jd Sumaré|Jd Sumaré|3|2|1|95|R$ 240.000,00
77309|Apartamento de 48m² com 02 quartos para locação e venda - Vila Maria Luiza|Vila Maria Luiza|2|1|2|48|R$ 240.000,00
50633|Apartamento de 01 quarto para locação - Vila Ana Maria|Vila Ana Maria|1|1|1|39|R$ 240.000,00
40376|ÓTIMO APARTAMENTO NO BAIRRO VILA TIBÉRIO||3|3|2|89|R$ 240.000,00
34739|Apartamento de 02 quartos para locação - Vila Virginia|Vila Virginia|2|2|2|90|R$ 240.000,00
180737|APARTAMENTO A VENDA NO RESIDENCIAL JEQUITIBÁ||2|1|1|41|R$ 241.000,00
157511|LINDO APARTAMENTO PRÓXIMO A AV. DOM PEDRO||2|2|1|62|R$ 241.491,20
166913|Apartamento de 45m² com 02 quartos à venda - Jardim Orestes Lopes de Camargo|Jardim Orestes Lopes de Camargo|2|1|1|45|R$ 242.194,50
245381|Apartamento de 58m² com 03 quartos à venda - Campos Elíseos|Campos Elíseos|3|1|1|58|R$ 243.000,00
240791|Apartamento de 49m² com 02 quartos à venda - Campos Elíseos|Campos Elíseos|2|1|1|49|R$ 243.000,00
105641|Apartamento de 47m² com 02 quartos à venda - City Ribeirão|City Ribeirão|2|1|1|47|R$ 243.000,00
241436|Apartamento de 65m² com 02 quartos à venda - Vila Tibério|Vila Tibério|2|1|1|65|R$ 243.800,00
208877|Apartamento de 76 m² com 03 quartos - Presidente Medici|Presidente Medici|3|2|1|76|R$ 243.800,00
219461|Apartamento de 66m² com 03 quartos sendo 01 suíte à venda - Parque Industrial Lagoinha|Parque Industrial Lagoinha|3|2|1|66|R$ 229.000,00
86117|APARTAMENTO NO RESIDENCIAL GREENVILLE||2|2|1|60|R$ 234.000,00
154001|Apartamento de 69m² com 03 quartos à venda - Jardim Paulista|Jardim Paulista|3|2|1|69|R$ 240.000,00
195980|EXCELENTE APARTAMENTO NO VILA ANA MARIA||1|1|1|40|R$ 244.000,00
192194|Apartamento de 67m² com 02 quartos para venda - Vila Amélia|Vila Amélia|2|1|1|67|R$ 244.000,00
168998|APARTAMENTO NO JARDIM ZARA||2|2|2|54|R$ 244.000,00
167024|APARTAMENTO NO NOVA ALIANÇA||1|2|1|43|R$ 244.000,00
149555|APARTAMENTO PRÓXIMO À AVENIDA JOSÉ ANTÔNIO FERRAREZI||2|1|1|41|R$ 244.000,00
147170|APARTAMENTO PRÓXIMO À AVENIDA LUIGI ROSIELLO||2|1|1|46|R$ 244.000,00
131432|Apartamento de 48m² com 02 quartos á venda - Alto do Ipiranga|Alto do Ipiranga|2|2|1|48|R$ 244.000,00
109514|APARTAMENTO PRÓXIMO AO NOVO SHOPPING||2|2|1|71|R$ 244.000,00
96605|Apartamento de 59m² com 03 quartos para locação e venda - Campos Elíseos|Campos Elíseos|3|2|1|59|R$ 244.000,00
121631|Apartamento 46m² com 02 quartos - Residencial Greenville|Residencial Greenville|2|1|1|46|R$ 180.000,00
240815|Apartamento de 44m² com 02 quartos para venda - Recreio das Acácias|Recreio das Acácias|2|1|1|44|R$ 219.999,00
133535|Apartamento de 48m² com 02 quartos para locação - Residencial Jequitibá|Residencial Jequitibá|2|1|1|48|R$ 233.000,00
93146|EXCELENTE LOCALIZAÇÃO NA VILA TIBÉRIO||2|2|1|62|R$ 235.000,00
168512|APARTAMENTO 3 DORMITÓRIOS, BAIRRO LAGOINHA||3|2|1|66|R$ 243.000,00
242720|Apartamento de 54m² com 02 quartos à venda - Dom Bernardo José Mielle|Dom Bernardo José Mielle|2|1|1|54|R$ 245.000,00
241247|Apartamento de 76m² com 02 quartos à venda - Centro|Centro|2|2|1|76|R$ 245.000,00
238772|Apartamento de 47m² com 02 quartos à venda - Alto do Ipiranga|Alto do Ipiranga|2|1|1|47|R$ 245.000,00
238424|Apartamento de 60m² com 02 quartos à venda - Jardim Paulistano|Jardim Paulistano|2|2|1|60|R$ 245.000,00
225605|Apartamento de 52m² com 02 quartos à venda - Jardim Zara|Jardim Zara|2|2|1|52|R$ 245.000,00
223778|Apartamento de 66m² com 03 quartos sendo 01 suíte à venda - Parque Industrial Lagoinha|Parque Industrial Lagoinha|3|2|1|66|R$ 245.000,00
198563|APARTAMENTO PRÓXIMO À RODOVIA ANHANGUERA||2|1|1|53|R$ 245.000,00
192695|APARTAMENTO NO BAIRRO JARDIM MANOEL PENNA||2|2|1|57|R$ 245.000,00
182222|APARTAMENTO DIFERENCIADO NO SUMAREZINHO||2|1|1|44|R$ 245.000,00
170756|APARTAMENTO EM BONFIM PAULISTA||2|1|1|48|R$ 245.000,00
159710|*** Ótima Oportunidade Apartamento no Parque São Sebastião***||2|1|1|46|R$ 245.000,00
157496|APARTAMENTO PRÓXIMO À AVENIDA PIO XII||2|1|1|48|R$ 245.000,00
122384|APARTAMENTO NO MANOEL PENNA||2|1|2|44|R$ 245.000,00
110282|Apartamento de 30m² com 01 quarto à venda - Nova Aliança|Nova Aliança|1|1|1|30|R$ 245.000,00
109934|Apartamento de 33m² com 01 quarto para locação e venda - Nova Aliança|Nova Aliança|1|1|1|33|R$ 245.000,00
98507|APARTAMENTO NO JARDIM BOTÂNICO||1|1|1|43|R$ 245.000,00
97844|Apartamento de 42m² com 01 quarto para locação - Jardim Nova Aliança Sul|Jardim Nova Aliança Sul|1|1|1|42|R$ 245.000,00
87719|Apartamento - Padrão|Padrão|1|1|1|42|R$ 245.000,00
86570|APARTAMENTO PRÓXIMO AO RIBEIRÃO SHOPPING||1|1|1|40|R$ 245.000,00
68546|Apartamento de 42m² com 01 quarto para a locação e venda - Vila Ana Maria|Vila Ana Maria|1|1|1|42|R$ 245.000,00
65471|Apartamento de 72m² com 03 quartos à venda - Presidente Médici|Presidente Médici|3|1|1|72|R$ 245.000,00
64127|Apartamento de 37 m² com 01 quarto - Presidente Medici|Presidente Medici|1|1|1|37|R$ 245.000,00
63386|Apartamento de 47m² com 01 quarto para locação e venda - Nova Aliança|Nova Aliança|1|1|1|47|R$ 245.000,00
33035|EXCELENTE APARTAMENTO PRÓXIMO À AVENIDA LEÃO XIII||3|2|1|84|R$ 245.000,00
148040|APARTAMENTO PRÓXIMO À AVENIDA PROFESSORA EDUL RANGEL RABELLO||2|1|1|44|R$ 246.000,00
142280|APARTAMENTO PRÓXIMO À AVENIDA ALFREDO RAVANELI||2|1|1|56|R$ 247.000,00
138077|Apartamento de 47m² com 02 quartos à venda - Jardim Paulistano|Jardim Paulistano|2|1|1|47|R$ 190.000,00
122168|APARTAMENTO PRÓXIMO À RUA GENERAL CÂMARA||2|2|1|75|R$ 235.000,00
223862|Apartamento de 64m² com 02 quartos sendo 01 suíte à venda - Jardim Itaporã|Jardim Itaporã|2|2|1|64|R$ 248.000,00
170300|APARTAMENTO NO JARDIM ANHANGUERA||2|1|1|52|R$ 248.000,00
158831|LANÇAMENTO APARTAMENTO NA ZONA LESTE||2|1|1|50|R$ 248.000,00
192956|****APARTAMENTO NA VILA VIRGINIA****||2|1|1|47|R$ 248.450,00
183755|Apartamento de 50m² com 02 quartos à venda - Jardim Bom Pastor|Jardim Bom Pastor|2|1|1|50|R$ 240.000,00
183752|Apartamento de 50m² com 02 quartos à venda - Jardim Bom Pastor|Jardim Bom Pastor|2|1|1|50|R$ 240.000,00
183749|Apartamento de 50m² com 02 quartos à venda - Jardim Bom Pastor|Jardim Bom Pastor|2|1|1|50|R$ 240.000,00
183746|Apartamento de 50m² com 02 quartos à venda - Jardim Bom Pastor|Jardim Bom Pastor|2|1|1|50|R$ 240.000,00
162335|APARTAMENTO NA LAGOINHA||3|2|1|75|R$ 240.000,00
162884|Apartamento - Padrão|Padrão|2|2|1|53|R$ 249.000,00
168128|APARTAMENTO NO PARQUE INDUSTRIAL LAGOINHA||2|1|1|42|R$ 249.100,00
92015|APARTAMENTO PRÓXIMO À AVENIDA BARÃO DO BANANAL||2|2|1|62|R$ 249.900,00
234179|Apartamento de 376m² com 04 suítes à venda - Jardim Olhos D`Água|Jardim Olhos DÁgua|4|7|5|376|R$ 3.150.000,00
221075|Apartamento de 43m² com 02 quartos à venda - Jardim Diva Tarlá de Carvalho|Jardim Diva Tarlá de Carvalho|2|1|1|43|R$ 156.000,00
179111|Apartamento de 02 quartos para locação - Reserva Sul|Reserva Sul|2|1|1|46|R$ 200.000,00
200381|Excelente apartamento Térreo com quintal.||2|1|1|41|R$ 212.000,00
73034|Apartamento duplex de 61m² com 03 quartos para venda e locação - Parque dos Lagos|Parque dos Lagos|3|2|1|61|R$ 215.000,00
205292|Apartamento com 54m² com 02 quartos à venda - Jardim Zara|Jardim Zara|2|1|1|54|R$ 220.000,00
154175|Apartamento de 46m² com 02 quartos para venda - Lagoinha|Lagoinha|2|1|1|46|R$ 220.000,00
131438|Apartamento de 49m² com 02 quartos para venda - Parque Industrial Lagoinha.|Parque Industrial Lagoinha|2|1|1|49|R$ 220.000,00
80786|APARTAMENTO TÉRREO PRÓXIMO A AVENIDA SENADOR CÉSAR VERGUEIRO||1|1|1|55|R$ 220.000,00
117890|Apartamento de 76 m² com 03 quartos - Presidente Médici|Presidente Médici|3|2|1|76|R$ 225.000,00
238325|Apartamento de 46m² com 02 quartos para venda - Jardim Paulistano|Jardim Paulistano|2|1|1|46|R$ 230.000,00
221675|Apartamento de 56m² com 02 quartos sendo 01 suíte à venda - Chácara Pedro Correa de Carvalho|Chácara Pedro Correa de Carvalho|2|1|1|56|R$ 230.000,00
161459|LINDO APARTAMENTO NO PARQUE ANHANGUERA||2|2|1|64|R$ 230.000,00
141449|APARTAMENTO PADRÃO 1 DORMITÓRIO - CENTRO - RIBEIRÃO PRETO-SP|CENTRO RIBEIRÃO PRETOSP|1|1|1|43|R$ 230.000,00
70046|Apartamento de 44m² com 01 quarto à venda - Jardim Sumaré|Jardim Sumaré|1|1|1|44|R$ 230.000,00
214226|Apartamento térreo de 43m² com 02 quartos à venda - Sumarezinho|Sumarezinho|2|1|1|43|R$ 235.000,00
118250|Apartamento de 69m² com 03 quartos à venda - Jardim Paulista|Jardim Paulista|3|2|1|69|R$ 235.000,00
103010|Apartamento de 38m² com 01 quarto para venda - Presidente Médici|Presidente Médici|1|1|1|38|R$ 235.000,00
52817|Apartamento de 01 quarto para locação - Vila Seixas|Vila Seixas|1|1|1|49|R$ 235.000,00
208682|Apartamento Mobiliado de 52m² com 02 quartos à venda - Jardim do Trêvo|Jardim do Trêvo|2|1|1|52|R$ 240.000,00
204302|Apartamento duplex com 02 quartos à venda - Jardim Zara|Jardim Zara|2|2|1|150|R$ 240.000,00
126491|Apartamento de 54m² com 02 quartos para venda- Parque São Sebastião.|Parque São Sebastião|2|1|1|54|R$ 245.000,00
245273|Apartamento de 73m² com 03 quartos para venda - Residencial Lívia|Residencial Lívia|3|2|1|73|R$ 250.000,00
243608|Apartamento de 41m² com 1 quarto - Jd Nova Aliança Sul|Jd Nova Aliança Sul|1|1|1|41|R$ 250.000,00
243431|Apartamento de 44m² com 01 suíte à venda - Nova Aliança|Nova Aliança|1|1|1|44|R$ 250.000,00
243005|Apartamento de 44m² com 02 quartos à venda - Recreio das Acácias|Recreio das Acácias|2|1|1|44|R$ 250.000,00
240761|Apartamento térreo de 94m² com 03 quartos para locação - Vila Monte Alegre|Vila Monte Alegre|3|2|1|94|R$ 250.000,00
238388|Apartamento térreo de 47m² com 02 quartos à venda - Jardim Regatas|Jardim Regatas|2|1|1|47|R$ 250.000,00
236930|Apartamento de 69m² com 03 quartos para locação e venda - Jardim Paulista|Jardim Paulista|3|1|1|69|R$ 250.000,00
235481|Apartamento de 41m² com 01 quarto à venda - Vila Monte Alegre|Vila Monte Alegre|1|1|1|41|R$ 250.000,00
234497|Apartamento de 51m² com 2 quartos e quintal à venda - Residencial Greenville|Residencial Greenville|2|1|1|51|R$ 250.000,00
233894|Apartamento de 53m² com 02 quartos á venda - Quinta da Primavera|Quinta da Primavera|2|1|1|53|R$ 250.000,00
232688|Apartamento de 43m² com 02 quartos à venda - Parque dos Lagos|Parque dos Lagos|2|1|1|43|R$ 250.000,00
232478|Apartamento||2|1|1|47|R$ 250.000,00
230960|Apartamento de 52m² com 02 quartos à venda - Jardim Anhanguera|Jardim Anhanguera|2|1|1|52|R$ 250.000,00
230177|Apartamento de 72m² com 02 quartos para venda - Jardim Castelo Branco|Jardim Castelo Branco|2|2|1|72|R$ 250.000,00
230138|Apartamento de 65m² com 02 quartos à venda - Parque Anhanguera|Parque Anhanguera|2|1|1|65|R$ 250.000,00
229700|Apartamento de 46m² com 01 quarto 01 vaga de garagem à venda - Centro|Centro|1|1|1|46|R$ 250.000,00
228026|Apartamento de 44m² com 02 quartos à venda - Jardim Paulista|Jardim Paulista|2|1|1|44|R$ 250.000,00
225911|Apartamento de 42m² com 02 quartos para locação e venda - Residencial Parque dos Servidores|Residencial Parque dos Servidores|2|1|1|42|R$ 250.000,00
225254|Apartamento de 64m² com 02 quartos à venda - Presidente Médici|Presidente Médici|2|2|1|64|R$ 250.000,00
224555|Apartamento de 66m² com 03 quartos sendo 01 suíte para locação - Parque Industrial Lagoinha|Parque Industrial Lagoinha|3|2|1|66|R$ 250.000,00
223904|Apartamento de 86m² com 03 quartos à venda - Jardim Castelo Branco|Jardim Castelo Branco|3|2|1|86|R$ 250.000,00
222671|Apartamento térreo de 52m² com 02 quartos à venda - Residencial Greenville|Residencial Greenville|2|1|1|52|R$ 250.000,00
215924|Apartamento de 45m² com 01 quarto à venda - Jardim Irajá|Jardim Irajá|1|1|1|45|R$ 250.000,00
215348|Apartamento de 46m² com 02 quartos à venda - Jardim Manoel Penna|Jardim Manoel Penna|2|1|1|46|R$ 250.000,00
212771|Apartamento de 48m² 02 quartos para locação e venda - Ipiranga|Ipiranga|2|1|1|48|R$ 250.000,00
209828|Apartamento de 67m² com 02 quartos para venda - Residencial Florida|Residencial Florida|2|2|1|67|R$ 250.000,00
209594|Apartamento de 38m² com 01 quarto - Condomínio Itamaraty|Condomínio Itamaraty|1|1|1|38|R$ 250.000,00
207332|Apartamento - Padrão|Padrão|2|1|1|47|R$ 250.000,00
205883|Apartamento de 43m² com 02 quartos à venda - Recreio das Acácias|Recreio das Acácias|2|1|1|43|R$ 250.000,00
204602|Apartamento de 72m² com 02 quartos à venda - Jardim Palma Travassos|Jardim Palma Travassos|2|2|1|72|R$ 250.000,00
200960|EXCELENTE APARTAMENTO PARA VENDA NO BAIRRO JARDIM IRAJÁ||1|2|1|37|R$ 250.000,00
198044|EXCELENTE APARTAMENTO PARA VENDA NO BAIRRO LAGOINHA||3|2|1|66|R$ 250.000,00
197069|Apartamento de 43m² com 02 quartos - Santa Marta em Bonfim Paulista|Santa Marta em Bonfim Paulista|2|1|1|43|R$ 250.000,00
195773|Apartamento de 47m² com 02 quartos para locação- City Ribeirão|City Ribeirão|2|1|1|47|R$ 250.000,00
195686|LINDO APARTAMENTO NO IGUATEMI||1|1|1|45|R$ 250.000,00
194603|Apartamento - Padrão|Padrão|2|1|1|47|R$ 250.000,00
192791|EXCELENTE APARTAMENTO TÉRREO NO PRESIDENTE MEDICI||3|2|2|71|R$ 250.000,00
192788|APARTAMENTO PRÓXIMO JARDIM PAULISTA||2|2|1|57|R$ 250.000,00
192503|Apartamento de 81m² com 02 quartos à venda - Nova Ribeirânia|Nova Ribeirânia|2|2|1|81|R$ 250.000,00
192134|Apartamento Condomínio Mirante Sul Resort||2|1|1|98|R$ 250.000,00
189530|Apartamento de 44m² com 02 quartos à venda - Jardim Paulista|Jardim Paulista|1|1|1|44|R$ 250.000,00
188561|UMA ÓTIMA OPORTUNIDADE||2|2|1|69|R$ 250.000,00
188450|APARTAMENTO NOVO EM CONDOMINIO FECHADO||2|2|1|56|R$ 250.000,00
187577|Apartamento de 55m² com 01 quarto para venda - Centro|Centro|1|1|1|55|R$ 250.000,00
183818|APARTAMENTO PRÓXIMO À AVENIDA CORONEL QUITO JUNQUEIRA||3|2|1|73|R$ 250.000,00
183563|APARTAMENTO NA LAGOINHA||2|1|1|49|R$ 250.000,00
183497|Apartamento a Venda no Centro de Ribeirão Preto||2|2|1|65|R$ 250.000,00
180518|Apartamento - Padrão|Padrão|3|2|1|85|R$ 250.000,00
180020|APARTAMENTO NO PARQUE SÃO SEBASTIÃO||2|1|1|54|R$ 250.000,00
179804|Apartamento de 58m² com 02 quartos - Campos Eliseos|Campos Eliseos|2|1|1|58|R$ 250.000,00
178931|Apartamento de 72m² com 02 quartos à venda - Presidente Médici|Presidente Médici|2|2|1|72|R$ 250.000,00
177557|Apartamento de 45m² com 02 quartos para venda - Vila Virgínia|Vila Virgínia|2|1|1|45|R$ 250.000,00
177491|Apartamento de 50m² com 02 quartos á venda - Alto do Ipiranga|Alto do Ipiranga|2|1|1|50|R$ 250.000,00
177320|APARTAMENTO NO PARQUE INDUSTRIAL LAGOINHA||2|1|1|42|R$ 250.000,00
177026|EXCELENTE APARTAMENTO RESIDENCIAL FLOR DE LOTUS||2|1|1|46|R$ 250.000,00
174404|APARTAMENTO NO CENTRO||1|1|1|63|R$ 250.000,00
171128|Apartamento com 01 dormitórios à venda - Centro|Centro|1|1|1|46|R$ 250.000,00
171116|APARTAMENTO EM BONFIM PAULISTA||2|1|1|48|R$ 250.000,00
170315|APARTAMENTO EM BONFIM PAULISTA||2|1|1|42|R$ 250.000,00
168866|APARTAMENTO DIFERENCIADO NO IPIRANGA||2|1|1|49|R$ 250.000,00
166331|Apartamento de 47m² com 01 quarto - Vila Seixas|Vila Seixas|1|1|1|47|R$ 250.000,00
162116|Apartamento de 42m² com 01 quarto à venda - Nova Aliança.|Nova Aliança|1|1|1|42|R$ 250.000,00
159407|APARTAMENTO PRÓXIMO À AVENIDA NOVE DE JULHO||2|1|1|78|R$ 250.000,00
159368|Apartamento de 76m² com 02 quartos sendo 01 suíte á venda - Alto do Ipiranga|Alto do Ipiranga|2|2|1|76|R$ 250.000,00
158420|**APARTAMENTO PRÓXIMO BANANAL||2|1|1|53|R$ 250.000,00
158237|Apartamento de 49m² com 02 quartos à venda - Campos Elíseos|Campos Elíseos|2|1|1|49|R$ 250.000,00
156317|Apartamento mobiliado de 37m² com 01 quarto para locação e venda - Nova Aliança|Nova Aliança|1|1|1|37|R$ 250.000,00
155780|Apartamento de 40m² com 01 quarto para venda - Jardim Palma Travassos|Jardim Palma Travassos|1|1|1|40|R$ 250.000,00
155600|APARTAMENTO PRÓXIMO À RUA JAVARI||2|1|1|0|R$ 250.000,00
155357|Apartamento de 79m² com 03 quartos para venda - Jardim Mosteiro|Jardim Mosteiro|3|2|1|79|R$ 250.000,00
154889|Apartamento de 39m² com 01 quarto para venda - Vila Ana Maria|Vila Ana Maria|1|1|1|39|R$ 250.000,00
153830|APARTAMENTO TERREO PRÓXIMO À AVENIDA TREZE DE MAIO||2|2|1|77|R$ 250.000,00
152216|APARTAMENTO TÉRREO PRÓXIMO À AVENIDA BARÃO DO BANANAL||2|2|2|64|R$ 250.000,00
149774|APARTAMENTO PRÓXIMO À AVENIDA NOVE DE JULHO||1|1|1|0|R$ 250.000,00
148382|*** Excelente Oportunidade***||2|1|1|47|R$ 250.000,00
148283|Apartamento de 42m² com 02 quartos - Parque Industrial Lagoinha|Parque Industrial Lagoinha|2|1|1|42|R$ 250.000,00
147248|Apartamento de 42m² com 02 quartos para locação e venda - Vila Ana Maria|Vila Ana Maria|1|1|1|42|R$ 250.000,00
145601|Apartamento de 64m² com 02 quartos sendo 01 suíte à venda - Jardim Anhangüera|Jardim Anhangüera|2|2|2|64|R$ 250.000,00
144668|Apartamento de 45m²com 01 quarto para locação - Nova Aliança|Nova Aliança|1|1|1|45|R$ 250.000,00
144350|**LINDO APARTAMENTO PRÓXIMO A NESTLE**||2|3|2|69|R$ 250.000,00
142838|Apartamento de 43m² com 01 quarto à venda - Vila Ana Maria|Vila Ana Maria|1|1|1|43|R$ 250.000,00
141116|Apartamento de 69m² com 03 quartos sendo 01 suíte à venda - Centro|Centro|3|3|1|69|R$ 250.000,00
140978|Apartamento de 74m² com 3 quartos à venda - Residencial Palmares|Residencial Palmares|3|2|1|74|R$ 250.000,00
140315|APARTAMENTO NO JARDIM PAULISTA||2|1|1|62|R$ 250.000,00
139313|APARTAMENTO NO JARDIM ANHANGUERA||3|2|1|70|R$ 250.000,00
136565|APARTAMENTO NO CENTRO||1|1|1|89|R$ 250.000,00
136469|Apartamento de 64m² com 03 quartos à venda - Jardim Palma Travassos|Jardim Palma Travassos|3|2|1|64|R$ 250.000,00
135812|APARTAMENTO NOS CAMPOS ELÍSEOS||2|1|1|58|R$ 250.000,00
135218|Apartamento de 53m² com 01 quarto à venda - Centro|Centro|1|1|1|53|R$ 250.000,00
135050|APARTAMENTO NO SUMAREZINHO||2|1|1|68|R$ 250.000,00
135041|** OPORTUNIDADE DE APARTAMENTO NO PALMARES **||3|2|1|86|R$ 250.000,00
134273|Apartamento de 57m² com 02 quartos - Jardim Paulista|Jardim Paulista|2|1|1|57|R$ 250.000,00
131336|APARTAMENTO PRÓXIMO À USP||3|2|1|84|R$ 250.000,00
130364|Apartamento de 95m²...Oportunidade!||3|2|1|95|R$ 250.000,00
128984|Apartamento de 67m² com 02 quartos - Vila Amélia|Vila Amélia|2|2|1|67|R$ 250.000,00
128498|Apartamento loft de 34m² com 01 quarto à venda - Santa Cruz do José Jacques|Santa Cruz do José Jacques|1|1|1|34|R$ 250.000,00
127703|Apartamento de 2 quartos para locação e venda - Vila Virgínia|Vila Virgínia|2|1|1|48|R$ 250.000,00
127034|Apartamento de 45m² com 01 quarto - Nova Aliança|Nova Aliança|1|1|1|45|R$ 250.000,00
126866|Apartamento de 41m² com 01 quarto para à venda - Jardim Irajá|Jardim Irajá|1|1|1|41|R$ 250.000,00
123233|Apartamento de 66m² com 02 quartos à venda - Alto do Ipiranga|Alto do Ipiranga|2|2|1|66|R$ 250.000,00
122684|APARTAMENTO NO PARQUE INDUSTRIAL LAGOINHA||2|1|1|42|R$ 250.000,00
120065|Apartamento de 45m² com 02 quartos á venda - Nova Aliança|Nova Aliança|2|1|1|45|R$ 250.000,00
120005|Apartamento de 38m² com 01 quarto para locação - Nova Aliança|Nova Aliança|1|1|1|38|R$ 250.000,00
119132|Apartamento - Padrão|Padrão|1|1|1|49|R$ 250.000,00
118712|APARTAMENTO NO CENTRO||1|1|1|0|R$ 250.000,00
115853|APARTAMENTO PRÓXIMO À AVENIDA BRAZ OLAIA ACOSTA||1|1|1|18|R$ 250.000,00
114980|Apartamento de 53m² com 02 quartos - Reserva Sul|Reserva Sul|2|2|1|53|R$ 250.000,00
105140|Apartamento de 69m² com 01 quarto - Centro|Centro|1|1|1|69|R$ 250.000,00
104537|Apartamento de 110m² com armarios a venda - Jardim Macedo|Jardim Macedo|2|1|1|110|R$ 250.000,00
104330|APARTAMENTO NA CITY RIBEIRÃO||1|2|1|60|R$ 250.000,00
104327|Apartamento - Padrão|Padrão|1|1|1|60|R$ 250.000,00
102533|Apartamento 2 dormitórios próximo a avenida Independência - 65m²|"65m²"|2|1|1|65|R$ 250.000,00
102314|Excelente apartamento no Nova Aliança Sul.||1|1|1|43|R$ 250.000,00
101318|Apartamento de 63m² com 01 quarto à venda - Centro|Centro|1|1|1|63|R$ 250.000,00
100976|Apartamento semi mobiliado para venda - Nova Aliança|Nova Aliança|2|1|1|46|R$ 250.000,00
98540|Apartamento de 43m² com 01 quarto para venda - Jardim Irajá|Jardim Irajá|1|1|1|43|R$ 250.000,00
98504|EXCELNTE APARTAMENTO PRÓXIMO À FACULDADE BARÃO DE MAUÁ||3|2|1|69|R$ 250.000,00
98198|Apartamento de 01 quarto á venda - Vila Seixas|Vila Seixas|1|1|1|39|R$ 250.000,00
97973|Apartamento de 57,7m² com 2 quartos à venda - Alto da Boa Vista|Alto da Boa Vista|2|1|1|7|R$ 250.000,00
97661|Apartamento de 45m² com 01 quarto à venda - Jardim Irajá|Jardim Irajá|1|1|1|45|R$ 250.000,00
96890|APARTAMENTO NO JARDIM BOTÂNICO||1|1|1|61|R$ 250.000,00
94160|Apartamento de 90m² com 03 quartos sendo 01 suíte para locação - Jardim Anhanguera|Jardim Anhanguera|3|3|2|90|R$ 250.000,00
92561|APARTAMENTO PRÓXIMO À AVENIDA CARAMURU||2|1|1|106|R$ 250.000,00
91913|APARTAMENTO NO RIBEIRÃO VERDE||2|1|1|0|R$ 250.000,00
90038|APARTAMENTO NO ANA MARIA||1|1|1|24|R$ 250.000,00
89375|Apartamento de 44m² com 01 suíte para locação - Jardim Sumaré|Jardim Sumaré|1|1|1|44|R$ 250.000,00
88739|Apartamento de 46m² com 02 quartos para locação e venda - Nova Aliança|Nova Aliança|2|1|1|46|R$ 250.000,00
76454|APARTAMENTO NO JARDIM PAULISTA||1|1|1|48|R$ 250.000,00
75926|APARTAMENTO PRÓXIMO À AVENIDA CARAMURU||1|1|1|44|R$ 250.000,00
68459|Apartamento de 69m² com 02 quartos para venda - Jardim Independência|Jardim Independência|2|2|1|69|R$ 250.000,00
62306|Apartamento de 67m² com 02 quartos à venda - Jardim Anhanguera|Jardim Anhanguera|2|2|1|67|R$ 250.000,00
53777|Apartamento de 44m² com 01 suíte para locação e venda - Jardim Sumaré|Jardim Sumaré|1|1|1|44|R$ 250.000,00
38507|Apartamento de 96m² com 03 quartos à venda - Jardim Paulista|Jardim Paulista|3|2|1|96|R$ 250.000,00
29600|Apartamento de 42m² com 01 quarto para venda e locação - Vila Ana Maria|Vila Ana Maria|1|1|1|42|R$ 250.000,00
12977|APARTAMENTO NA LAGOINHA||3|2|1|66|R$ 250.000,00
209495|Apartamento de 45m² com 01 quarto para locação - Nova Aliança|Nova Aliança|1|1|1|45|R$ 251.000,00
129431|Apartamento de 51m² com 02 quartos sendo 01 suíte à venda - Presidente Médici|Presidente Médici|2|2|1|51|R$ 251.000,00
133862|Apartamento - Padrão|Padrão|2|2|1|52|R$ 245.000,00
204338|Apartamento reformado de 46m² com 02 quartos à venda - City Ribeirão|City Ribeirão|2|1|1|46|R$ 254.000,00
146828|Apartamento de 44m² com 02 quartos à venda - Residencial Greenville|Residencial Greenville|2|1|1|44|R$ 254.000,00
222635|Apartamento de 43m² com 02 quartos à venda - Loteamento Santa Marta|Loteamento Santa Marta|2|1|1|43|R$ 240.000,00
159365|Apartamento de 54m² com 02 quartos para venda - Residencial e Comercial Palmares|Residencial e Comercial Palmares|2|1|1|54|R$ 254.400,00
144929|Apartamento de 42m² com 02 quartps à venda - Ipiranga|Ipiranga|2|1|1|42|R$ 254.400,00
68525|Apartamento de 44m² com 01 suíte para locação e venda - Jardim Sumaré|Jardim Sumaré|1|1|1|44|R$ 254.400,00
160754|APARTAMENTO PRÓXIMO À RODOVIA ALEXANDRE BALBO||2|1|1|0|R$ 180.000,00
102410|Apartamento de 02 quartos á venda - Vila Maria Luiza|Vila Maria Luiza|2|1|1|50|R$ 220.000,00
220157|Apartamento térreo de 34m² com 01 quarto à venda - Bonfim Paulista|Bonfim Paulista|1|1|1|34|R$ 240.000,00
157508|Apartamento de 67m² com 03 quartos à venda - Jardim Palma Travassos|Jardim Palma Travassos|3|2|1|67|R$ 240.000,00
147173|APARTAMENTO PRÓXIMO Á AVENIDA CARAMURU||2|1|1|62|R$ 240.000,00
115628|EXCELENTE APARTAMENTO NO CAMPOS ELÍSEOS||2|2|1|82|R$ 245.000,00
115031|Apartamento - Padrão|Padrão|2|1|1|53|R$ 245.000,00
241103|Apartamento de 58m² com 02 quartos sendo 01 suíte à venda - Campos Elíseos|Campos Elíseos|2|2|1|58|R$ 255.000,00
226415|Apartamento de 80m² com 03 quartos à venda - Jardim Palma Travassos|Jardim Palma Travassos|3|2|1|80|R$ 255.000,00
223814|Apartamento de 44m² com 02 quartos à venda - Recreio das Acácias|Recreio das Acácias|2|1|1|44|R$ 255.000,00
223412|Apartamento de 52m² com 02 quartos à venda - Alto do Ipiranga|Alto do Ipiranga|2|1|1|52|R$ 255.000,00
209843|Apartamento de 53m² à venda - Residencial Greenville|Residencial Greenville|2|2|1|53|R$ 255.000,00
207758|Apartamento de 44m² com 02 quartos à venda - Reserva Imperial|Reserva Imperial|2|1|1|44|R$ 255.000,00
198731|Apartamento de 40m² com 02 quartos - Recreio das Acácias|Recreio das Acácias|2|1|1|40|R$ 255.000,00
192164|EXCELENTE APARTAMENTO À VENDA NA CITY RIBEIRÃO||2|1|1|47|R$ 255.000,00
184574|APARTAMENTO NO JARDIM ANHANGUERA||2|2|1|67|R$ 255.000,00
182873|APARTAMENTO PRÓXIMO À AVENIDA DOUTOR FRANCISCO JUNQUEIRA||2|2|1|76|R$ 255.000,00
178844|APARTAMENTO NO RESIDENCIAL PALMARES||2|2|2|71|R$ 255.000,00
178382|Apartamento de 48m² com 02 quartos para locação e venda - Condomínio Mirante Sul|Condomínio Mirante Sul|2|1|1|48|R$ 255.000,00
166676|APARTAMENTO NO CENTRO||2|2|1|41|R$ 255.000,00
162719|APARTAMENTO PRÓXIMO A AV. PORTUGAL||1|1|1|58|R$ 255.000,00
159473|EXCELENTE APARTAMENTO NA LAGOINHA||2|1|1|40|R$ 255.000,00
152408|Apartamento de 82m² com 03 quartos para locação e venda - Palmares|Palmares|3|2|2|82|R$ 255.000,00
149978|APARTAMENTO MOBILIADO PRÓXIMO À AVENIDA CASTELO BRANCO||1|1|1|37|R$ 255.000,00
142943|Apartamento de 43m² com 01 quarto para venda - Vila Ana Maria|Vila Ana Maria|1|1|1|43|R$ 255.000,00
141326|Apartamento de 48m² com 01 quarto à venda - Centro|Centro|1|1|1|48|R$ 255.000,00
132119|Apartamento de 47m² com 02 quartos à venda - Alto do Ipiranga|Alto do Ipiranga|2|1|1|47|R$ 255.000,00
128666|APARTAMENTO NO JARDIM NOVA ALIANÇA||1|1|1|38|R$ 255.000,00
118931|Apartamento de 53m² com 02 quartos para locação e venda - Condomínio Mirante Sul|Condomínio Mirante Sul|2|1|1|53|R$ 255.000,00
118592|Apartamento de 59m² com 02 quartos à venda - Residencial e Comercial Palmares|Residencial e Comercial Palmares|2|2|1|59|R$ 255.000,00
113681|APARTAMENTO PRÓXIMO À CATEDRAL||1|1|1|0|R$ 255.000,00
107666|Apartamento de 46m² com 01 quartos para locação - Vila Seixas|Vila Seixas|1|1|1|46|R$ 255.000,00
98255|Apartamento - Padrão|Padrão|2|1|1|117|R$ 255.000,00
79169|Apartamento de 48m² com 01 suíte para venda - Centro|Centro|1|1|1|48|R$ 255.000,00
76694|Apartamento de 48m² com 02 quartos à venda - Vila Maria Luiza|Vila Maria Luiza|2|1|1|48|R$ 255.000,00
18701|Apartamento de 3 quartos - Vila Tibério|Vila Tibério|3|2|1|100|R$ 255.000,00
15113|APARTAMENTO NO JARDIM PALMA TRAVASSOS||2|1|1|0|R$ 255.000,00
213965|Apartamento de 56m² com 02 quartos à venda - Ipiranga|Ipiranga|2|2|1|56|R$ 256.000,00
124244|Apartamento - Padrão|Padrão|2|2|1|70|R$ 258.000,00
116300|Apartamento de 46m² com 01 quarto para venda - Jardim Paulista|Jardim Paulista|1|1|1|46|R$ 258.000,00
239963|Apartamento de 61m² com 02 quartos à venda - Jardim Zara|Jardim Zara|2|2|1|61|R$ 258.900,00
243938|Exclusividade - Apartamento de 46m² com 02 quartos à venda - Clube Parque das Árvores|Apartamento de 46m² com 02 quartos à venda Clube Parque das Árvores|2|1|1|46|R$ 249.000,00
245240|Apartamento de 50m² com 02 quartos à venda - Jardim Novo Mundo|Jardim Novo Mundo|2|1|1|50|R$ 259.000,00
240515|Apartamento de 55m² com 01 quarto para venda - Centro|Centro|1|1|1|55|R$ 259.000,00
142253|Apartamento de 02 quartos para locação - Bonfim Paulista|Bonfim Paulista|2|1|1|48|R$ 259.900,00
205100|Apartamento de 322m² com 04 suítes e 04 vagas de garagem para locação e venda - Vila do Golf|Vila do Golf|4|7|4|322|R$ 2.880.000,00
151436|Apartamento de 69m² com 02 quartos à venda - Jardim Macedo|Jardim Macedo|2|1|1|69|R$ 210.000,00
83294|Apartamento de 69m² com 02 quartos - Jardim Paulista|Jardim Paulista|2|2|1|69|R$ 210.000,00
167804|Apartamento de 55m² com 01 quarto à venda - Centro|Centro|1|1|1|55|R$ 220.000,00
168461|Apartamento de 48m² com 02 quartos para venda - Guaporé|Guaporé|2|1|1|48|R$ 230.000,00
140615|Apartamento de 48m² com 02 quartos para venda - Jardim Paulistano|Jardim Paulistano|2|1|1|48|R$ 240.000,00
226736|Apartamento de 41m² com 02 quartos à venda - Residencial Greenville|Residencial Greenville|2|1|1|41|R$ 245.000,00
139736|Apartamento de 68m² com 03 quartos para locação - Lagoinha|Lagoinha|2|1|1|68|R$ 245.000,00
180386|Apartamento de 57m² com 02 quartos sendo 01 suíte para venda - Residencial Greenville|Residencial Greenville|2|2|1|57|R$ 250.000,00
159419|APARTAMENTO PRÓXIMO À CATEDRAL||2|2|1|78|R$ 250.000,00
79994|Apartamento de 78m² com 02 quartos para locação e venda - Centro|Centro|2|3|1|78|R$ 250.000,00
223406|Apartamento térreo de 40m² com 02 quartos para locação - Jardim Ouro Branco|Jardim Ouro Branco|2|1|1|40|R$ 255.000,00
138611|Apartamento de 62m² com 03 quartos à venda - Presidente Médici|Presidente Médici|3|2|1|62|R$ 259.000,00
243347|Apartamento de 83m² com 03 quartos sendo 01 suíte à venda - Presidente Médici|Presidente Médici|3|2|1|83|R$ 260.000,00
241427|Apartamento de 55m² com 02 quartos à venda - Vila Ana Maria|Vila Ana Maria|2|1|1|55|R$ 260.000,00
240839|Apartamento de 47m² com 02 quartos à venda - Ipiranga|Ipiranga|2|1|1|47|R$ 260.000,00
239153|Apartamento de 56m² com 02 quartos sendo 01 suíte à venda - Chácaras Pedro Corrêa de Carvalho|Chácaras Pedro Corrêa de Carvalho|2|1|1|56|R$ 260.000,00
237527|Apartamento mobiliado de 35m² com 01 quarto para locação e venda - Vila Seixas|Vila Seixas|1|1|1|35|R$ 260.000,00
236747|Apartamento de 47m² com 02 quartos á venda - Ipiranga|Ipiranga|2|1|1|47|R$ 260.000,00
234344|Apartamento de 45m² com 01 quarto para venda - Recreio das Acácias|Recreio das Acácias|2|1|1|45|R$ 260.000,00
234017|Apartamento de 47m² com 01 quarto à venda - Vila Seixas|Vila Seixas|1|1|1|47|R$ 260.000,00
231320|Apartamento de 41m² com 02 quartos á venda - Residencial Jequitibá|Residencial Jequitibá|2|1|1|41|R$ 260.000,00
229295|Apartamento de 42m² com 02 quartos para locação - Vila Virgínia|Vila Virgínia|2|1|1|42|R$ 260.000,00
228374|Apartamento de 51m² com 02 quartos à venda - Jardim Novo Mundo|Jardim Novo Mundo|2|1|1|51|R$ 260.000,00
226913|Apartamento térreo de 81m² com 02 quartos com 01 suíte e 02 vagas de garagem à venda - Jardim Novo Mundo|Jardim Novo Mundo|2|3|2|81|R$ 260.000,00
226766|Apartamento térreo de 58m² com 02 quartos à venda - Residencial Greenville|Residencial Greenville|2|2|1|58|R$ 260.000,00
226109|Apartamento de 91m² com 03 quartos à venda - Jardim Anhanguera|Jardim Anhanguera|3|2|1|91|R$ 260.000,00
222962|Apartamento de 47m² com 02 quartos à venda - Residencial Jequitibá|Residencial Jequitibá|2|1|1|47|R$ 260.000,00
220628|Apartamento de 48m² com 02 quartos para locação - Jardim Paulistano|Jardim Paulistano|2|1|1|48|R$ 260.000,00
220391|Apartamento térreo de 54m² com 02 quartos sendo 01 suíte à venda - Residencial Greenville|Residencial Greenville|2|2|1|54|R$ 260.000,00
220148|Apartamento de 44m² com 02 quartos para venda - Recreio das Acácias|Recreio das Acácias|2|1|1|44|R$ 260.000,00
218147|Apartamento de 75m² com 02 quartos à venda - Vila Amélia|Vila Amélia|2|2|1|75|R$ 260.000,00
214142|Apartamento de 46m² com 02 quartos à venda - Sumarezinho|Sumarezinho|2|1|1|46|R$ 260.000,00
213917|Apartamento de 49m² com 02 quartos à venda - Quintas de São José|Quintas de São José|2|1|1|49|R$ 260.000,00
213293|Apartamento de 56m² com 02 quartos à venda - Chácaras Pedro Corrêa de Carvalho|Chácaras Pedro Corrêa de Carvalho|2|2|1|56|R$ 260.000,00
213290|Apartamento de 56m² com 02 quartos à venda - Chácara Pedro Correa de Carvalho|Chácara Pedro Correa de Carvalho|2|2|1|56|R$ 260.000,00
207359|Apartamento de 51m² com 02 quartos à venda - Ipiranga|Ipiranga|2|1|1|51|R$ 260.000,00
201521|Excelente apartamento no Jardim Botânico||1|1|1|45|R$ 260.000,00
199109|LINDO APARTAMENTO NO JARDIM PALMA TRAVASSOS||3|3|1|65|R$ 260.000,00
198914|LINDO APARTAMENTO NO JARDIM PALMA TRAVASSOS||3|3|1|65|R$ 260.000,00
197459|APARTAMENTO NO CENTRO||1|1|1|47|R$ 260.000,00
197207|APARTAMENTO NO NOVA ALIANÇA||1|1|1|41|R$ 260.000,00
196787|APARTAMENTO EM EXCELENTE LOCALIZAÇÃO NO CENTRO||1|1|1|52|R$ 260.000,00
195986|APARTAMENTO NO CENTRO EDIFICIO TABAJARA||2|2|1|65|R$ 260.000,00
195473|Apartamento de 57m² com 02 quartos e quintal à venda - Residencial Greenville|Residencial Greenville|2|1|1|57|R$ 260.000,00
195134|Apartamento de 47m² com 02 quartos à venda - Vila Virgínia|Vila Virgínia|2|1|1|47|R$ 260.000,00
194831|EXCELENTE APARTAMENTO PARA LOCAÇÃO E VENDA NO BAIRRO JARDIM PALMARES.||2|2|2|62|R$ 260.000,00
193412|EXCELENTE OPORTUNIDADE DE APARTAMENTO NO CENTRO||2|2|1|180|R$ 260.000,00
191621|APARTAMENTO EM AVENIDA DE GRANDE FLUXO||1|1|1|0|R$ 260.000,00
187247|Apartamento de 02 quartos para locação - Jardim Antártica|Jardim Antártica|2|1|1|42|R$ 260.000,00
184793|Apartamento - Padrão|Padrão|3|1|1|58|R$ 260.000,00
182078|Apartamento de 71m² com 03 quartos à venda - Vila Monte Alegre|Vila Monte Alegre|3|1|1|71|R$ 260.000,00
181466|Apartamento de 84m² com 02 quartos - Jardim Paulista|Jardim Paulista|2|2|1|84|R$ 260.000,00
176777|Apartamento de 48m² com 02 quartos para venda - Jardim Paulistano|Jardim Paulistano|2|1|1|48|R$ 260.000,00
173339|Apartamento 48m² com 02 quartos à venda - Parque São Sebastião|Parque São Sebastião|2|1|1|48|R$ 260.000,00
171860|APARTAMENTO NO RESIDENCIAL FLORIDA||2|2|1|65|R$ 260.000,00
167114|APARTAMENTO NA VILA SEIXAS||2|2|1|35|R$ 260.000,00
163955|Apartamento térrea de 53m² com 02 quartos para venda - Jardim Manoel Penna|Jardim Manoel Penna|2|2|1|53|R$ 260.000,00
154064|Apartamento de 50m² com 02 quartos à venda - Jardim Anhangüera|Jardim Anhangüera|2|1|1|50|R$ 260.000,00
136877|Apartamento de 75m² com 03 quartos - Presidente Médici|Presidente Médici|3|1|1|75|R$ 260.000,00
136526|APARTAMENTO COM PORTARIA 24 HORAS NO CENTRO||1|1|1|69|R$ 260.000,00
134039|* Excelente Oportunidade *||2|2|1|59|R$ 260.000,00
133052|Apartamento de 79 m² com 03 quartos à venda - Campos Elíseos|Campos Elíseos|3|2|1|79|R$ 260.000,00
128819|Apartamento - Padrão|Padrão|3|2|1|83|R$ 260.000,00
128678|Apartamento com 65m² de 02 quartos - Centro|Centro|2|2|1|65|R$ 260.000,00
123485|APARTAMENTO NO PQ. BANDEIRANTES||2|2|1|0|R$ 260.000,00
120785|Apartamento de 02 quartos para locação - Campos Elíseos|Campos Elíseos|2|1|1|47|R$ 260.000,00
116210|Apartamento reformado de 57m² com 02 quartos para venda - Alto da Boa Vista|Alto da Boa Vista|2|1|1|57|R$ 260.000,00
108212|Apartamento de 47m² com 02 quartos á venda - Alto do Ipiranga|Alto do Ipiranga|2|1|1|47|R$ 260.000,00
105398|Apartamento de 68m² com 3 quartos e suíte - Centro|Centro|3|2|1|68|R$ 260.000,00
104336|Apartamento de 60m² com 01 suíte para locação e venda - City Ribeirão|City Ribeirão|1|2|1|60|R$ 260.000,00
103325|Apartamento de 46m² com 01 quarto à venda - Nova Aliança|Nova Aliança|1|1|1|46|R$ 260.000,00
101282|Apartamento - Padrão|Padrão|2|2|1|65|R$ 260.000,00
100454|Apartamento - Padrão|Padrão|1|1|1|43|R$ 260.000,00
93281|Apartamento - Padrão|Padrão|2|2|1|0|R$ 260.000,00
91334|Apartamento de 39m² com 01 quarto para locação - Nova Aliança|Nova Aliança|1|1|1|39|R$ 260.000,00
86579|Apartamento de 49m² com 02 quartos sendo 01 suíte para locação e venda- Nova Aliança|Nova Aliança|2|1|1|49|R$ 260.000,00
64448|Apartamento de 01 quarto para locação - Jardim Botânico|Jardim Botânico|1|1|2|48|R$ 260.000,00
20243|Apartamento de 43m² com 01 quarto para locação e venda - Centro|Centro|1|1|1|43|R$ 260.000,00
203888|Apartamento novo de 51m² com 02 quartos à venda - Jardim Novo Mundo|Jardim Novo Mundo|2|1|1|51|R$ 263.500,79
160403|APARTAMENTO NOVO NO BAIRRO JARDIM ANHANGUERA||2|1|1|51|R$ 263.500,79
159923|Apartamento de 56m² com 02 quartos para venda - Parque São Sebastião|Parque São Sebastião|2|1|1|56|R$ 262.000,00
203324|Apartamento de 50m² com 02 quartos e sacada à venda - Fiúsa 016|Fiúsa 016|2|1|1|50|R$ 264.600,00
157502|LINDO APARTAMENTO PRÓXIMO A AV. DOM PEDRO||2|2|1|68|R$ 264.947,70
75050|Apartamento - Padrão|Padrão|2|2|1|49|R$ 155.000,00
157397|Apartamento de 82m² com 02 quartos à venda - Campos Elíseos|Campos Elíseos|2|2|1|82|R$ 212.000,00
220742|Apartamento de 47m² com 02 quartos à venda - Campos Elíseos|Campos Elíseos|2|1|1|47|R$ 230.000,00
220214|Apartamento com 49m² com 02 quartos à venda - Jardim Novo Mundo|Jardim Novo Mundo|2|1|1|49|R$ 235.000,00
89882|Apartamento de 69m² com 02 quartos à venda - Jardim Anhanguera|Jardim Anhanguera|2|2|1|69|R$ 235.000,00
147317|Apartamento do 48m² com 02 quartos para a locação - Campos Elíseos|Campos Elíseos|2|1|1|48|R$ 239.000,00
188633|Apartamento de 52m² com 02 quartos à venda - Jardim Bom Pastor|Jardim Bom Pastor|2|1|1|52|R$ 240.000,00
205025|Apartamento de 29m² com 01 quarto à venda - Jardim Palma Travassos|Jardim Palma Travassos|1|1|1|29|R$ 243.800,00
215816|Apartamento de 40m² com 02 quartos à venda - Recreio das Acácias|Recreio das Acácias|2|1|1|40|R$ 250.000,00
211277|Apartamento de 48m² 02 quartos para locação e venda - Bonfim Paulista|Bonfim Paulista|2|1|1|48|R$ 250.000,00
166862|Apartamento de 55m² com 01 quarto para locação e venda - Centro|Centro|1|1|1|55|R$ 250.000,00
132122|APARTAMENTO NO CAMPOS ELÍSEOS||2|1|1|66|R$ 250.000,00
131573|APARTAMENTO NO PALMARES||2|1|1|54|R$ 250.000,00
189056|Apartamento de 40m² com 02 quartos à venda - Recreio das Acácias|Recreio das Acácias|2|1|1|40|R$ 260.000,00
244346|Apartamento de 45m² com 01 quarto à venda - Nova Aliança|Nova Aliança|1|1|1|45|R$ 265.000,00
241535|Apartamento de 51m² com 02 quartos para venda - Jardim Zara|Jardim Zara|2|1|1|51|R$ 265.000,00
241250|Apartamento de 73m² com 02 quartos à venda - Residencial e Comercial Palmares|Residencial e Comercial Palmares|2|1|1|73|R$ 265.000,00
239600|Apartamento de 63m² com 02 quartos à venda - Planalto Verde|Planalto Verde|2|2|1|63|R$ 265.000,00
235958|Apartamento de 56m² com 02 quartos à venda - Ipiranga|Ipiranga|2|1|1|56|R$ 265.000,00
234014|Apartamento de 60m² com 02 quartos para venda - Jardim Anhanguera|Jardim Anhanguera|2|2|1|60|R$ 265.000,00
232955|Apartamento de 46m² com 02 quartos à venda - Bonfim Paulista|Bonfim Paulista|2|1|1|46|R$ 265.000,00
223838|Apartamento de 66m² com 02 quartos sendo 01 suíte à venda - Parque Industrial Lagoinha|Parque Industrial Lagoinha|2|2|1|66|R$ 265.000,00
221534|Apartamento de 52m² com 02 quartos à venda - Jardim Anhanguera|Jardim Anhanguera|2|1|1|52|R$ 265.000,00
220796|Apartamento mobiliado de 46m² com 02 quartos à venda - Nova Aliança|Nova Aliança|2|2|1|46|R$ 265.000,00
219425|Apartamento de 53m² com 01 quarto para locação - Residencial e Comercial Palmares|Residencial e Comercial Palmares|1|1|1|53|R$ 265.000,00
218117|Apartamento de 56m² com 02 quartos à venda - Chácaras Pedro Corrêa de Carvalho|Chácaras Pedro Corrêa de Carvalho|2|2|1|56|R$ 265.000,00
207647|Apartamento de 34 m² com 1 quarto - Bonfim Paulista|Bonfim Paulista|1|1|1|34|R$ 265.000,00
205058|Apartamento de 42m² com 02 quartos - Residencial Parque dos Servidores|Residencial Parque dos Servidores|2|1|1|42|R$ 265.000,00
204314|APARTAMENTO À VENDA NO BAIRRO RIBEIRÃO VERDE||2|1|1|42|R$ 265.000,00
203054|APARTAMENTO NO CENTRO DE RIBEIRÃO PRETO||2|2|1|78|R$ 265.000,00
201686|APARTAMENTO NA VILA TAMANDARÉ||3|2|1|97|R$ 265.000,00
195299|EXCELENTE APARTAMENTO, NOVO, PARA LOCAÇÃO E VENDA NA AVENIDA BARÃO DO BANANAL||2|1|1|50|R$ 265.000,00
193871|APARTAMENTO NO NOVA ALIANÇA||1|1|1|49|R$ 265.000,00
193661|APARTAMENTO NO JARDIM INTERLAGOS||2|1|1|63|R$ 265.000,00
191774|APARTAMENTO NO PARQUE DOS BANDEIRANTES||2|3|1|100|R$ 265.000,00
188702|EXCELENTE APARTAMENTO NO BAIRRO VILA ANA MARIA||1|1|1|31|R$ 265.000,00
186629|Ótimo apartamento próximo ao Sesi||3|2|1|72|R$ 265.000,00
182093|APARTAMENTO PRÓXIMO À UNIP||1|1|1|45|R$ 265.000,00
179903|APARTAMENTO NO CENTRO||1|1|1|47|R$ 265.000,00
177119|Kitnet de 30m² com 01 para venda - Vila Seixas|Vila Seixas|1|1|1|30|R$ 265.000,00
176303|Ótimo apartamento padrão na Zona Sul||2|1|1|65|R$ 265.000,00
174455|APARTAMENTO NO PARQUE DOS BANDEIRANTES||2|2|1|78|R$ 265.000,00
174383|APARTAMENTO NO ALTO DO IPIRANGA||3|2|1|82|R$ 265.000,00
171950|APARTAMENTO NO CENTRO||3|3|1|116|R$ 265.000,00
168179|LINDO APARTAMENTO NO PALMARES||2|2|1|65|R$ 265.000,00
167300|Apartamento de 49m² com 02 quartos para locação e venda - Bonfim Paulista|Bonfim Paulista|2|2|1|49|R$ 265.000,00
164504|Apartamento de 51m² com 02 quartos à venda - Jardim Presidente Dutra|Jardim Presidente Dutra|2|1|1|51|R$ 265.000,00
163151|APARTAMENTO TÉRREO NO JARDIM ANHANGUERA||3|2|1|85|R$ 265.000,00
163034|APARTAMENTO PRÓXIMO À AVENIDA LEÃO XIII||3|2|1|64|R$ 265.000,00
161591|Apartamento mobiliado de 66m² com 01 quarto à venda - Nova Aliança|Nova Aliança|1|1|1|66|R$ 265.000,00
156401|APARTAMENTO NO ALTO DO IPIRANGA||2|1|1|47|R$ 265.000,00
152804|Apartamento de 34m² com 01 quarto à venda - Quintas de São José|Quintas de São José|1|1|1|34|R$ 265.000,00
147443|APARTAMENTO PRÓXIMO À RUA PARANAPANEMA||2|2|1|81|R$ 265.000,00
141716|APARTAMENTO PRÓXIMO À PRAÇA 7 DE SETEMBRO||1|1|1|47|R$ 265.000,00
139205|Apartamento de 45m² com 01 quarto para locação - Jardim Nova Aliança|Jardim Nova Aliança|1|1|1|45|R$ 265.000,00
132029|APARTAMENTO DIFERENCIADO||2|1|1|49|R$ 265.000,00
131285|EXCELENTE APARTAMENTO NO CASTELO BRANCO||2|1|1|72|R$ 265.000,00
125333|APARTAMENTO PRÓXIMO À AVENIDA MEIRA JÚNIOR||2|1|1|48|R$ 265.000,00
104054|APARTAMENTO NO JARDIM CASTELO BRANCO||2|1|1|54|R$ 265.000,00
99719|APARTAMENTO NO JARDIM PALMA TRAVASSOS||2|1|1|51|R$ 265.000,00
99629|APARTAMENTO NO JARDIM PAULISTA||2|3|1|72|R$ 265.000,00
98624|Apartamento de 34m² com 01 quarto à venda - Jardim Irajá|Jardim Irajá|1|1|1|34|R$ 265.000,00
96407|APARTAMENTO NO RESIDENCIAL FLORIDA||3|2|2|71|R$ 265.000,00
96044|Apartamento de 35m² com 01 quarto à venda - Jardim Irajá|Jardim Irajá|1|1|1|35|R$ 265.000,00
96041|Apartamento de 34m² com 01 quarto à venda - Jardim Irajá|Jardim Irajá|1|1|1|34|R$ 265.000,00
92090|APARTAMENTO NO PARQUE DOS LAGOS||2|2|1|80|R$ 265.000,00
88370|Apartamento de 01 quarto para locação - Jardim Irajá|Jardim Irajá|1|1|1|34|R$ 265.000,00
87149|Apartamento de 49m com 1 quarto - Centro|Centro|1|1|1|49|R$ 265.000,00
86762|Apartamento próximo ao COC||1|1|1|39|R$ 265.000,00
86636|APARTAMENTO NO BAIRRO JARDIM IRAJÁ||1|1|2|34|R$ 265.000,00
77387|Apartamento - Padrão|Padrão|2|2|1|0|R$ 265.000,00
64961|APARTAMENTO PRÓXIMO À UNAERP||3|1|1|72|R$ 265.000,00
60185|APARTAMENTO NO RESIDENCIAL PALMARES||2|2|1|70|R$ 265.000,00
41582|APARTAMENTO PRÓXIMO AO SHOPING SANTA ÚRSULA||1|1|1|49|R$ 265.000,00
188549|Apartamento com 48m² com 02 quartos - Ipiranga|Ipiranga|2|1|1|48|R$ 267.000,00
169250|APARTAMENTO NO RESERVA REAL||2|2|1|44|R$ 267.990,00
221771|Apartamento de 49m² com 02 quartos à venda - Ipiranga|Ipiranga|2|1|1|49|R$ 268.000,00
168530|APARTAMENTO NO IPIRANGA||2|2|1|62|R$ 268.557,50
190400|APARTAMENTO NO JARDIM CASTELO BRANCO||2|2|1|70|R$ 258.000,00
245096|Apartamento de 49m² com 02 quartos à venda - Ipiranga|Ipiranga|2|1|1|49|R$ 269.000,00
241658|Apartamento de 51m² com 02 quartos à venda - Jardim Novo Mundo|Jardim Novo Mundo|2|1|1|51|R$ 269.000,00
191972|Apartamento de 89m² com 03 quartos à venda - Jardim Paulista|Jardim Paulista|3|2|1|89|R$ 269.000,00
150263|Apartamento de 44m² com 01 suíte á venda - Nova Aliança|Nova Aliança|1|2|1|44|R$ 269.000,00
134279|APARTAMENTO PRÓXIMO À AVENIDA ALFREDO RAVANELI||2|1|1|54|R$ 269.850,00
217157|Apartamento de 49m² com 02 quartos à venda - Jardim Sumaré|Jardim Sumaré|2|1|1|49|R$ 230.000,00
93092|Apartamento de 73m² com 02 quartos - Parque Industrial Lagoinha|Parque Industrial Lagoinha|2|2|1|73|R$ 230.000,00
69842|Duplex de 43m² com 01 suítes à venda - Vila Ana Maria|Vila Ana Maria|1|2|1|43|R$ 230.000,00
188318|Apartamento de 52m² com 02 quartos à venda - Jardim Bom Pastor|Jardim Bom Pastor|2|1|1|52|R$ 240.000,00
128876|APARTAMENTO NO ALTO DA BOA VISTA||3|2|1|61|R$ 240.000,00
220934|Apartamento de 71m² de 02 quartos sendo 01 suíte à venda - Residencial Flórida|Residencial Flórida|2|2|1|71|R$ 250.000,00
182303|****OTIMO APARTAMENTO TERREO BONFIM PAULISTA****||2|1|1|48|R$ 250.000,00
18581|Apartamento de 66m² com 03 quartos sendo 01 suíte à venda - Parque Industrial Lagoinha|Parque Industrial Lagoinha|3|2|1|66|R$ 250.000,00
211817|Apartamento de 76m² com 02 quartos à venda - Centro|Centro|2|3|1|76|R$ 260.000,00
209909|Apartamento de 68m² com 02 quartos à venda - Castelo Branco|Castelo Branco|2|2|1|68|R$ 260.000,00
159758|APARTAMENTO PRÓXIMO À RUA MONTE ALEGRE||2|2|1|63|R$ 260.000,00
118571|APARTAMENTO PRÓXIMO A RODOVIA ANHANGUERA||2|2|1|56|R$ 260.000,00
152309|APARTAMENTO PRÓXIMO À AVENIDA MEIRA JÚNIOR||2|1|1|46|R$ 265.000,00
243740|Apartamento reformado de 74m²com 02 quartos à venda - Jardim Zara|Jardim Zara|2|2|2|74|R$ 270.000,00
242879|Apartamento de 76m² com 03 quartos para venda - Nova Ribeirânea|Nova Ribeirânea|3|2|1|76|R$ 270.000,00
242543|Apartamento de 51m² com 02 quartos para venda - Presidente Médici|Presidente Médici|2|1|1|51|R$ 270.000,00
242198|Apartamento de 66m² com 02 quartos à venda - Campos Elíseos|Campos Elíseos|2|1|1|66|R$ 270.000,00
241172|Apartamento de 44m² com 02 quartos à venda - Reserva São José|Reserva São José|2|1|1|44|R$ 270.000,00
240146|Apartamento de 50m² com 01 suíte à venda - Parque Bandeirantes|Parque Bandeirantes|1|1|1|50|R$ 270.000,00
239477|Apartamento de 95m² com 02 quartos à venda - Vila Seixas|Vila Seixas|2|2|1|95|R$ 270.000,00
238310|Apartamento de 59m² com 02 quartos à venda - Independência|Independência|2|2|1|59|R$ 270.000,00
234695|Apartamento de 50m² com 02 quartos para venda - Vila Tibério|Vila Tibério|2|2|1|50|R$ 270.000,00
234131|Apartamento de 54m² com 02 quartos à venda - Parque Industrial Lagoinha|Parque Industrial Lagoinha|2|1|1|54|R$ 270.000,00
232865|Apartamento de 48m² com 02 quartos para venda - Jardim Paulistano|Jardim Paulistano|2|1|1|48|R$ 270.000,00
231398|Apartamento de 63m² com 02 quartos sendo 01 suíte à venda - Residencial Flórida|Residencial Flórida|2|2|1|63|R$ 270.000,00
230126|Apartamento mobiliado de 46m² com 01 quarto para locação e venda - Nova Aliança|Nova Aliança|1|1|1|46|R$ 270.000,00
229403|Apartamento de 47m² com 2 quartos à venda - Jardim Paiva.|Jardim Paiva|2|2|1|47|R$ 270.000,00
228593|Apartamento de 48m² com 02 quartos à venda - Centro|Centro|2|1|1|48|R$ 270.000,00
226895|Apartamento térreo de 85m² com 03 quartos à venda - Sumarezinho|Sumarezinho|3|3|1|85|R$ 270.000,00
224648|Apartamento de 46m² com 02 Quartos à Venda - Vila Monte Alegre|Vila Monte Alegre|2|1|1|46|R$ 270.000,00
223823|Apartamento de 69m² com 03 quartos à venda - Jardim Paulista|Jardim Paulista|3|1|1|69|R$ 270.000,00
223517|Apartamento de 76m² com 02 quartos à venda - Centro|Centro|2|3|1|76|R$ 270.000,00
216788|Apartamento de 43m² com 01 suíte à venda - Nova Aliança|Nova Aliança|1|1|1|43|R$ 270.000,00
215216|Apartamento de 54m² com 02 quartos à venda - Jardim Zara|Jardim Zara|2|2|1|54|R$ 270.000,00
213944|Apartamento de 47m² com 02 quartos à venda - Jardim Paiva|Jardim Paiva|2|2|1|47|R$ 270.000,00
211238|Apartamento de 47m² com 01 quarto à venda - Vila Seixas|Vila Seixas|1|1|1|47|R$ 270.000,00
206723|Apartamento de 47m² com 01 quarto à venda - Centro|Centro|1|1|1|47|R$ 270.000,00
205991|Apartamento de 92m² com 03 quartos para locação e venda - Centro|Centro|3|3|1|92|R$ 270.000,00
199679|Apartamento de 64m² com 03 quartos sendo 01 suíte para locação e venda - Campos Elísios|Campos Elísios|3|2|1|64|R$ 270.000,00
199607|Apartamento de 64m² com 03 quartos para locação - Campos Eliseos|Campos Eliseos|3|2|1|64|R$ 270.000,00
191876|Apartamento de 53m² com 02 quartos à venda - Jardim Zara|Jardim Zara|2|1|1|53|R$ 270.000,00
191342|Apartamento com 02 quartos sendo 01 suíte à venda - Ipiranga|Ipiranga|2|1|1|61|R$ 270.000,00
186491|Apartamento de 32m² com 01 quarto para venda - Nova Ribeirânia|Nova Ribeirânia|1|1|1|32|R$ 270.000,00
186350|Apartamento a Venda no Jardim Paulistano em Ribeirão Preto||2|1|1|46|R$ 270.000,00
185198|Apartamento de 02 quartos para locação - Centro|Centro|2|1|1|65|R$ 270.000,00
182969|Apartamento de 44m² com 02 quartos à venda - Jardim Paulista|Jardim Paulista|2|1|1|44|R$ 270.000,00
182474|Apartamento de 46m² com 01 quarto - Jardim Botânico|Jardim Botânico|1|1|1|46|R$ 270.000,00
180515|APARTAMENTO NA VILA TIBÉRIO||2|1|1|61|R$ 270.000,00
174959|APARTAMENTO NO JARDIM ANHANGUERA||2|2|1|53|R$ 270.000,00
174503|APARTAMENTO PRÓXIMO À AVENIDA INDEPENDÊNCIA||2|2|1|102|R$ 270.000,00
173444|APARTAMENTO NO JARDIM OURO BRANCO||2|1|1|49|R$ 270.000,00
172751|APARTAMENTO NO ALTO DA BOA VISTA||3|2|1|58|R$ 270.000,00
172394|Apartamento de 66m² com 02 quartos à venda - Sumarezinho|Sumarezinho|2|2|1|66|R$ 270.000,00
170801|APARTAMENTO NO PARQUE INDUSTRIAL LAGOINHA||3|2|1|66|R$ 270.000,00
162887|APARTAMENTO PRÓXIMO À AVENIDA LEÃO XIII||2|1|1|40|R$ 270.000,00
161687|Apartamento de 44m² com 01 quarto à venda - Jardim Sumaré|Jardim Sumaré|1|1|1|44|R$ 270.000,00
157826|Apartamento de 56² com 2 quartos á venda - Parque São Sebastião|Parque São Sebastião|2|1|1|56|R$ 270.000,00
157820|Apartamento de 56m² com 02 qartos á venda - Parque São Sebastião|Parque São Sebastião|2|1|1|56|R$ 270.000,00
149627|Apartamento de 44m² com 02 quartos à venda - Jardim Paulista|Jardim Paulista|2|1|1|44|R$ 270.000,00
147932|Apartamento de 02 quartos para locação - Parque dos Lagos|Parque dos Lagos|2|2|2|63|R$ 270.000,00
137498|Apartamento de 03 quartos para locação - Centro|Centro|3|3|1|85|R$ 270.000,00
133205|Apartamento de 47m² com 02 quartos para venda- City Ribeirão|City Ribeirão|2|1|1|47|R$ 270.000,00
116336|APARTAMENTO NO JARDIM SUMARÉ||3|3|1|0|R$ 270.000,00
113483|Apartamento de 94m² com 03 quartos à venda - Jardim Palma Travassos|Jardim Palma Travassos|3|2|2|94|R$ 270.000,00
106634|APARTAMENTO NO BAIRRO VILA MONTE ALEGRE||2|2|1|66|R$ 270.000,00
101285|Apartamento - Padrão|Padrão|2|2|1|65|R$ 270.000,00
101276|APARTAMENTO NO JARDIM FLORIDA||2|2|1|65|R$ 270.000,00
101273|Apartamento - Padrão|Padrão|2|2|1|65|R$ 270.000,00
101135|APARTAMENTO PRÓXIMO À RODOVIA ANHANGUERA||3|2|1|90|R$ 270.000,00
100628|APARTAMENTO NO MONTE ALEGRE||2|2|1|73|R$ 270.000,00
100421|Apartamento de 48m² com 1 quarto para locação e venda- Nova Aliança|Nova Aliança|1|1|1|48|R$ 270.000,00
96938|APARTAMENTO PRÓXIMO À AVENIDA BARÃO DO BANANAL||2|2|2|63|R$ 270.000,00
96242|Apartamento de 78m² com 03 quartos à venda - Jardim Califórnia|Jardim Califórnia|3|2|2|78|R$ 270.000,00
94553|Apartamento de 29m² com 01 quarto à venda - Vila Amélia|Vila Amélia|1|1|1|29|R$ 270.000,00
94265|EXCELENTE LOCALIZAÇÃO NO CENTRO||3|2|1|115|R$ 270.000,00
93353|APARTAMENTO TÉRREO NO RESIDENCIAL FLORIDA||3|2|1|65|R$ 270.000,00
92117|Apartamento de 02 quartos para locação - Jd. Califórnia|Jd Califórnia|2|2|1|60|R$ 270.000,00
89852|OPORTUNIDADE DE NEGÓCIO||2|1|1|62|R$ 270.000,00
75248|APARTAMENTO A VENDA NA ARNALDO VICTALIANO||3|1|1|64|R$ 270.000,00
73832|EXCELENTE APARTAMENTOPARA VENDA NO BAIRRO ALTO DO IPIRANGA||2|1|1|60|R$ 270.000,00
72131|Apartamento - Padrão|Padrão|2|2|1|0|R$ 270.000,00
70424|Apartamento - Padrão|Padrão|1|2|1|46|R$ 270.000,00
66089|Apartamento de 03 quartos para locação - Jardim Paulista|Jardim Paulista|3|1|1|102|R$ 270.000,00
63641|Apartamento de 65m² com 03 quartos sendo 01 suíte à venda - Jardim Palma Travassos|Jardim Palma Travassos|3|2|1|65|R$ 270.000,00
26993|APARTAMENTO NO JARDIM PAULISTANO||3|2|1|86|R$ 270.000,00
163211|Apartamento de 53m² com 02 quartos à venda - Parque São Sebastião|Parque São Sebastião|2|1|1|53|R$ 270.900,00
126635|APARTAMENTO NO RESIDENCIAL FLORIDA||1|1|1|36|R$ 271.000,00
209918|Apartamento de 38m² com 01 quarto para Venda Mobiliado - Residencial Florida|Residencial Florida|1|1|1|38|R$ 229.000,00
219053|Apartamento de 51m² com 02 quartos à venda - Jardim Novo Mundo|Jardim Novo Mundo|2|1|1|51|R$ 235.000,00
71657|Apartamento de 43m² com 01 quarto à venda - Vila Ana Maria|Vila Ana Maria|1|2|1|43|R$ 235.000,00
182948|Apartamento - Padrão|Padrão|3|2|1|86|R$ 260.000,00
159920|Apartamento de 56 m² com 02 quartos - Parque São Sebastião|Parque São Sebastião|2|1|1|56|R$ 265.000,00
156551|Apartamento de 83m² com 03 quartos à venda - Presidente Médici|Presidente Médici|3|1|1|83|R$ 265.000,00
99524|* Excelente Oportunidade *||2|1|1|56|R$ 265.650,00
192308|EXCELENTE APARTAMENTO NOVO PARA LOCAÇÃO E VENDA EM AVENIDA DE GRANDE FLUXO||2|1|1|50|R$ 269.000,00
241538|Apartamento de 74m² com 03 quartos sendo 01 suíte à venda - Parque dos Bandeirantes|Parque dos Bandeirantes|3|2|1|74|R$ 275.000,00
238721|Apartamento de 48m² com 02 quartos para venda - Residencial Jequitibá|Residencial Jequitibá|2|1|1|48|R$ 275.000,00
232505|Apartamento de 40m² com 02 quartos para venda - Recreio das Acácias|Recreio das Acácias|2|1|1|40|R$ 275.000,00
232184|Apartamento de 45m² com 02 quartos para venda e locação - Nova Aliança|Nova Aliança|2|1|1|45|R$ 275.000,00
230303|Apartamento de 46m² com 02 quartos á venda - Jardim Manoel Penna|Jardim Manoel Penna|2|1|2|46|R$ 275.000,00
214307|Apartamento de 46m² com 02 quartos à venda - Bonfim Paulista|Bonfim Paulista|2|1|1|46|R$ 275.000,00
203492|APARTAMENTO COM SACADA NO BAIRRO JARDIM NOVO MUNDO||3|2|1|115|R$ 275.000,00
201827|APARTAMENTO NO JARDIM MANOEL PENNA||2|1|1|46|R$ 275.000,00
193442|Apartamento de 56m² com 02 quartos à venda - Vila Amélia|Vila Amélia|2|1|1|56|R$ 275.000,00
193013|Apartamento de 47m² com 02 quartos para locação- City Ribeirão|City Ribeirão|2|1|1|47|R$ 275.000,00
187988|APARTAMENTO NO MONTE ALEGRE||2|1|1|61|R$ 275.000,00
187985|APARTAMENTO NO MONTE ALEGRE||2|1|1|61|R$ 275.000,00
187982|APARTAMENTO NO MONTE ALEGRE||2|1|1|61|R$ 275.000,00
159938|Apartamento - Padrão|Padrão|2|1|1|56|R$ 275.000,00
157934|Apartamento de 65m² com 03 quartos à venda - Jardim Palma Travassos|Jardim Palma Travassos|3|2|1|65|R$ 275.000,00
154430|Apartamento de 44m² com 02 quartos para venda - Quinta da Primavera|Quinta da Primavera|2|1|1|44|R$ 275.000,00
136757|Apartamento de 46m² com 02 quartos para venda - Ribeirânia|Ribeirânia|2|1|1|46|R$ 275.000,00
135578|APARTAMENTO NO JARDIM PAULISTANO||3|2|1|87|R$ 275.000,00
134276|APARTAMENTO NA LAGOINHA||3|2|1|66|R$ 275.000,00
101270|Apartamento - Padrão|Padrão|2|2|1|65|R$ 275.000,00
91313|APARTAMENTO NA VILA AMELIA||2|2|1|75|R$ 275.000,00
88541|Apartamento de 45m² com 01 quarto para venda - Nova Aliança|Nova Aliança|1|1|1|45|R$ 275.000,00
196226|APARTAMENTO À VENDA NO BAIRRO IGUATEMI||3|1|1|74|R$ 275.500,00
190769|Apartamento de 67 m² com 03 quartos para venda - Jardim Europa|Jardim Europa|3|2|1|67|R$ 260.000,00
226550|Apartamento de 54m² com 02 quartos à venda - Parque Anhanguera|Parque Anhanguera|2|1|1|54|R$ 275.600,00
203885|Apartamento novo de 49m² com 02 quartos à venda - Jardim Novo Mundo|Jardim Novo Mundo|2|1|1|49|R$ 275.923,33
203882|Apartamento novo de 49m² com 02 quartos à venda - Jardim Novo Mundo|Jardim Novo Mundo|2|1|1|49|R$ 275.923,33
136907|APARTAMENTO PADRÃO - ÚNICO RESIDENCIAL|ÚNICO RESIDENCIAL|2|1|1|54|R$ 275.923,33
147479|APARTAMENTO PRÓXIMO AO PARQUE CARLOS RAYA||2|1|1|42|R$ 219.000,00
225296|Apartamento de 56m² com 02 quartos à venda - Alto do Ipiranga|Alto do Ipiranga|2|1|1|56|R$ 270.000,00
156179|Apartamento de 59m² com 02 quartos à venda - Residencial Palmares|Residencial Palmares|2|2|1|59|R$ 275.000,00
240317|Apartamento de 90m² com 03 quartos à venda - Jardim Castelo Branco|Jardim Castelo Branco|3|3|1|90|R$ 276.000,00
216173|Apartamento de 50m² com 02 quartos à venda - Jardim Paulistano|Jardim Paulistano|2|1|1|50|R$ 276.000,00
179651|Apartamento de 56m² com 02 quartos à venda - Chácaras Pedro Corrêa de Carvalho|Chácaras Pedro Corrêa de Carvalho|2|2|1|56|R$ 276.000,00
173864|APARTAMENTO NA VILA TIBÉRIO||2|1|1|77|R$ 276.000,00
161498|Apartamento de 50m² com 02 quartos para locação e venda - Iguatemi|Iguatemi|2|1|1|50|R$ 276.000,00
154637|Apartamento de 76m² com 02 quartos à venda - Centro|Centro|2|3|1|76|R$ 276.000,00
123263|Apartamento de 79m² para locação e venda - Jardim Paulistano|Jardim Paulistano|2|2|1|79|R$ 276.000,00
110279|APARTAMENTO NO CENTRO||1|1|1|0|R$ 276.000,00
90644|APARTAMENTO NO CENTRO||2|2|1|122|R$ 276.000,00
72596|Apartamento - Padrão|Padrão|1|1|1|46|R$ 276.000,00
18569|Apartamento de 46m² com 01 dormitório - Centro|Centro|1|1|1|46|R$ 276.000,00
219350|Apartamento de 54m² com 02 quartos à venda - Ipiranga|Ipiranga|2|1|1|54|R$ 276.600,00
174224|Apartamento de 48m² com 02 quartos para locação - Residencial Greenville|Residencial Greenville|2|2|1|48|R$ 277.000,00
59159|Apartamento - Padrão|Padrão|1|1|1|40|R$ 277.000,00
54167|Apartamento - Padrão|Padrão|1|1|1|40|R$ 277.000,00
189344|Apartamento com 2 dormitórios em ótima localização||2|1|1|64|R$ 279.000,00
233195|Lançamento: Gran Primavera - Apartamento de 50m² com 02 quartos à venda - Região do Jardim Olhos D`Água|Apartamento de 50m² com 02 quartos à venda Região do Jardim Olhos DÁgua|2|1|1|50|R$ 279.900,00
165419|APARTAMENTO MOBILIADO||2|1|1|46|R$ 206.700,00
219950|Apartamento mobiliado de 60m² com 02 quartos à venda - Vila Amélia|Vila Amélia|2|1|1|60|R$ 245.000,00
223508|Apartamento de 48m² com 02 quartos para venda - Parque das Oliveiras|Parque das Oliveiras|2|1|1|48|R$ 250.000,00
158354|Apartamento de 109m² com 02 quartos à venda - Jardim Macedo|Jardim Macedo|2|2|1|109|R$ 250.000,00
141710|Apartamento de 76m² com 02 quartos á venda - Vila Monte Alegre|Vila Monte Alegre|2|1|1|76|R$ 250.000,00
125153|Apartamento - Padrão|Padrão|3|2|1|96|R$ 250.000,00
103598|Apartamento de 30m² com 01 quarto e varanda à venda - Nova Aliança|Nova Aliança|1|1|1|30|R$ 260.000,00
151913|Apartamento de 81m² com 03 quartos à venda - Jardim Paulista|Jardim Paulista|3|2|1|81|R$ 265.000,00
205715|Apartamento de 52m² com 02 quartos à venda - Jardim Zara|Jardim Zara|2|2|1|52|R$ 269.900,00
229481|Apartamento de 46m² com 01 quarto à venda - Nova Aliança|Nova Aliança|1|1|1|46|R$ 270.000,00
199883|Apartamento de 47m² com 2 quartos à venda - Ipiranga|Ipiranga|2|2|1|47|R$ 270.000,00
191756|Ótimo apartamento no Jardim Paulista - Edifício Capri|Edifício Capri|2|2|1|66|R$ 270.000,00
170258|APARTAMENTO NOVO NO BAIRRO VILA MONTE ALEGRE||2|2|1|61|R$ 275.000,00
170255|APARTAMENTO NOVO NO BAIRRO VILA MONTE ALEGRE||2|2|1|61|R$ 275.000,00
229583|Apartamento de 75m² com 02 quartos à venda porteira fechada - Campos Eliseos|Campos Eliseos|2|1|1|75|R$ 279.000,00
244844|Apartamento de 71m² de 03 quartos sendo uma suíte - Iguatemi|Iguatemi|3|1|1|71|R$ 280.000,00
244199|Apartamento de 71m² de 03 quartos sendo uma suíte - Iguatemi|Iguatemi|3|2|1|71|R$ 280.000,00
242660|Apartamento de 56m² com 02 quartos à venda - Planalto Verde|Planalto Verde|2|1|1|56|R$ 280.000,00
240854|Apartamento de 71m² de 03 quartos sendo uma suíte - Iguatemi|Iguatemi|3|2|1|71|R$ 280.000,00
238073|Apartamento de 75m² com 02 quartos à venda - Presidente Médici|Presidente Médici|2|1|1|75|R$ 280.000,00
237899|Apartamento de 134m² com 03 quartos à venda - Jardim Sumaré|Jardim Sumaré|3|2|1|134|R$ 280.000,00
229895|Apartamento de 61m² com 02 quartos à venda -Jardim Palma Ttravasso|Jardim Palma Ttravasso|2|1|1|61|R$ 280.000,00
229406|Apartamento de 72m² com 03 quartos para venda e locação - Presidente Médici|Presidente Médici|3|2|1|72|R$ 280.000,00
225734|Apartamento de 48m² com 02 quartos à venda - Bonfim Paulista|Bonfim Paulista|2|1|1|48|R$ 280.000,00
223499|Apartamento de 48m² com 02 quartos à venda - Bonfim Paulista|Bonfim Paulista|2|1|1|48|R$ 280.000,00
213938|Apartamento térreo de 48m² com 02 quartos para locação - Parque das Oliveiras II|Parque das Oliveiras II|2|1|1|48|R$ 280.000,00
209180|Apartamento térreo de 42 m² com 01 quarto - Jardim Irajá.|Jardim Irajá|1|1|1|42|R$ 280.000,00
206939|Apartamento de 44m² com 02 quartos - Quintas de São José|Quintas de São José|2|1|1|44|R$ 280.000,00
201746|KITNET NO JARDIM CALIFORNIA||1|1|1|25|R$ 280.000,00
200795|Apartamento de 52m² com 02 quartos sendo 01 suíte à venda - Quintas de São José|Quintas de São José|2|2|1|52|R$ 280.000,00
198314|LINDO APARTAMENTO COM QUINTAL PRÓXIMO AO NOVO SHOOPING||2|1|1|49|R$ 280.000,00
194702|Apartamento de 121m² com 02 quartos à venda - Centro|Centro|2|2|1|121|R$ 280.000,00
191456|Apartamento de 02 quartos para locação - Vila Tibério|Vila Tibério|2|1|1|46|R$ 280.000,00
191429|Apartamento de 60m² com 02 quartos à venda - Monte Alegre|Monte Alegre|2|1|1|60|R$ 280.000,00
185282|Apartamento - Padrão|Padrão|2|2|1|72|R$ 280.000,00
174974|APARTAMENTO NO JARDIM CASTELO BRANCO||3|2|2|83|R$ 280.000,00
172946|Apartamento mobiliado de 35m² com 01 quarto à venda - Vila Seixas|Vila Seixas|1|1|1|35|R$ 280.000,00
171266|APARTAMENTO NO JARDIM ZARA||2|1|1|53|R$ 280.000,00
163979|Apartamento de 41m² com 2 quartos para venda e locação - Jardim José Sampaio|Jardim José Sampaio|2|1|1|41|R$ 280.000,00
162788|Apartamento 48m² com 02 quartos - Vila Seixas|Vila Seixas|1|1|1|48|R$ 280.000,00
159824|Apartamento de 40m² com 02 quartos para locação e venda - Ipiranga|Ipiranga|2|1|1|40|R$ 280.000,00
152213|Apartamento de 120m² com 03 quartos à venda - Centro|Centro|3|2|1|120|R$ 280.000,00
150659|APARTAMENTO DE 1 DORMITÓRIO OPORTUNIDADE||1|1|1|45|R$ 280.000,00
150119|Apartamento 3 dormitórios - Lagoinha|Lagoinha|3|2|1|66|R$ 280.000,00
148715|APARTAMENTO PRÓXIMO À AVENIDA MARIA DE JESUS CONDEIXA||2|2|1|73|R$ 280.000,00
148340|Apartamento de 96m² com 03 quartos à venda - Jardim Paulistano|Jardim Paulistano|3|2|1|96|R$ 280.000,00
148052|APARTAMENTO PRÓXIMO À AVENIDA INDEPENDÊNCIA||1|1|1|36|R$ 280.000,00
147536|LINDO APARTAMENTO PRÓXIMO À AVENIDA NOVE DE JULHO||2|2|1|89|R$ 280.000,00
143675|APARTAMENTO DIFERENCIADO||2|2|1|69|R$ 280.000,00
135785|Duplex de 49m² 01 quarto à venda - Centro|Centro|1|1|1|49|R$ 280.000,00
128825|Apartamento - Padrão|Padrão|3|2|1|83|R$ 280.000,00
127211|Apartamento de 01 quarto para venda - Nova Aliança|Nova Aliança|1|1|1|40|R$ 280.000,00
125828|Apartamento de 65m² com 02 quartos para locação e venda - Centro|Centro|2|1|1|65|R$ 280.000,00
121874|EXCELENTE APARTAMENTO NA ZONA SUL||1|1|1|46|R$ 280.000,00
117617|Apartamento - Padrão|Padrão|2|1|1|86|R$ 280.000,00
116975|Apartamento de 62m² com 02 quartos á venda - Vila Maria Luiza|Vila Maria Luiza|2|2|1|62|R$ 280.000,00
115733|Apartamento térreo de 46m² para locação - Jardim Marchesi|Jardim Marchesi|2|1|1|46|R$ 280.000,00
107849|ÓTIMO APARTAMENTO NO RESIDENCIAL PALMARES||3|2|2|172|R$ 280.000,00
101573|Apartamento - Padrão|Padrão|1|1|1|63|R$ 280.000,00
100373|Apartamento - Padrão|Padrão|2|1|1|66|R$ 280.000,00
98642|APARTAMENTO NO JARDIM NOVA ALIANÇA||1|1|1|55|R$ 280.000,00
94394|Apartamento de 69m² com 01 quarto para locação - Centro|Centro|1|1|1|69|R$ 280.000,00
93101|Apartamento de 71m² com 02 quartos para locação - Jardim Paulista|Jardim Paulista|2|1|1|71|R$ 280.000,00
92876|APARTAMENTO PRÓXIMO À CATEDRAL||2|1|1|65|R$ 280.000,00
85481|APARTAMENTO NO CENTRO COM 2 DORMITÓRIOS||2|2|1|65|R$ 280.000,00
83804|Apartamento - Padrão|Padrão|3|2|1|73|R$ 280.000,00
79601|Apartamento - Padrão|Padrão|2|2|1|78|R$ 280.000,00
77732|Apartamento de 59m² à venda - Parque Industrial Lagoinha|Parque Industrial Lagoinha|2|1|1|59|R$ 280.000,00
68102|Apartamento - Padrão|Padrão|1|1|1|40|R$ 280.000,00
67538|Apartamento de 44m² com 01 quarto à venda - Jardim Sumaré|Jardim Sumaré|1|1|1|44|R$ 280.000,00
54965|Apartamento de 69m² com 03 quartos à venda - Jardim Paulista|Jardim Paulista|3|1|1|69|R$ 280.000,00
48944|Apartamento de 66m² com 03 quartos para venda - Lagoinha|Lagoinha|3|2|1|66|R$ 280.000,00
32882|APARTAMENTO PRÓXIMO AO PARQUE CARLOS RAYA||3|2|2|75|R$ 280.000,00
6605|Apartamento de 46m² com 01 quarto - Jardim Botânico|Jardim Botânico|1|1|1|46|R$ 280.000,00
195608|APARTAMENTO NO PARQUE DOS LAGOS||2|1|1|53|R$ 281.000,00
175325|APARTAMENTO NO PARQUE INDUSTRIAL LAGOINHA||3|2|1|66|R$ 281.000,00
126332|APARTAMENTO NO JARDIM SUMARÉ||1|1|1|44|R$ 281.000,00
167708|Apartamento de 62m² com 03 quartos à venda - Alto do Ipiranga|Alto do Ipiranga|3|2|1|62|R$ 282.000,00
214040|Lançamento Portugal 2207 - Apartamento de 38m² com 01 quarto à venda - Santa Cruz do José Jacques|Apartamento de 38m² com 01 quarto à venda Santa Cruz do José Jacques|1|1|1|38|R$ 282.290,74
209885|Apartamento de 55m² com 02 quartos à venda - Campos Elíseos|Campos Elíseos|2|2|1|55|R$ 283.990,00
180392|Apartamento com 53m² 2 quartos sendo 1 suíte à venda no Parque dos Lagos. Mirante dos Lagos||2|2|1|53|R$ 230.000,00
236723|Apartamento de 44m² com 02 quartos para venda - Recreio das Acácias|Recreio das Acácias|2|1|1|44|R$ 275.000,00
235931|Apartamento de 2 quartos térreo com 47 m² no Guaporé||2|1|1|47|R$ 276.000,00
241220|Apartamento de 49m² com 02 quartos sendo 01 suite à venda - Residencial Greenville|Residencial Greenville|2|2|1|49|R$ 285.000,00
234257|Apartamento de 59m² com 02 quartos sendo 01 suite à venda - Residencial Greenville|Residencial Greenville|2|2|1|59|R$ 285.000,00
189350|LINDO APARTAMENTO PRÓXIMO A BANANAL||2|1|1|54|R$ 285.000,00
186806|APARTAMENTO NO CAMPOS ELÍSEOS||2|2|1|60|R$ 285.000,00
157532|Apartamento de 64m² com 02 quartos sendo 01 suíte - Jardim Palma Travassos|Jardim Palma Travassos|2|2|1|64|R$ 285.000,00
100568|Apartamento - Padrão|Padrão|3|2|1|68|R$ 285.000,00
68573|Apartamento de 44m² com 1 suíte para locação e venda - Jardim Paulista|Jardim Paulista|1|1|1|44|R$ 285.000,00
12719|Apartamento de 86m² com 03 quartos para venda - Vila Virgínia|Vila Virgínia|3|2|1|86|R$ 285.000,00
212720|Apartamento de 57m² com 02 quartos à venda - Ipiranga|Ipiranga|2|1|1|57|R$ 286.000,00
139316|APARTAMENTO NO SUMAREZINHO||3|1|1|103|R$ 286.000,00
243539|Apartamento mobiliado de 31m² com 01 quarto à venda - Ribeirânia|Ribeirânia|1|1|1|31|R$ 287.000,00
214793|Apartamento de 56m² com 01 quarto para locação - Centro|Centro|1|1|1|56|R$ 287.000,00
203984|APARTAMENTO À VENDA NO JARDIM MANOEL PENNA||2|1|1|46|R$ 287.000,00
197435|EXCELENTE APARTAMENTO PARA VENDA NO BAIRRO JARDIM BOTÂNICO||1|1|1|46|R$ 287.000,00
163043|Apartamento de 01 quarto para locação - Centro|Centro|1|1|1|55|R$ 287.000,00
159953|APARTAMENTO NO BAIRRO CITY RIBEIRÃO||2|2|1|52|R$ 287.000,00
99806|Apartamento de 48m² com 01 quarto para locação - Jardim botânico|Jardim botânico|1|1|1|48|R$ 287.000,00
231317|Apartamento com 77 m² 02 quartos à venda - Jardim Paulista|Jardim Paulista|2|2|1|77|R$ 289.000,00
159944|Apartamento - Padrão|Padrão|2|1|1|56|R$ 289.000,00
156251|Apartamento de 47 m² com 02 quartos à venda - Condomínio Mirante Sul.|Condomínio Mirante Sul|2|1|1|47|R$ 289.000,00
72602|Apartamento mobiliado de 46m² com 01 quarto à venda - Jardim Botânico|Jardim Botânico|1|1|1|46|R$ 289.000,00
120938|Apartamento de 40m² com 01 quarto à venda - Jardim Palma Travassos|Jardim Palma Travassos|1|1|1|40|R$ 250.000,00
109340|Apartamento de 40m² com 01 quarto à venda - Jardim Palma Travassos|Jardim Palma Travassos|1|1|1|40|R$ 250.000,00
91022|Apartamento de 48m² com 01 quarto à venda - Centro|Centro|1|1|1|48|R$ 250.000,00
196220|Apartamento de 44m² com 02 quartos à venda - Bonfim Paulista|Bonfim Paulista|2|1|1|44|R$ 255.000,00
153536|Apartamento de 64m² com 02 quartos à venda - Vila Monte Alegre|Vila Monte Alegre|2|2|1|64|R$ 260.000,00
90089|Apartamento de 80m² com 03 quartos para locação - Vila Seixas|Vila Seixas|3|2|1|80|R$ 260.000,00
121259|Apartamento - Padrão|Padrão|2|2|1|70|R$ 270.000,00
204833|Apartamento de 47m² com 02 quartos à venda - Jardim Paulistano|Jardim Paulistano|2|1|1|47|R$ 275.000,00
82118|Apartamento de 02 quartos com 73m² para locação e venda - Centro|Centro|2|2|1|73|R$ 275.000,00
242561|Apartamento térreo de 62m² com quintal e 02 quartos sendo 01 suíte à venda - Lagoinha|Lagoinha|2|2|2|62|R$ 280.000,00
216779|Apartamento de 107m² com 03 quartos à venda - Centro|Centro|3|3|1|107|R$ 285.000,00
245345|Apartamento de 49m² com 02 quartos à venda - Mirante Sul|Mirante Sul|2|1|1|49|R$ 290.000,00
245330|Apartamento de 48m² com 02 quartos à venda - Vila Virginia|Vila Virginia|2|1|1|48|R$ 290.000,00
229445|Apartamento de 45m² com 01 quarto à venda - Nova Aliança|Nova Aliança|1|1|1|45|R$ 290.000,00
226964|Apartamento de 67m² com 02 quartos à venda - Parque dos Bandeirantes|Parque dos Bandeirantes|2|2|2|67|R$ 290.000,00
223811|Apartamento de 46m² com 02 quartos à venda - Reserva Flor de Lotus|Reserva Flor de Lotus|2|1|1|46|R$ 290.000,00
221336|Apartamento de 53m² com 02 quartos sendo 01 suíte à venda - Reserva Sul Condomínio|Reserva Sul Condomínio|2|2|1|53|R$ 290.000,00
220088|Apartamento de 40m² com 02 quartos à venda - Recreio das Acácias|Recreio das Acácias|2|1|1|40|R$ 290.000,00
217091|Apartamento de 47m² com 02 quartos à venda - Ipiranga|Ipiranga|2|1|1|47|R$ 290.000,00
215450|Apartamento de 53m² com 02 quartos para locação - Jardim Zara|Jardim Zara|2|1|1|53|R$ 290.000,00
208448|Apartamento de 43m² com 02 quartos para locação e venda - Reserva Macaúba|Reserva Macaúba|2|1|1|43|R$ 290.000,00
203696|Apartamento de 74m² com 02 quartos - Residencial Florida|Residencial Florida|2|2|1|74|R$ 290.000,00
203165|Apartamento de 02 quartos à venda - Sumarezinho|Sumarezinho|2|1|1|55|R$ 290.000,00
198602|APARTAMENTO NO JARDIM PAULISTA||2|1|1|74|R$ 290.000,00
195833|Apartamento de 40m² com 02 quartos para locação - Recreio das Acácias|Recreio das Acácias|2|1|1|40|R$ 290.000,00
195224|BELISSIMO APARTAMENTO NA ZONA SUL||2|2|1|53|R$ 290.000,00
194993|Apartamento de 66m² com 02 quartos à venda - Residencial e Comercial Palmares|Residencial e Comercial Palmares|2|2|1|66|R$ 290.000,00
189368|Apartamento duplex de 92m² com 03 quartos - Vila Recreio|Vila Recreio|3|2|1|92|R$ 290.000,00
182927|Apartamento de 49m² com 02 quartos - Santa Marta|Santa Marta|2|2|1|49|R$ 290.000,00
176690|Apartamento de 66m² com 03 quartos á venda - Jardim Paulista|Jardim Paulista|3|2|1|66|R$ 290.000,00
174935|Apartamento de 47m² com 02 quartos à venda - Jardim Paulistano|Jardim Paulistano|2|1|1|47|R$ 290.000,00
174488|APARTAMENTO NO JARDIM PAULISTANO||2|2|2|74|R$ 290.000,00
169157|Apartamento de 50m² com 02 quartos à venda - Jardim Anhanguera|Jardim Anhanguera|2|1|1|50|R$ 290.000,00
168893|APARTAMENTO NOVO NO MONTE ALEGRE||2|2|1|58|R$ 290.000,00
163541|Apartamento com 75m² com 2 quartos à venda - Centro|Centro|2|2|1|75|R$ 290.000,00
163403|Apartamento de 46m² com 02 quartos - Reserva do sul|Reserva do sul|2|1|1|46|R$ 290.000,00
162701|Apartamento de 96m² com 03 quartos para venda - Jardim Paulista|Jardim Paulista|3|2|1|96|R$ 290.000,00
159353|APARTAMENTO PRÓXIMO À AVENIDA INDEPENDÊNCIA||1|2|1|73|R$ 290.000,00
156578|Apartamento - Padrão|Padrão|2|1|1|52|R$ 290.000,00
156548|Apartamento de 50m² com 01 quarto para venda - Jardim Anhangüera|Jardim Anhangüera|1|1|1|50|R$ 290.000,00
150851|APARTAMENTO NO CENTRO PRÓXIMO À CATEDRAL||2|3|1|99|R$ 290.000,00
147116|Apartamento 76m² com 03 quartos à venda - Presidente Médici|Presidente Médici|3|1|1|76|R$ 290.000,00
144926|APARTAMENTO LINDO PRÓXIMO À AVENIDA CARAMURU||2|2|1|96|R$ 290.000,00
142154|APARTAMENTO PRÓXIMO À UNIVERSIDADE BARÃO DE MAUÁ||3|2|1|96|R$ 290.000,00
124469|Apartamento de 66m² com 03 quartos sendo 01 suíte para venda - Parque Industrial Lagoinha|Parque Industrial Lagoinha|3|2|1|66|R$ 290.000,00
121262|Apartamento de 75m² com 03 quartos para locação - Jardim Zara|Jardim Zara|3|2|1|75|R$ 290.000,00
117227|Apartamento - Padrão|Padrão|3|3|1|100|R$ 290.000,00
115202|Apartamento de 03 quartos para locação - Jd. Castelo Branco|Jd Castelo Branco|3|2|1|68|R$ 290.000,00
105092|Apartamento - Padrão|Padrão|3|2|1|98|R$ 290.000,00
104606|Apartamento - Padrão|Padrão|2|2|1|80|R$ 290.000,00
101267|APARTAMENTO NO RESIDENCIAL FLÓRIDA||2|2|1|73|R$ 290.000,00
101264|APARTAMENTO PRÓXIMO AO RIBEIRÃO SHOPPING||2|2|1|65|R$ 290.000,00
101132|Apartamento - Padrão|Padrão|3|2|1|90|R$ 290.000,00
94250|Apartamento de 54m² com 2 quartos - Jardim São Luiz|Jardim São Luiz|2|1|1|54|R$ 290.000,00
85160|APARTAMENTO 41m², 1 DORMITÓRIO MOBILIADO, NO JARDIM NOVA ALIANÇA||1|1|1|41|R$ 290.000,00
64559|APARTAMENTO NO JARDIM FLORIDA||3|1|1|65|R$ 290.000,00
64493|Apartamento - Padrão|Padrão|3|2|1|96|R$ 290.000,00
18797|Apartamento - Padrão|Padrão|3|1|1|116|R$ 290.000,00
104909|Apartamento de 63 m² com 02 quartos - Jardim São José.|Jardim São José|2|1|2|63|R$ 320.000,00
205598|Apartamento térreo de 48m² com 02 quartos à venda - Jardim Heitor Rigon|Jardim Heitor Rigon|2|1|1|48|R$ 148.400,00
205568|Apartamento de 43m² com 02 quartos à venda - Reserva Macaúba|Reserva Macaúba|2|1|1|43|R$ 202.200,00
137237|Apartamento de 43m² com 02 quartos à venda - Vila Guiomar|Vila Guiomar|2|1|1|43|R$ 205.000,00
156458|Apartamento de 40m² com 01 quarto para locação - Jardim Palma Travassos|Jardim Palma Travassos|1|1|1|40|R$ 270.000,00
110072|Apartamento de 49m² com 02 quartos à venda - Campos Elíseos|Campos Elíseos|2|1|1|49|R$ 280.000,00
237884|Apartamento de 01 quarto para locação - Bosque das Juritis|Bosque das Juritis|1|1|1|40|R$ 285.000,00
144713|Apartamento de 48,73m² com 02 quartos à venda - Jardim Paulista|Jardim Paulista|2|1|1|73|R$ 285.000,00
242936|Apartamento de 58m² com 02 quartos à venda - Residencial Parque dos Servidores|Residencial Parque dos Servidores|2|2|1|58|R$ 295.000,00
236462|Apartamento mobiliado de 62m² com 02 quartos à venda - Vila Maria Luiza|Vila Maria Luiza|2|2|1|62|R$ 295.000,00
212390|Apartamento de 44m² com 01 quarto à venda - Nova Ribeirânia|Nova Ribeirânia|1|1|1|44|R$ 295.000,00
177791|Apartamento de 48m² com 02 quartos à venda - Vila Maria Luiza|Vila Maria Luiza|2|1|1|48|R$ 295.000,00
166385|APARTAMENTO NO PARQUE DOS LAGOS||2|2|2|53|R$ 295.000,00
106370|Apartamento duplex de 60m² com 01 quarto - Jardim Palma Travassos|Jardim Palma Travassos|1|2|1|60|R$ 295.000,00
193250|Apartamento de 48m² com 02 quartos à venda - Quintas de São José|Quintas de São José|2|1|1|48|R$ 296.000,00
157514|Apartamento de 63m² com 02 quartos à venda - Ipiranga|Ipiranga|2|2|1|63|R$ 296.000,00
118016|Apartamento - Padrão|Padrão|2|2|1|66|R$ 296.000,00
235991|Apartamento de 47m² com 02 quartos à venda - Quinta da Primavera|Quinta da Primavera|2|1|1|47|R$ 286.000,00
89549|Apartamento de 77m² com 02 quartos à venda - Jardim Antártica|Jardim Antártica|2|2|1|77|R$ 296.800,00
165665|Apartamento de 61m² com 02 quartos sendo 01 suite à venda - Residencial e Comercial Palmares|Residencial e Comercial Palmares|2|2|1|61|R$ 275.000,00
157610|APARTAMENTO PRÓXIMO À AVENIDA DOUTOR FRANCISCO JUNQUEIRA||3|3|1|111|R$ 286.000,00
239579|Apartamento térreo com quintal de 48m² com 02 quartos à venda - Bonfim Paulista|Bonfim Paulista|2|1|1|48|R$ 297.000,00
218723|Apartamento mobiliado de 44m² com 01 quarto à venda - Nova Aliança|Nova Aliança|1|1|1|44|R$ 297.000,00
203393|APARTAMENTO NO BAIRRO JARDIM ANHANGUERA||2|1|1|50|R$ 297.000,00
163334|APARTAMENTO PRÓXIMO À RODOVIA ANTÔNIO MACHADO SANTANNA||2|1|1|46|R$ 297.000,00
162845|APARTAMENTO PRÓXIMO À AVENIDA TREZE DE MAIO||3|2|1|87|R$ 297.000,00
162338|Apartamento de 126m² com 03 quartos para locação e venda - Residencial e Comercial Palmares|Residencial e Comercial Palmares|3|2|1|126|R$ 297.000,00
148415|Apartamento de 89m² com 03 quartos à venda - Centro|Centro|3|2|1|89|R$ 297.000,00
146186|APARTAMENTO PRÓXIMO À AVENIDA LUÍS GALVÃO CÉSAR||2|1|1|56|R$ 297.000,00
91307|APARTAMENTO PRÓXIMO À AVENIDA BRAZ OLAIA ACOSTA||1|2|1|41|R$ 297.000,00
195551|APARTAMENTO COM VARANDA GOURMET NA ZONA SUL||2|1|1|47|R$ 297.890,00
140588|Apartamento de 37m² com 01 quarto à venda - Nova Aliança|Nova Aliança|1|1|1|37|R$ 253.000,00
201695|Apartamento de 92m² com 3 quartos à venda - Vila Seixas|Vila Seixas|3|2|1|92|R$ 280.000,00
220292|Apartamento de 95m² com 02 quartos à venda - Vila Seixas|Vila Seixas|2|2|1|95|R$ 298.000,00
214409|Apartamento de 84m² com 03 quartos para locação e venda - Residencial Greenville|Residencial Greenville|3|2|1|84|R$ 298.000,00
135734|Apartamento de 60m² com 02 quartos para venda - Jardim Botânico|Jardim Botânico|2|2|1|60|R$ 298.000,00
100496|APARTAMENTO PRÓXIIMO À UNIP||1|1|1|46|R$ 298.000,00
142340|Apartamento de 56m² com 02 quartos à venda - Alto do Ipiranga|Alto do Ipiranga|2|1|1|56|R$ 270.000,00
159737|Apartamento de 81m² com 02 quarto à venda - Sumarezinho|Sumarezinho|2|1|1|81|R$ 285.000,00
231794|Apartamento de 52m² com 02 quartos para locação venda - Loteamento Santa Marta|Loteamento Santa Marta|2|2|1|52|R$ 289.900,00
239339|Apartamento de 76m² com 02 quartos à venda - Residencial Flórida|Residencial Flórida|2|2|1|76|R$ 299.000,00
235916|Apartamento 56m² com 03 quartos á venda - Planalto Verde|Planalto Verde|3|1|1|56|R$ 299.000,00
178787|Lançamento em Bonfim Paulista! Montverde Residencial||2|1|1|55|R$ 299.000,00
178781|Lançamento em Bonfim Paulista! Montverde Residencial||2|1|1|55|R$ 299.000,00
134831|Apartamento de 72m² com 03 quartos para venda e locação - Presidente Médici|Presidente Médici|3|2|1|72|R$ 299.000,00
195545|APARTAMENTO COM VARANDA GOURMET NA ZONA SUL||2|1|1|47|R$ 299.657,00
191030|Apartamento de 86m² com 2 quartos - Nova Ribeirânia|Nova Ribeirânia|2|2|1|86|R$ 290.000,00
170486|Apartamento mobiliado de 39m² com 01 quarto para locação e venda - Jardim Sumaré|Jardim Sumaré|1|1|1|39|R$ 500.000,00
207287|Apartamento de 54m² com 02 quartos para locação e venda - Campos Elíseos|Campos Elíseos|2|1|1|54|R$ 360.000,00
231983|Apartamento de 71m² com 02 quartos para locação e venda - Bosque das Juritis|Bosque das Juritis|2|2|2|71|R$ 520.000,00
231986|Apartamento de 71m² com 02 quartos à venda - Bosque das Juritis|Bosque das Juritis|2|2|2|71|R$ 530.000,00
187451|Apartamento de 59m² com 02 quartos para locação e venda - Ribeirânia|Ribeirânia|2|2|1|59|R$ 450.000,00
239279|Apartamento de 59m² com 02 quartos para locação e venda - Residencial Taiwan|Residencial Taiwan|2|1|1|59|R$ 480.000,00
39398|Apartamento 146m² com 03 quartos para locação e venda - Jardim Macedo|Jardim Macedo|3|2|1|146|R$ 499.000,00
238337|Apartamento de 75m² com 03 quartos para locação e venda - Presidente Médici|Presidente Médici|3|2|1|75|R$ 520.000,00
62978|Apartamento de 156m² com 04 quartos para venda e locação- Centro|Centro|4|4|2|156|R$ 750.000,00
245165|Apartamento de 367m² com 04 suítes à venda - Jardim Ilhas do Sul|Jardim Ilhas do Sul|4|5|2|367|R$ 3.000.000,00
245162|Apartamento de 367m² com 04 suítes à venda - Jardim Ilhas do Sul|Jardim Ilhas do Sul|4|5|2|367|R$ 3.000.000,00
228680|Apartamento de 367m² com 04 suítes à venda - Jardim Ilhas do Sul|Jardim Ilhas do Sul|4|7|4|367|R$ 3.000.000,00
228677|Apartamento de 367m² com 04 suítes à venda - Jardim Ilhas do Sul|Jardim Ilhas do Sul|4|7|4|367|R$ 3.000.000,00
228674|Apartamento de 367m² com 04 suítes à venda - Jardim Ilhas do Sul|Jardim Ilhas do Sul|4|7|4|367|R$ 3.000.000,00
228668|Apartamento de 367m² com 04 suítes à venda - Jardim Ilhas do Sul|Jardim Ilhas do Sul|4|7|4|367|R$ 3.000.000,00
168869|Apartamento de 367m² com 04 suítes à venda - Jardim Ilhas do Sul|Jardim Ilhas do Sul|4|7|4|367|R$ 3.000.000,00
128372|Apartamento de 310m² com 04 quartos à venda - Jardim Botânico|Jardim Botânico|4|7|2|310|R$ 3.040.000,00
224069|Apartamento de 461m² com 04 suítes à venda - Ilhas do Sul|Ilhas do Sul|4|7|5|461|R$ 3.090.000,00
168629|Apartamento de 107m² com 02 quartos para locação e venda - Centro|Centro|2|2|1|107|R$ 380.000,00
231116|Apartamento de 173m² com 04 quartos para venda e locação - Centro|Centro|4|5|2|173|R$ 850.000,00
229205|Apartamento de 39m² com 01 quarto para locação e venda - Jardim Sumaré|Jardim Sumaré|1|1|1|39|R$ 455.000,00
101651|Apartamento de 146m² com 03 suítes para locação e venda - Jardim São Luiz|Jardim São Luiz|4|5|2|146|R$ 850.000,00
231989|Apartamento de 71m² com 02 quartos à venda - Bosque das Juritis|Bosque das Juritis|2|2|2|71|R$ 620.000,00
52829|Apartamento de 156m² com 03 quartos para locação e venda - Centro|Centro|3|5|2|156|R$ 1.038.000,00
108599|Apartamento de 76m² com 02 suítes para locação e venda - Jardim Botânico|Jardim Botânico|2|3|2|76|R$ 520.000,00
239450|Apartamento de 92m² com 02 quartos para venda e locação - Jardim Botânico|Jardim Botânico|2|2|1|92|R$ 459.000,00
231425|Apartamento de 71m² com 03 quartos para venda e locação - Ribeirânia|Ribeirânia|2|2|2|71|R$ 600.000,00
201467|Apartamento de 62m² com 02 quartos sendo 01 suíte para locação e venda - Jardim Botânico|Jardim Botânico|2|2|1|62|R$ 660.000,00
234083|Apartamento de 57m² com 02 quartos para locação e venda - Jardim Califórnia|Jardim Califórnia|2|1|2|57|R$ 689.000,00
197975|Apartamento de 209m² com 04 suítes à venda - Centro|Centro|4|5|2|209|R$ 850.000,00
230885|Apartamento de 367m² com 04 suítes à venda - Ilhas do Sul Localizado próximo à Av. Dep. Sérgio Cardoso de Almeida, Kauai Sports Restaurante, Colégio Pequeno Príncipe e diversos comércios.|Ilhas do Sul Localizado próximo à Av Dep Sérgio Cardoso de Almeida Kauai Sports Restaurante Colégio Pequeno Príncipe e diversos comércios|4|6|4|367|R$ 3.100.000,00
217784|Apartamento de 102m² com 03 quartos para locação - Parque Bandeirantes|Parque Bandeirantes|3|2|2|102|R$ 350.000,00
143582|Apartamento de 348m² com 04 suítes para venda e locação - Morro do Ipê|Morro do Ipê|4|6|4|348|R$ 3.360.000,00
233405|Apartamento de 111m² com 03 quartos sendo 01 suíte para locação - Nova Aliança|Nova Aliança|3|4|2|111|R$ 795.000,00
224516|Apartamento de 367m² com 04 suítes à venda - Jardim Ilhas do Sul|Jardim Ilhas do Sul|4|7|4|367|R$ 3.000.000,00
233339|Apartamento de 132m² com 03 quartos para venda e locação - Jardim Botânico|Jardim Botânico|3|4|2|132|R$ 680.000,00
203759|Apartamento de 314m² com 04 quartos para locação e venda - Centro|Centro|4|4|4|314|R$ 1.060.000,00
87545|Apartamento de83m² com 02 quartos -Vila Tibério|Vila Tibério|2|1|1|83|R$ 360.000,00
197567|Apartamento de 03 quartos para locação e venda - Centro|Centro|3|1|1|113|R$ 450.000,00
181547|Apartamento de 133m² com 03 quartos para locação e venda - Centro|Centro|3|4|2|133|R$ 480.000,00
231908|Apartamento de 55m² com 02 quartos para venda e locação - City Ribeirão|City Ribeirão|2|1|2|55|R$ 530.000,00
55031|Apartamento de 107m² com 03 quartos, sendo 01 suíte para venda e locação - Jardim Paulista|Jardim Paulista|3|3|2|107|R$ 530.000,00
242465|Apartamento de 60m² com 02 quartos para venda e locação - Residencial Taiwan|Residencial Taiwan|2|2|1|60|R$ 580.000,00
141215|Apartamento de 85m² com 03 quartos sendo 01 suíte para locação - Bonfim Paulista|Bonfim Paulista|3|2|2|85|R$ 650.000,00
225698|Apartamento de 95m² com 03 quartos para venda e locação - Jardim Canadá|Jardim Canadá|3|3|2|95|R$ 640.000,00
94349|Apartamento de 90m² com 03 quartos para locação e venda - Nova Aliança|Nova Aliança|3|2|2|90|R$ 720.000,00
239642|Apartamento de 51m² com 01 quarto para venda e locação - Jardim Irajá|Jardim Irajá|1|1|1|51|R$ 750.000,00
239639|Apartamento de 51m² com 01 quarto para venda e locação - Jardim Irajá|Jardim Irajá|1|1|1|51|R$ 750.000,00
95819|Apartamento de 107m² com 03 quartos para locação e venda - Jardim paulista|Jardim paulista|3|4|2|107|R$ 750.000,00
205520|Apartamento de 62m² com 02 quartos para locação e venda - Jardim Botânico|Jardim Botânico|2|2|2|62|R$ 780.000,00
240629|Apartamento de 158m² com 03 quartos para locação e venda - Centro|Centro|3|4|2|158|R$ 800.000,00
83384|Apartamento de 95m² com 03 quartos para locação e venda - Jardim Botânico|Jardim Botânico|3|2|2|95|R$ 800.000,00
44321|Apartamento 148m² com 04 quartos para locação e venda - Santa Cruz do José Jacques|Santa Cruz do José Jacques|4|5|3|148|R$ 774.000,00
207344|Apartamento de 196m² com 03 quartos - Santa Cruz José Jacques|Santa Cruz José Jacques|3|5|3|196|R$ 850.000,00
169259|Apartamento de 376m² com 04 suítes à venda - Jardim Ilhas do Sul|Jardim Ilhas do Sul|4|7|5|376|R$ 3.500.000,00
225473|Apartamento de 45m² com 01 quarto para locação e venda - Vila do Golfe|Vila do Golfe|1|1|1|45|R$ 425.000,00
108071|Apartamento de 132m² com 03 quartos para locação e venda - Jardim Botânico|Jardim Botânico|3|4|2|132|R$ 700.000,00
230417|Apartamento com 140m² com 03 quartos à venda - Nova Aliança|Nova Aliança|3|3|2|140|R$ 600.000,00
61076|Apartamento de 78m² 03 quartos para locação e venda - Nova Aliança|Nova Aliança|3|3|2|78|R$ 600.000,00
236228|Apartamento de 64m² com 02 quartos sendo 01 suíte para locação e venda - Quinta da Primavera|Quinta da Primavera|2|2|1|64|R$ 690.000,00
201761|Apartamento de m² com 02 quartos sendo 01 suíte para locação e venda - Ribeirânia|Ribeirânia|2|2|1|70|R$ 640.000,00
236267|Apartamento de 82m² com 02 quartos para locação - Alamedas do Botânico|Alamedas do Botânico|3|2|1|82|R$ 750.000,00
119750|Apartamento de 131m² com 04 quartos para locação e venda - Jardim Irajá|Jardim Irajá|4|4|2|131|R$ 900.000,00
216473|Apartamento de 381m² com 05 quartos sendo 04 suítes à venda - Vila do Golf|Vila do Golf|5|6|5|381|R$ 3.700.000,00
206243|Apartamento de 376m² com 04 suítes à venda - Jardim Olhos Dágua|Jardim Olhos Dágua|4|6|5|376|R$ 3.750.000,00
231716|Apartamento de 173m² com 03 quartos para venda - Centro|Centro|3|4|1|173|R$ 848.000,00
48791|Apartamento de 114m² com 03 quartos sendo 01 suíte para locação e venda - Jardim Irajá|Jardim Irajá|3|3|2|114|R$ 800.000,00
213824|Apartamento de 69m² com 01 suíte para locação e venda - Jardim Olhos D`Água|Jardim Olhos DÁgua|1|2|1|69|R$ 792.000,00
232148|Apartamento de 63m² com 01 suíte para venda e locação - Nova Aliança|Nova Aliança|1|2|1|63|R$ 800.000,00
122342|Apartamento de 106 m² com 03 quartos - locação e venda - Santa Cruz do José Jacques|locação e venda Santa Cruz do José Jacques|3|2|2|106|R$ 575.000,00
61085|KITNET NO CENTRO||1|1|1|34|R$ 140.000,00
209303|Apartamento de 42m² com 02 quartos para venda - Jardim Itaú|Jardim Itaú|2|1|1|42|R$ 160.000,00
133568|APARTAMENTO NO BAIRRO JARDIM INDEPENDÊNCIA||2|1|1|59|R$ 160.000,00
242777|Apartamento de 40m² com 02 quartos à venda - Jardim Itaú|Jardim Itaú|2|1|1|40|R$ 240.000,00
221366|Apartamento de 47m² com 02 quartos para locação - City Ribeirão|City Ribeirão|2|1|1|47|R$ 240.000,00
156839|Apartamento de 44m² com 02 quartos para locação - Quintas de São José|Quintas de São José|2|1|1|44|R$ 240.000,00
137810|Apartamento de 46m² com 02 quartos para venda e locação - Condomínio Mirante Sul|Condomínio Mirante Sul|2|1|1|46|R$ 244.000,00
151535|Apartamento de 60m² com 02 quartos à venda - Vila Tamandaré|Vila Tamandaré|2|2|1|60|R$ 250.000,00
232412|Apartamento 49m² com 02 quartos à venda - Parque Industrial Lagoinha|Parque Industrial Lagoinha|2|2|1|49|R$ 255.000,00
224735|Apartamento de 58m² com 03 quartos sendo 01 suíte à venda - Alto da Boa Vista|Alto da Boa Vista|3|2|1|58|R$ 260.000,00
141287|Apartamento de 48m² com 02 quartos à venda - Condomínio Mirante Sul|Condomínio Mirante Sul|2|1|1|48|R$ 260.000,00
237290|Apartamento de 82m² com 03 quartos para e venda - Nova Ribeirânia|Nova Ribeirânia|3|2|1|82|R$ 265.000,00
203570|APARTAMENTO NO BAIRRO JARDIM ANHANGUERA||3|2|1|100|R$ 270.000,00
203567|APARTAMENTO NO BAIRRO JARDIM ANHANGUERA||3|2|1|90|R$ 270.000,00
154520|Apartamento térreo de 69m² com 2 quartos à venda no Residencial Palmares||2|2|1|69|R$ 270.000,00
64490|Apartamento de 72m² com 03 quartos à venda - Presidente Médici|Presidente Médici|3|1|1|72|R$ 270.000,00
214496|Apartamento de 50m² com 01 suíte à venda - Jardim Nova Aliança|Jardim Nova Aliança|1|1|1|50|R$ 276.000,00
239630|Apartamento mobiliado com 51m² com 02 quartos à venda - Jardim Anhanguera|Jardim Anhanguera|2|1|1|51|R$ 280.000,00
197945|APARTAMENTO NO IPIRANGA||2|1|1|47|R$ 280.000,00
190085|Apartamento térreo com 72m² com 3 quartos à venda - Jardim Palmares|Jardim Palmares|3|2|2|72|R$ 280.000,00
180770|APARTAMENTO NO JARDIM ZARA||3|2|1|73|R$ 285.000,00
161789|Apartamento de 72m² com 02 quartos à venda - Centro|Centro|2|1|1|72|R$ 285.000,00
147446|Apartamento térreo de 63m² com 02 quartos à venda - Parque dos Bandeirantes|Parque dos Bandeirantes|2|2|2|63|R$ 285.000,00
244256|Apartamento de 40m² com 02 quartos para locação e venda - Reserva São José|Reserva São José|2|1|1|40|R$ 290.000,00
217985|Apartamento térreo de 104m² com 03 quartos à venda - Campos Elíseos|Campos Elíseos|3|2|1|104|R$ 290.000,00
152834|APARTAMENTO EXCELENTE NO CENTRO, 2 DORMITÓRIOS, SENDO 1 SUÍTE, VARANDA E VAGA, EM ÓTIMO CONDOMÍNIO, COM LAZER E SEGURANÇA 24 HORAS||2|2|1|99|R$ 290.000,00
144452|Apartamento de 95m² com 03 Quartos - Centro|Centro|3|2|1|95|R$ 290.000,00
124217|Apartamento de 60m² com 02 quartos - Jardim Paulista|Jardim Paulista|2|1|1|60|R$ 290.000,00
83609|Apartamento de 96m² com 3 quartos à venda - Jardim Paulistano|Jardim Paulistano|3|2|2|96|R$ 290.000,00
25841|Apartamento de 82m² com 03 quartos - Jardim Palma Travassos|Jardim Palma Travassos|3|2|2|82|R$ 290.000,00
214622|Apartamento de 83m² com 02 quartos à venda - Jardim Irajá|Jardim Irajá|2|1|1|83|R$ 295.000,00
24359|Apartamento de 122m² com 03 quartos á venda - Campos Elíseos|Campos Elíseos|3|2|1|122|R$ 295.000,00
132023|Apartamento de 60m² com 03 quartos à venda no Jardim Palma Travassos||3|2|2|60|R$ 299.000,00
244790|Apartamento de 92m² com 03 quartos à venda - Centro|Centro|3|3|1|92|R$ 300.000,00
244343|Apartamento de 47m² com 02 quartos à venda - Reserva São José|Reserva São José|2|1|1|47|R$ 300.000,00
242618|Apartamento Térreo de 101m² com 03 quartos para venda - Jardim Irajá|Jardim Irajá|3|2|1|101|R$ 300.000,00
241715|Apartamento 40m² com 02 quartos á venda - Planalto Verde|Planalto Verde|2|1|1|40|R$ 300.000,00
241499|Apartamento de 105m² com 03 quartos sendo 01 suíte à venda - Ipiranga|Ipiranga|3|2|1|105|R$ 300.000,00
238484|Apartamento de 85m² com 02 quartos à venda - Centro|Centro|2|3|1|85|R$ 300.000,00
237185|Apartamento de 60m² com 02 quartos à venda - Jardim Mosteiro|Jardim Mosteiro|2|1|1|60|R$ 300.000,00
235067|Apartamento de 76 m² com 03 quartos - Presidente Médici|Presidente Médici|3|1|1|76|R$ 300.000,00
234776|Apartamento de 47m² com 02 quaros para locação - Reserva São José|Reserva São José|2|1|1|47|R$ 300.000,00
233939|Apartamento de 57m² com 02 quartos á venda - Residencial e Comercial Palmares|Residencial e Comercial Palmares|2|2|1|57|R$ 300.000,00
232097|Apartamento de 96m², semi mobiliado, com 3 quartos sendo 01 suíte - Jardim Paulistano|Jardim Paulistano|3|2|2|96|R$ 300.000,00
230993|Apartamento de 62m² com 03 quartos à venda no Jardim Palma Travassos||3|2|1|62|R$ 300.000,00
227960|Apartamento térreo de 58m² com 02 quartos à venda - Parque dos Lagos|Parque dos Lagos|2|2|1|58|R$ 300.000,00
226856|Apartamento de 47m² com 02 quartos à venda - Jardim Paulistano|Jardim Paulistano|2|1|1|47|R$ 300.000,00
222944|Apartamento de 58m² com 02 quartos para locação e venda - Parque dos Lagos|Parque dos Lagos|2|2|1|58|R$ 300.000,00
221321|Apartamento de 51m² com 02 quartos à venda - Jardim Manoel Penna|Jardim Manoel Penna|2|1|1|51|R$ 300.000,00
220079|Apartamento de 99m² com 03 quartos à venda - Jardim Paulista|Jardim Paulista|3|2|2|99|R$ 300.000,00
219224|Apartamento de 52m² com 02 quartos à venda - Jardim Anhanguera|Jardim Anhanguera|2|1|1|52|R$ 300.000,00
218612|Apartamento de 57m² com 02 quartos para locação - Ipiranga|Ipiranga|2|1|1|57|R$ 300.000,00
214895|Apartamento de 48m² com 02 quartos à venda - Vila Maria Luiza|Vila Maria Luiza|2|1|2|48|R$ 300.000,00
214427|Apartamento de 58m² com 02 quartos à venda - Loteamento Santa Marta|Loteamento Santa Marta|2|2|1|58|R$ 300.000,00
210707|Apartamento de 39m² com 01 quarto para locação e venda - Nova Aliança|Nova Aliança|1|1|1|39|R$ 300.000,00
210428|Apartamento de 47m² com 01 quarto à venda - Vila Seixas|Vila Seixas|1|1|1|47|R$ 300.000,00
207914|Apartamento de 82m² com 03 quartos - Jardim Palma Travassos|Jardim Palma Travassos|3|2|1|82|R$ 300.000,00
206240|Apartamento duplex de 78m² com 01 suíte à venda - Jardim São Luiz|Jardim São Luiz|1|2|1|78|R$ 300.000,00
205493|Apartamento de 74m² com 03 quartos à venda - Residencial e Comercial Palmares|Residencial e Comercial Palmares|3|2|1|74|R$ 300.000,00
205355|Apartamento de 47m² com 02 quartos à venda - Chácaras Pedro Corrêa de Carvalho|Chácaras Pedro Corrêa de Carvalho|2|1|1|47|R$ 300.000,00
202610|Apartamento de 78m² com 03 quartos à venda - Jardim Zara|Jardim Zara|3|2|1|78|R$ 300.000,00
201389|Apartamento de 02 quartos para venda - Jardim Irajá|Jardim Irajá|2|2|1|65|R$ 300.000,00
196277|APARTAMENTO NO JARDIM PAULISTA||2|1|1|0|R$ 300.000,00
193709|APARTAMENTO PRÓXIMO A CASTELO BRANCO||3|1|1|75|R$ 300.000,00
187004|Apartamento de 36m² com 01 quarto à venda - Vila Ana Maria|Vila Ana Maria|1|1|1|36|R$ 300.000,00
182615|APARTAMENTO PRÓXIMO À AVENIDA DOUTOR FRANCISCO JUNQUEIRA||3|2|1|109|R$ 300.000,00
177203|APARTAMENTO NO CENTRO||3|3|1|92|R$ 300.000,00
176252|APARTAMENTO NA VILA MONTE ALEGRE||3|2|1|77|R$ 300.000,00
174980|Apartamento de 54m² com 02 quartos à venda - Parque Industrial Lagoinha|Parque Industrial Lagoinha|2|1|1|54|R$ 300.000,00
170303|Apartamento de 92m² com 03 quartos para locação - Jardim Sumaré|Jardim Sumaré|3|3|1|92|R$ 300.000,00
169934|APARTAMENTO MOBILIADO NO IGUATEMI||1|1|1|40|R$ 300.000,00
169838|Apartamento para venda com 3 quartos - Pres. Medici|Pres Medici|3|1|1|75|R$ 300.000,00
168827|Apartamento mobiliado de 02 quartos para locação - Manoel Penna|Manoel Penna|2|1|1|46|R$ 300.000,00
168785|Apartamento de 01 quarto para venda - Bosque das Juritis|Bosque das Juritis|1|1|1|39|R$ 300.000,00
168572|Apartamento de 62m² com 02 quartos para locação e venda - Vila Maria Luiza|Vila Maria Luiza|2|2|1|62|R$ 300.000,00
165680|Apartamento a venda de 45m² com 02 quartos à venda - Jardim Antártica|Jardim Antártica|2|1|1|45|R$ 300.000,00
165314|Apartamento de 44m² com 02 quartos à venda - Quintas de São José|Quintas de São José|2|1|1|44|R$ 300.000,00
163157|Apartamento de 50m² com 02 quartos para locação - Jardim Paulistano|Jardim Paulistano|2|1|1|50|R$ 300.000,00
161603|APARTAMENTO PRÓXIMO À AVENIDA CASTELO BRANCO||3|2|2|72|R$ 300.000,00
161348|Apartamento de 84m² com 03 quartos - Ipiranga|Ipiranga|3|2|1|84|R$ 300.000,00
161231|Apartamento de 48m² com 02 quartos à venda - Jardim Paulistano|Jardim Paulistano|2|1|1|48|R$ 300.000,00
158195|Apartamento de 72m² com 03 quartos para venda - Presidente Médici|Presidente Médici|3|1|1|72|R$ 300.000,00
153569|Apartamento de 70m² com 03 quartos à venda - Planalto Verde|Planalto Verde|3|2|1|70|R$ 300.000,00
153260|Apartamento de 96m² com 03 quartos à venda - Jardim Paulista|Jardim Paulista|3|2|1|96|R$ 300.000,00
151754|APARTAMENTO PRÓXIMO À AVENIDA NOVE DE JULHO||1|1|1|48|R$ 300.000,00
150026|APARTAMENTO EDIFICIO PARAQUE DOS BANDEIRANTES||3|1|1|92|R$ 300.000,00
141005|APARTAMENTO PRÓXIMO À UNAERP||3|2|1|84|R$ 300.000,00
136988|Apartamento de 76m² com 03 quartos - Jardim Palma Travassos|Jardim Palma Travassos|3|2|1|76|R$ 300.000,00
136538|APARTAMENTO NO JARDIM PAULISTANO||2|3|1|0|R$ 300.000,00
130448|Apartamento de 92m² com 03 quartos à venda - Jardim Sumaré|Jardim Sumaré|3|2|1|92|R$ 300.000,00
126080|APARTAMENTO NO RESIDENCIAL PALMARES||2|2|1|90|R$ 300.000,00
126077|Apartamento de 02 quartos - Residencial Palmares|Residencial Palmares|2|2|1|90|R$ 300.000,00
121025|Apartamento de 40m² com 01 quarto à venda - Bosque dos Juritis|Bosque dos Juritis|1|1|1|40|R$ 300.000,00
120692|Apartamento - Padrão|Padrão|2|2|1|70|R$ 300.000,00
120215|APARTAMENTO PRÓXIMO À AVENIDA MEIRA JÚNIOR||2|2|1|83|R$ 300.000,00
119978|Apartamento de 55m com 01 quarto - Centro|Centro|1|1|1|55|R$ 300.000,00
119150|Aparamento de 45m² com 01 quarto à venda - Nova Aliança|Nova Aliança|1|1|1|45|R$ 300.000,00
119126|Aparamento de 45m² com 01 quarto à venda - Nova Aliança|Nova Aliança|1|1|1|45|R$ 300.000,00
119120|Aparamento de 45m² com 01 quarto à venda - Nova Aliança|Nova Aliança|1|1|1|45|R$ 300.000,00
118925|APARTAMENTO PRÓXIMO À AVENIDA DO CAFÉ||3|2|1|84|R$ 300.000,00
116492|Apartamento - Padrão|Padrão|2|1|1|76|R$ 300.000,00
116132|Apartamento de 86m² com 02 quartos à venda - 516,98|"51698"|3|2|1|86|R$ 300.000,00
113399|EXCELENTE APARTAMENTO PARA LOCAÇÃO NO BAIRRO JARDIM ANTÁRTICA||2|2|2|85|R$ 300.000,00
112700|APARTAMENTO NO SUMAREZINHO||2|2|1|65|R$ 300.000,00
112508|APARTAMENTO PRÓXIMO À AVENIDA CARAMURU||2|2|1|78|R$ 300.000,00
106409|APARTAMENTO NA CITY||1|1|1|60|R$ 300.000,00
105407|Apartamento - Padrão|Padrão|3|2|1|0|R$ 300.000,00
99869|Apartamento de 01 quarto para locação - Nova Aliança|Nova Aliança|1|1|1|45|R$ 300.000,00
97877|APARTAMENTO NO JARDIM NOVA ALIANÇA||1|1|1|48|R$ 300.000,00
96665|Apartamento - Padrão|Padrão|2|1|1|65|R$ 300.000,00
95870|APARTAMENTO NO CENTRO||2|3|1|95|R$ 300.000,00
94127|Apartamento de 94m² com 02 quartos para venda - Centro|Centro|2|2|1|94|R$ 300.000,00
93056|Apartamento de 71m² com 03 quartos para locação e venda - Jardim Independência|Jardim Independência|3|1|1|71|R$ 300.000,00
91046|APARTAMENTO PRÓXIMO À PRAÇA 7 DE SETEMBRO||2|1|1|71|R$ 300.000,00
90743|EXCELENTE APARTAMENTO PARA VENDA NO BAIRRO VILA MONTE ALEGRE||2|1|1|54|R$ 300.000,00
87041|APARTAMENTO PRÓXIMO À AVENIDA COSTÁBILE ROMANO||3|2|1|85|R$ 300.000,00
86462|Apartamento de 87m² com 02 quartos á venda - Residencial Greenville|Residencial Greenville|2|2|1|87|R$ 300.000,00
83075|Apartamento de 50m² mobiliado de 50m² com 01 quarto para locação - Jardim Botânico|Jardim Botânico|1|1|1|50|R$ 300.000,00
82754|Apartamento de 44m² com 01 quarto e sacada para locação e venda - Nova Aliança|Nova Aliança|1|1|1|44|R$ 300.000,00
81980|Apartamento - Padrão|Padrão|3|3|1|0|R$ 300.000,00
81263|Apartamento de 60m² com 02 quartos à venda- Residencial Greenville|Residencial Greenville|2|2|1|60|R$ 300.000,00
58979|Apartamento de 70m² com 03 quartos sendo 01 suíte para locação - Jardim Independência|Jardim Independência|3|1|1|70|R$ 300.000,00
58478|APARTAMENTO NO PARQUE INDUSTRIAL LAGOINHA||2|1|1|55|R$ 300.000,00
58454|Apartamento de 45m² com 01 suíte - Jardim Paulista|Jardim Paulista|1|1|1|45|R$ 300.000,00
51491|Apartamento de 68m² com 02 quartos sendo 01 suíte para locação e venda - Jardim Irajá|Jardim Irajá|2|2|2|68|R$ 300.000,00
49511|Apartamento de 45m² com sacada à venda - Jardim Paulista|Jardim Paulista|1|1|1|45|R$ 300.000,00
36668|Apartamento de 116 m² com 3 quartos - Jardim Paulista|Jardim Paulista|3|3|1|116|R$ 300.000,00
22028|Apartamento de 01 quarto à venda - Jardim Paulista|Jardim Paulista|1|1|1|45|R$ 300.000,00
203336|APARTAMENTO COM SACADA NO CONDOMÍNIO FIÚSA 016||2|2|1|55|R$ 300.510,00
136913|APARTAMENTO PADRÃO - ÚNICO RESIDENCIAL|ÚNICO RESIDENCIAL|2|1|1|65|R$ 301.972,99
136883|APARTAMENTO PADRÃO - ÚNICO RESIDENCIAL|ÚNICO RESIDENCIAL|2|1|1|50|R$ 301.972,99
225653|Apartamento de 66m² com 02 quartos à venda - Palmares|Palmares|2|2|1|66|R$ 302.000,00
201725|EXCELENTE APARTAMENTO PARA VENDA NO BAIRRO JARDIM PAULISTANO||2|1|1|48|R$ 303.000,00
167669|Apartamento de 92m² com 03 quartos para locação - Centro|Centro|3|2|1|92|R$ 303.000,00
226826|Apartamento de 54m² com 01 quarto para locação - Centro|Centro|1|1|1|54|R$ 245.000,00
208784|Apartamento de 56m² com 02 quartos - Portal Mirante da Colina|Portal Mirante da Colina|2|2|1|56|R$ 260.000,00
194672|Apartamento de 48m² com 02 quartos para venda - Jardim Paulistano|Jardim Paulistano|2|1|1|48|R$ 260.000,00
245312|Apartamento de 47m² com 02 quartos à venda - Quinta da Primavera|Quinta da Primavera|2|1|1|47|R$ 305.000,00
221042|Apartamento de 47m² com 01 suíte à venda - Nova Aliança|Nova Aliança|1|2|1|47|R$ 305.000,00
218987|Apartamento de 57m² com 02 quartos para venda - Ipiranga|Ipiranga|2|2|1|57|R$ 305.000,00
205556|Apartamento de 57m² com 02 quartos para venda - Ipiranga|Ipiranga|2|2|1|57|R$ 305.000,00
148178|APARTAMENTO TÉRREO PRÓXIMO À RODOVIA ANHANGUERA||2|2|2|77|R$ 305.000,00
148004|Apartamento de 82m² com 03 quartos - Jardim Palma Travassos|Jardim Palma Travassos|3|2|2|82|R$ 305.000,00
23948|Apartamento de 45m² com 01 quarto - Jardim Irajá|Jardim Irajá|1|1|1|45|R$ 305.000,00
170957|Lançamento: Vista do Parque - Apartamento de 48m² com 02 quartos à venda - Vila Virgínia|Apartamento de 48m² com 02 quartos à venda Vila Virgínia|2|1|1|48|R$ 305.139,67
218990|Apartamento de 57m² com 02 quartos para venda - Ipiranga|Ipiranga|2|2|1|57|R$ 306.000,00
180836|APARTAMENTO NO PARQUE SÃO SEBASTIÃO||2|1|1|56|R$ 250.000,00
203879|Apartamento de 50m² com 2 quartos à venda - Jardim Novo Mundo|Jardim Novo Mundo|2|1|1|50|R$ 307.020,00
157598|Apartamento de 46m² com 02 quartos à venda - Jardim Manoel Penna|Jardim Manoel Penna|2|1|1|46|R$ 307.400,00
147020|Apartamento de 84m² com 02 quartos para venda - Centro|Centro|2|1|1|84|R$ 260.000,00
192440|APARTAMENTO EM BONFIM PAULISTA||2|1|1|51|R$ 275.000,00
139823|Apartamento de 73m² com 02 quartos - Jardim Palma Travassos|Jardim Palma Travassos|2|2|1|73|R$ 285.000,00
69680|AMPLO APARTAMENTO PRÓXIMO AV. MEIRA JUNIOR||3|2|2|101|R$ 298.000,00
200363|APARTAMENTO NO JARDIM PALMA TRAVASSOS||1|1|1|39|R$ 308.000,00
197534|Apartamento para locação de 2 quartos -Jardim Paulistano|Jardim Paulistano|2|1|1|48|R$ 308.000,00
142895|APARTAMENTO PRÓXIMO À AVENIDA DOUTOR CELSO CHARURI||2|1|1|52|R$ 308.000,00
217865|Apartamento studio de 29m² com quintal à venda - Vila Amélia|Vila Amélia|1|1|1|29|R$ 308.987,00
212552|Apartamento de 84m² com 02 quartos à venda - Residencial Flórida|Residencial Flórida|2|2|1|84|R$ 309.000,00
208274|Apartamento de 48m² com 02 quartos á venda - Quintas De São José|Quintas De São José|2|2|1|48|R$ 309.000,00
116987|Apartamento de 02 quartos com 102m² para locação - Centro|Centro|2|3|1|102|R$ 309.000,00
233189|Lançamento: Gran Primavera - Apartamento de 50m² com 02 quartos com 01 suíte à venda - Região do Jardim Olhos D`Água|Apartamento de 50m² com 02 quartos com 01 suíte à venda Região do Jardim Olhos DÁgua|2|2|1|50|R$ 309.990,00
211298|Apartamento de 49m² com 02 quartos - Praças do Ipiranga|Praças do Ipiranga|2|1|1|49|R$ 220.000,00
104780|Apartamento de 75m² com 03 quartos sendo 01 suíte à venda -Planalto Verde|Planalto Verde|3|2|1|75|R$ 270.000,00
221411|Apartamento de 73m² com 03 quartos sendo 01 suíte à venda - Jardim Antártica|Jardim Antártica|3|2|2|73|R$ 286.200,00
158915|Apartamento de 97m² com 03 quartos à venda - Jardim Paulistano|Jardim Paulistano|3|2|1|97|R$ 292.000,00
241166|Apartamento de 63m² com 02 quartos para locação - Jardim Botânico|Jardim Botânico|2|1|1|63|R$ 310.000,00
224123|Apartamento reformado de 80m² com 02 quartos sendo 01 suíte à venda - Centro|Centro|2|3|1|80|R$ 310.000,00
217292|Apartamento de 47m² com 02 quartos para locação e venda - Vale das Nascentes|Vale das Nascentes|2|1|1|47|R$ 310.000,00
213104|Apartamento térreo de 78m² com 02 quartos à venda - Alto do Ipiranga|Alto do Ipiranga|2|2|1|78|R$ 310.000,00
212765|Apartamento de 57m² com 02 quartos sendo 01 suíte - Ipiranga|Ipiranga|2|2|1|57|R$ 310.000,00
194468|Apartamento de 50m² com 01 quarto - Santa Cruz do José Jacques|Santa Cruz do José Jacques|1|1|1|50|R$ 310.000,00
179837|Lindo Apartamento Mobiliado||1|1|1|43|R$ 310.000,00
179333|ÓTIMO APARTAMENTO NO MONTE ALEGRE||2|2|1|84|R$ 310.000,00
179330|OTIMO APARTAMENTO NO MONTE ALEGRE||2|2|1|84|R$ 310.000,00
156716|APARTAMENTO EM ÓTIMA LOCALIZAÇÃO, PRÓXIMO À AVENIDA MAURILIO BIAGI||2|2|1|53|R$ 310.000,00
156431|Apartamento de 121m² com 02 quartos à venda - Centro|Centro|2|2|1|121|R$ 310.000,00
152477|APARTAMENTO PRÓXIMO À AVENIDA BARÃO DO BANANAL||3|3|1|85|R$ 310.000,00
151784|Apartamento de 54m² com 02 quartos - Jardim Palma Travassos|Jardim Palma Travassos|2|2|1|54|R$ 310.000,00
149264|Apartamento de 02 quartos com 44m² - Vila Guiomar|Vila Guiomar|2|1|1|44|R$ 310.000,00
138632|Apartamento de 48m² à venda - Jardim Botânico|Jardim Botânico|1|1|1|48|R$ 310.000,00
134441|Apartamento de 49m² com 02 quartos para locação e venda - Jardim Irajá|Jardim Irajá|2|1|1|49|R$ 310.000,00
127706|Apartamento de 50m² com 02 quartos à venda - Jardim Anhanguera|Jardim Anhanguera|2|1|1|50|R$ 310.000,00
124892|Apartamento de 48m² com 02 quartos à venda - Jardim Paulistano|Jardim Paulistano|2|1|1|48|R$ 310.000,00
116909|Apartamento de 71m² com 02 quartos à venda - Jardim Paulistano|Jardim Paulistano|2|1|1|71|R$ 310.000,00
107282|APARTAMENTO NO CENTRO||3|2|1|103|R$ 310.000,00
102293|Apartamento de 02 quartos para locação - Centro|Centro|3|2|1|106|R$ 310.000,00
98768|Apartamento de 01 quarto à venda - Bosque das Juritis|Bosque das Juritis|1|1|1|40|R$ 310.000,00
98003|APARTAMENTO NO JARDIM BOTÂNICO||1|1|1|40|R$ 310.000,00
94460|Apartamento de 45m² com 01 quarto para locação - Santa Cruz|Santa Cruz|1|1|1|45|R$ 310.000,00
92798|APARTAMENTO NO CENTRO!||3|2|1|103|R$ 310.000,00
83954|Apartamento de 01 quarto para venda - Santa Cruz|Santa Cruz|1|1|1|45|R$ 310.000,00
79898|APARTAMENTO NA VILA SEIXAS||2|2|2|65|R$ 310.000,00
78728|Apartamento - Padrão|Padrão|3|4|2|180|R$ 310.000,00
75215|APARTAMENTO NO JARDIM PAULISTA||3|1|1|69|R$ 310.000,00
174938|Apartamento de 03 quartos para venda - Jd. Palma Travassos|Jd Palma Travassos|3|2|1|80|R$ 280.000,00
220994|Apartamento de 49m² com 02 quartos à venda - Jardim Anhanguera|Jardim Anhanguera|2|1|1|49|R$ 312.000,00
164663|APARTAMENTO NO JARDIM BOTANICO||2|2|1|54|R$ 312.000,00
245363|Apartamento de 45m² com 01 quarto à venda - Jardim Paulista|Jardim Paulista|1|1|1|45|R$ 313.000,00
207485|Apartamento com Suíte de 57m² à Venda - Ipiranga|Ipiranga|2|2|1|57|R$ 313.000,00
100427|Apartamento de 86m² com 03 quartos para locação e venda - Jardim Paulistano|Jardim Paulistano|3|1|1|86|R$ 267.000,00
232700|Apartamento de 62m² com 03 quartos à venda - Jardim Palma Travassos|Jardim Palma Travassos|3|2|1|62|R$ 315.000,00
220991|Apartamento de 47m² com 02 quartos para venda - Jardim Paulistano|Jardim Paulistano|2|1|1|47|R$ 315.000,00
218999|Apartamento de 57m² com 02 quartos para venda - Ipiranga|Ipiranga|2|2|1|57|R$ 315.000,00
211373|Apartamento de 43m² com 01 quarto à venda - Nova Aliança|Nova Aliança|1|1|1|43|R$ 315.000,00
204557|Apartamento de 68m² com 02 quartos à venda - Centro|Centro|2|2|1|68|R$ 315.000,00
142442|Apartamento de 50m² com 01 quarto para locação - Jardim Botânico|Jardim Botânico|1|1|1|50|R$ 315.000,00
75638|APARTAMENTO PRÓXIMO À AVENIDA CARLOS EDUARDO DE GASPERI CONSONI||2|2|2|63|R$ 315.000,00
41315|Apartamento - Padrão|Padrão|3|1|1|100|R$ 315.000,00
220139|Apartamento térreo de 47m² com 02 quartos à venda - Jardim Paulistano|Jardim Paulistano|2|1|1|47|R$ 316.000,00
196397|APARTAMENTO NO CENTRO||1|1|1|43|R$ 250.000,00
127049|Apartamento de 70m² com 03 quartos para venda - Nova Ribeirânia|Nova Ribeirânia|3|2|1|70|R$ 300.000,00
236579|Apartamento de 52m² com 02 quartos à venda - Loteamento Santa Marta|Loteamento Santa Marta|2|2|1|52|R$ 318.000,00
234053|Apartamento de 99m² com 02 quartos à venda - Centro|Centro|2|2|1|99|R$ 318.000,00
207494|Apartamento com Suíte e armários de 57m² - Ipiranga|Ipiranga|2|2|1|57|R$ 318.000,00
198419|APARTAMENTO NO PRESIDENTE MEDICI||2|2|2|110|R$ 318.000,00
198281|APARTAMENTO NO NOVA ALIANÇA||1|1|1|41|R$ 318.000,00
191810|Apartamento de 49m² com 01 quarto à venda - Nova Aliança|Nova Aliança|1|1|1|49|R$ 318.000,00
160319|Apartamento de 96m² com 03 quartos - Jardim Paulista|Jardim Paulista|3|3|1|96|R$ 318.000,00
158903|Apartamento de 66m² com 03 quartos - Jardim Parque Industrial Lagoinha|Jardim Parque Industrial Lagoinha|3|2|1|66|R$ 318.000,00
144596|APARTAMENTO PRÓXIMO A RODOVIA ANTÔNIO MACHADO SANT'ANNA||2|3|1|23|R$ 318.000,00
143873|Kit em ótima localização próximo à USP||1|1|1|27|R$ 318.000,00
137921|APARTAMENTO NO LAGOINHA||2|2|1|81|R$ 318.000,00
89360|Apartamento de 57m² com 02 quartos para venda - Residencial Greenville|Residencial Greenville|2|2|1|57|R$ 318.000,00
84170|APARTAMENTO NA VILA SEIXAS||2|2|1|89|R$ 318.000,00
83363|Apartamento de 43m² com 01 suíte para locação e venda - Jardim Botânico|Jardim Botânico|1|2|2|43|R$ 318.000,00
74309|APARTAMENTO NA VILA SEIXAS||1|1|1|43|R$ 318.000,00
44378|APARTAMENTO TÉRREO PRÓXIMO À RODOVIA ANHANGUERA||3|2|1|104|R$ 318.000,00
5138|Apartamento de 68m² com 02 quartos para locação e venda - Higienópolis|Higienópolis|3|3|1|68|R$ 318.000,00
242405|Apartamento de 66m² com 02 quartos à venda - Campos Elíseos|Campos Elíseos|2|1|1|66|R$ 225.000,00
234116|Apartamento de 72m² com 02 quartos à venda - Vila Seixas|Vila Seixas|2|3|1|72|R$ 318.000,00
242408|Apartamento de 116m² com 03 quartos à venda - Jardim Macedo|Jardim Macedo|3|3|1|116|R$ 319.000,00
230759|Apartamento de 67m² com 02 quartos à venda - Parque dos Bandeirantes|Parque dos Bandeirantes|2|1|1|67|R$ 319.000,00
223970|Apartamento de 48m² com 02 quartos à venda - Quintas de São José|Quintas de São José|2|1|1|48|R$ 319.000,00
215948|Apartamento de 55m² com 02 quartos à venda - Ipiranga|Ipiranga|2|1|1|55|R$ 319.900,00
235298|Apartamento de 507m² com 04 suítes à venda - Morro do Ypê|Morro do Ypê|4|6|5|507|R$ 6.150.000,00
58652|Apartamento de 46m² com 02 quartos à venda - Lagoinha|Lagoinha|2|1|1|46|R$ 230.000,00
137681|Apartamento de 47 m² com 02 quartos à venda - Condomínio Mirante Sul.|Condomínio Mirante Sul|2|1|1|47|R$ 239.000,00
106337|Apartamento de 89m² com 03 quartos 01 suíte à venda na Vila Seixas||3|2|1|89|R$ 250.000,00
203117|Apartamento de 66m² com 03 quartos para locação e venda - Parque Industrial Lagoinha|Parque Industrial Lagoinha|3|1|1|66|R$ 265.000,00
230840|Apartamento 46m² com 02 quartos para locação e venda - Jardim Paulistano|Jardim Paulistano|2|1|1|46|R$ 270.000,00
49490|Apartamento de 107m² com 03 quartos à venda - Vila Seixas|Vila Seixas|3|3|1|107|R$ 270.000,00
197630|Apartamento de 38m² com 01 quarto, à Venda Mobiliado - Residencial Florida|Residencial Florida|1|1|1|38|R$ 275.000,00
171608|APARTAMENTO NO JARDIM PAULISTA||2|2|2|66|R$ 299.000,00
237128|Apartamento de 54m² com 02 quartos para venda - Jardim Anhanguera|Jardim Anhanguera|2|2|1|54|R$ 300.000,00
229289|Apartamento/Padrão - Residencial - No bairro Centro -|Residencial No bairro Centro|2|2|1|87|R$ 300.000,00
128135|Apartamento - Padrão|Padrão|1|1|1|27|R$ 300.000,00
123674|Apartamento de 03 quartos para locação e venda - Jardim Paulista|Jardim Paulista|3|2|1|81|R$ 300.000,00
85487|****APARTAMENTO NO JARDIM PAULISTA****||3|2|1|89|R$ 300.000,00
82886|Apartamento de 44m² com 01 quarto venda - Nova Aliança|Nova Aliança|1|1|1|44|R$ 300.000,00
133196|Apartamento de 80m² com 03 quartos a venda - Jardim Palma Travassos|Jardim Palma Travassos|3|2|1|80|R$ 310.000,00
131375|Apartamento de 62m² com 2 quartos- Vila Tibério|Vila Tibério|2|2|1|62|R$ 310.000,00
99824|Apartamento - Padrão|Padrão|3|2|2|96|R$ 318.000,00
245375|Apartamento de 63 m² a venda com 2 quartos- Presidente Médici|Presidente Médici|2|2|1|63|R$ 320.000,00
245024|Apartamento com 78m² com 03 quartos à venda - Parque dos Lagos|Parque dos Lagos|3|2|1|78|R$ 320.000,00
244868|Apartamento de 96m² com 03 quartos à venda - Lagoinha|Lagoinha|3|2|1|96|R$ 320.000,00
244043|Apartamento de 44m² com 02 quartos à venda - Quintas de São José|Quintas de São José|2|1|1|44|R$ 320.000,00
243365|Apartamento de 88 m² com 03 quartos à venda - Jardim Paulistano|Jardim Paulistano|3|2|1|88|R$ 320.000,00
241295|Apartamento de 67m² com 03 quartos à venda - Jardim Palma Travassos|Jardim Palma Travassos|3|2|1|67|R$ 320.000,00
240656|Apartamento de 44m² com 01 quarto para locação ou venda - Nova Aliança|Nova Aliança|1|1|1|44|R$ 320.000,00
238979|Apartamento de 49m² com 02 quartos Locação ou Venda - Campos Elíseos|Campos Elíseos|2|1|1|49|R$ 320.000,00
238880|Apartamento de 49m² com 02 quartos para locação e venda - Quinta da Primavera|Quinta da Primavera|2|1|1|49|R$ 320.000,00
236780|Apartamento de40m² com 02 quartos á venda - Ribeirânia|Ribeirânia|2|1|1|40|R$ 320.000,00
235703|Apartamento com 55m² com 01 quarto à venda - Alto da Boa Vista|Alto da Boa Vista|1|1|1|55|R$ 320.000,00
235019|Lançamento: Alto da Mata Residencial - Apartamento de 58m² com 02 quartos com suíte à venda - Vivendas da Mata|Apartamento de 58m² com 02 quartos com suíte à venda Vivendas da Mata|2|1|1|58|R$ 320.000,00
234410|APARTAMENTO NO JARDIM BOTÂNICO||2|2|1|61|R$ 320.000,00
232400|Apartamento de 77m² com 02 quartos à venda - Jardim Palma Travassos|Jardim Palma Travassos|2|1|1|77|R$ 320.000,00
231998|Apartamento de 48m² com 02 quartos para venda - Jardim Paulistano|Jardim Paulistano|2|1|1|48|R$ 320.000,00
230861|Apartamento com 45m² com 01 quarto para Locação e venda - Jardim Califórnia|Jardim Califórnia|1|1|1|45|R$ 320.000,00
229511|Apartamento e 49m² com 02 quartos para venda - Jardim Anhanguera|Jardim Anhanguera|2|1|1|49|R$ 320.000,00
228902|Apartamento de 75m² com 02 quartos à venda - Vila Amélia|Vila Amélia|2|2|1|75|R$ 320.000,00
227018|Apartamento de 47m² com 02 quartos à venda - Vila Virgínia|Vila Virgínia|2|1|1|47|R$ 320.000,00
225542|Apartamento de 54m² com 02 quartos à venda - Parque Industrial Lagoinha|Parque Industrial Lagoinha|2|1|1|54|R$ 320.000,00
225404|Apartamento de 48m² com 02 quartos à venda - Jardim Paulistano|Jardim Paulistano|2|1|1|48|R$ 320.000,00
223436|Apartamento de 51m² com 02 quartos à venda - Jardim Novo Mundo|Jardim Novo Mundo|2|1|1|51|R$ 320.000,00
217613|Apartamento de 58m² com 02 quartos à venda - Vila Tibério|Vila Tibério|2|2|1|58|R$ 320.000,00
213977|Apartamento de 58m² com 02 quartos à venda - Parque dos Servidores|Parque dos Servidores|2|2|1|58|R$ 320.000,00
212768|Apartamento de 57m² com 02 quartos sendo 01 suíte - Ipiranga|Ipiranga|2|2|1|57|R$ 320.000,00
210614|Apartamento de 86m² com 03 quartos à venda - Residencial e Comercial Palmares|Residencial e Comercial Palmares|3|2|1|86|R$ 320.000,00
209162|Apartamento de 73m² com 02 quartos à venda - Lagoinha|Lagoinha|2|2|1|73|R$ 320.000,00
207260|Apartamento de 92m² com 03 quartos - Centro|Centro|3|2|1|92|R$ 320.000,00
207194|Apartamento de 92m² com 03 quartos - Centro|Centro|3|2|1|92|R$ 320.000,00
207113|Apartamento de 55m com 01 quarto - Centro|Centro|1|1|1|55|R$ 320.000,00
204935|Apartamento térreo de 62m² com 02 quartos à venda - Residencial Flórida|Residencial Flórida|2|1|1|62|R$ 320.000,00
201044|Excelente apartamento na Zona Sul||2|2|1|52|R$ 320.000,00
198437|***OTIMO APARTAMENTO TÉRREO****||2|2|1|64|R$ 320.000,00
197663|Apartamento de 47m² com 02 quartos à venda - Residencial Greenville|Residencial Greenville|2|1|1|47|R$ 320.000,00
193187|Apartamento de 50m² com 02 quartos à venda - Jardim Novo Mundo|Jardim Novo Mundo|2|1|1|50|R$ 320.000,00
189407|Apartamento de 107 m² com 3 dormitórios no Jardim Irajá||3|2|1|107|R$ 320.000,00
188876|Apartamento de 85m² com 03 quartos para locação e venda - Jardim Macedo|Jardim Macedo|3|1|1|85|R$ 320.000,00
186749|EXCELENTE APARTAMENTO PRÓXIMO A USP||2|2|2|84|R$ 320.000,00
179942|Apartamento de 79m² com 02 quartos para locação e venda - Jardim Palma Travassos|Jardim Palma Travassos|2|1|1|79|R$ 320.000,00
175790|Apartamento de 107m² com 03 quartos à venda - Vila Seixas|Vila Seixas|3|2|2|107|R$ 320.000,00
175076|Apartamento de 87m² com 03 quartos sendo 01 suíte para à venda - Jardim Catelo Branco|Jardim Catelo Branco|3|2|2|87|R$ 320.000,00
173720|APARTAMENTO NO JARDIM PAULISTA||2|2|1|104|R$ 320.000,00
170261|Apartamento de 61m² com 02 quartos à venda - Vila Monte Alegre|Vila Monte Alegre|2|1|1|61|R$ 320.000,00
165518|LINDO APARTAMENTO PRÓXIMO A AV CASTELO BRANCO||2|2|2|47|R$ 320.000,00
164525|Apartamento de 66m² com 03 quartos para venda - Jardim Interlagos|Jardim Interlagos|3|2|1|66|R$ 320.000,00
162218|Excelente Duplex próx a Av. Castelo Branco||2|2|1|96|R$ 320.000,00
152015|Apartamento de 69m² com 03 quartos para locação e venda - Jardim Paulista|Jardim Paulista|3|1|1|69|R$ 320.000,00
145958|APARTAMENTO TÉRREO PRÓXIMO À USP||2|2|1|72|R$ 320.000,00
144104|Apartamento de 64m² com 03 quartos sendo 01 suíte à venda - Iguatemi|Iguatemi|3|2|1|64|R$ 320.000,00
142550|APARTAMENTO PRÓXIMO À AVENIDA CASTELO BRANCO||3|2|1|76|R$ 320.000,00
138296|APARTAMENTO TÉRREO NO JARDIM ZARA||3|2|1|85|R$ 320.000,00
137885|LINDO APARTAMENTO NO JARDIM INTERLAGOS||3|2|1|66|R$ 320.000,00
136805|LINDO APARTAMENTO NO JARDIM BOTÂNICO||2|2|1|66|R$ 320.000,00
136409|Apartamento de 33m² com 01 quarto à venda - Centro|Centro|1|1|1|33|R$ 320.000,00
134024|Apartamento de 81m² com 03 quartos para venda - Sumarezinho|Sumarezinho|3|2|1|81|R$ 320.000,00
131819|AMPLO APARTAMENTO NO BAIRRO JARDIM BANDEIRANTES||3|2|1|88|R$ 320.000,00
131507|Apartamento de 62m² com 03 quartos à venda - Alto do Ipiranga|Alto do Ipiranga|3|2|1|62|R$ 320.000,00
127376|Apartamento - Padrão|Padrão|2|2|1|67|R$ 320.000,00
126422|Apartamento - Padrão|Padrão|3|3|2|99|R$ 320.000,00
119744|EXCELENTE APARTAMENTO - PARQUE DOS LAGOS|PARQUE DOS LAGOS|3|2|1|98|R$ 320.000,00
118598|APARTAMENTO NO PALMARES||2|2|2|65|R$ 320.000,00
118268|APARTAMENTO PRÓXIMO AO SHOPPING SANTA ÚRSULA||2|3|1|68|R$ 320.000,00
114269|APARTAMENTO PRÓXIMO À AVENIDA LEÃO XIII||3|2|1|100|R$ 320.000,00
105551|Apartamento de 01 quarto para locação - Centro|Centro|1|1|1|64|R$ 320.000,00
98870|Apartamento de 81m² com 03 quartos para venda - Sumarezinho|Sumarezinho|3|2|1|81|R$ 320.000,00
98684|APARTAMENTO NO LAGOINHA||3|2|1|91|R$ 320.000,00
96110|Apartamento de 109m² com 03 quartos à venda - Centro|Centro|3|2|1|109|R$ 320.000,00
95036|APARTAMENTO NO JARDIM IRAJÁ||2|2|1|56|R$ 320.000,00
94937|APARTAMENTO MOBILIADO NO JARDIM FLORIDA||1|1|1|46|R$ 320.000,00
94604|Apartamento - Padrão|Padrão|2|1|1|0|R$ 320.000,00
94433|Apartamento de 50m² com 01 quarto para locação - Nova Aliança|Nova Aliança|1|1|1|50|R$ 320.000,00
92993|Apartamento de 78m² com 02 quartos à venda - Jardim Irajá|Jardim Irajá|2|1|1|78|R$ 320.000,00
91454|Apartamento de 03 quartos para locação - Jd. Interlagos|Jd Interlagos|3|2|2|66|R$ 320.000,00
87941|Apartamento de 74m² com 03 quartos - Parque Industrial Lagoinha|Parque Industrial Lagoinha|3|2|1|74|R$ 320.000,00
85640|Apartamento de 68m² com 02 quartos à venda - Centro|Centro|2|2|1|68|R$ 320.000,00
85475|Apartamento de 02 quartos á venda - Residencial Flórida|Residencial Flórida|2|1|1|65|R$ 320.000,00
84635|Apartamento de 59m² com 02 quartos sendo 01 suíte à venda - Residencial Flórida|Residencial Flórida|2|2|2|59|R$ 320.000,00
84506|Apartamento de 64m² com 02 quartos à venda - Residencial Flórida|Residencial Flórida|2|2|1|64|R$ 320.000,00
84452|Apartamento mobiliado de 38m² com 01 quarto para locação e venda - Jardim Botânico|Jardim Botânico|1|1|1|38|R$ 320.000,00
83501|Apartamento de 74m² com 03 quartos - Parque Industrial Lagoinha|Parque Industrial Lagoinha|3|2|1|74|R$ 320.000,00
81941|Apartamento de 86m² com 03 quartos -||3|2|1|86|R$ 320.000,00
70448|APARTAMENTO NO JARDIM BOTÂNICO||1|1|1|46|R$ 320.000,00
69707|APARTAMENTO NO JARDIM PALMA TRAVASSOS||3|3|1|98|R$ 320.000,00
64496|Apartamento de 105m² à venda - Centro|Centro|3|1|1|105|R$ 320.000,00
54971|Apartamento de 75m² com 03 quartos para venda - Presidente Médici|Presidente Médici|3|2|1|75|R$ 320.000,00
40637|Apartamento - Padrão|Padrão|3|3|1|97|R$ 320.000,00
36512|APARTAMENTO PRÓXIMO Á UNAERP||3|2|1|76|R$ 320.000,00
35024|Apartamento de 03 quartos para locação - Campos Elíseos|Campos Elíseos|3|3|1|105|R$ 320.000,00
15713|APARTAMENTO NO VILA SEIXAS||2|1|1|0|R$ 320.000,00
244874|Apartamento de 43m² com 01 quarto à venda - Ribeirânia|Ribeirânia|1|1|1|43|R$ 320.178,00
244895|Apartamento/Padrão 42m² a venda no bairro Nova Ribeirânia||1|1|1|42|R$ 323.819,50
55346|Apartamento de 103m² com 03 quartos para venda - Jardim Paulistano|Jardim Paulistano|3|2|1|103|R$ 310.000,00
70274|Apartamento de 62 m² com 2 quartos - Vila Ana Maria|Vila Ana Maria|2|2|1|62|R$ 318.000,00
231866|Apartamento de 61m² com 02 quartos à venda - Vila Monte Alegre|Vila Monte Alegre|2|2|1|61|R$ 325.000,00
225446|Apartamento de 44m² com 01 suíte para locação - Nova Aliança|Nova Aliança|1|1|1|44|R$ 325.000,00
225146|Apartamento de 100,93m² com 03 quartos à venda - Jardim Paulista|Jardim Paulista|3|2|1|93|R$ 325.000,00
213383|Apartamento de 51m² com 02 quartos à venda - Bonfim Paulista|Bonfim Paulista|2|2|1|51|R$ 325.000,00
211628|Apartamento padrão de 58m² com 02 quartos para venda Nova- Parque dos Servidores|Parque dos Servidores|2|2|1|58|R$ 325.000,00
184454|Apartamento de 85m² com 03 quartos sendo 01 suíte à venda - Jardim Zara|Jardim Zara|3|2|1|85|R$ 325.000,00
106424|APARTAMENTO NO MONTE ALEGRE||3|2|1|99|R$ 325.000,00
28643|Apartamento de 03 quartos para locação - Jardim Irajá|Jardim Irajá|3|2|1|91|R$ 325.000,00
178961|Lançamento em Bonfim Paulista! Montverde Residencial||2|1|1|62|R$ 325.000,00
235016|Lançamento: Village Gaia - Apartamento de 52m² com 02 quartos sendo 01 súite à venda - Quinta da Primavera|Apartamento de 52m² com 02 quartos sendo 01 súite à venda Quinta da Primavera|2|2|1|52|R$ 326.000,00
244892|Apartamento de 42m² com 01 quarto para venda - Nova Ribeirânia|Nova Ribeirânia|1|1|1|42|R$ 328.108,50
211775|Apartamento térreo de 96m² com 03 quartos à venda - Jardim Paulista|Jardim Paulista|3|3|1|96|R$ 300.000,00
238316|Apartamento de 161m² com 03 quartos para venda - Centro|Centro|3|2|1|161|R$ 329.000,00
178790|Lançamento em Bonfim Paulista! Montverde Residencial||2|2|2|60|R$ 329.000,00
178784|Lançamento em Bonfim Paulista! Montverde Residencial||2|2|2|60|R$ 329.000,00
167573|APARTAMENTO TÉRREO NO PARQUE ANHANGUERA||3|2|1|90|R$ 329.000,00
161834|Apartamento de 01 quarto para locação e venda - Jd. Palma Travassos|Jd Palma Travassos|1|1|1|38|R$ 329.000,00
195074|Apartamento de 109m² com 03 quartos à venda - Jardim Palma Travassos|Jardim Palma Travassos|3|2|1|109|R$ 290.000,00
232370|Apartamento de 91m² com 03 quartos sendo 01 suíte á venda - Jardim Irajá|Jardim Irajá|3|2|1|91|R$ 299.000,00
171956|Apartamento com 146m² e 3 quartos à venda - Alto do Ipiranga|Alto do Ipiranga|3|2|1|146|R$ 309.000,00
196901|Apartamento de 45m² com 02 quartos para locação e venda - Nova Aliança|Nova Aliança|2|1|1|45|R$ 310.000,00
211187|Apartamento de 87m² 02 quartos à venda - Jardim Zara|Jardim Zara|2|2|1|87|R$ 320.000,00
129281|Apartamento - Padrão|Padrão|3|2|1|82|R$ 320.000,00
4328|Apartamento de 121m² com 03 quartos à venda - Campos Elíseos|Campos Elíseos|3|2|1|121|R$ 320.000,00
217769|Apartamento de 61m² com 02 quartos à venda - Sumarezinho|Sumarezinho|2|2|1|61|R$ 329.900,00
244388|Apartamento térreo de 48m² com 02 quartos para locação - Parque das Oliveiras II|Parque das Oliveiras II|2|1|1|48|R$ 330.000,00
239258|Apartamento de 97m² com 03 quartos à venda - Parque dos Bandeirantes|Parque dos Bandeirantes|3|2|2|97|R$ 330.000,00
239252|Apartamento de 93m² com 03 quartos à venda - Parque dos Bandeirantes|Parque dos Bandeirantes|3|2|2|93|R$ 330.000,00
232997|Apartamento de 75m² com 03 quartos para venda - Presidente Médici|Presidente Médici|3|2|1|75|R$ 330.000,00
229244|Apartamento de 115m² com 02 quartos à venda - Centro|Centro|2|2|1|115|R$ 330.000,00
227135|Apartamento de 50m² com 02 quartos para locação e venda - Jardim Anhanguera|Jardim Anhanguera|2|1|1|50|R$ 330.000,00
223934|Apartamento de 48m² com 01 suíte à venda - Nova Aliança|Nova Aliança|1|2|1|48|R$ 330.000,00
223835|Apartamento de 65m² com 02 quartos sendo 01 suíte à venda - Jardim Botânico|Jardim Botânico|2|2|1|65|R$ 330.000,00
221213|Apartamento de 85m² com 03 quartos sendo 01 suíte à venda - Centro|Centro|3|3|1|85|R$ 330.000,00
221210|Apartamento de 74m² com 03 quartos à venda - Campos Elíseos|Campos Elíseos|3|1|1|74|R$ 330.000,00
218996|Apartamento de 57m² com 02 quartos para venda - Ipiranga|Ipiranga|2|2|1|57|R$ 330.000,00
216197|Apartamento de 49m² com 02 quartos à venda - Jardim Novo Mundo|Jardim Novo Mundo|2|1|1|49|R$ 330.000,00
214781|Apartamento de 56m² com 02 quartos à venda - Sumarezinho|Sumarezinho|2|2|1|56|R$ 330.000,00
212621|Apartamento de 58m² com 02 quartos - Vila Tibério|Vila Tibério|2|1|1|58|R$ 330.000,00
212381|Apartamento de 75m² com 03 quartos à venda||3|2|1|75|R$ 330.000,00
210071|Apartamento de 61m² com 02 quartos à venda - Vila Monte Alegre|Vila Monte Alegre|2|2|1|61|R$ 330.000,00
209798|Apartamento de 72m² com 03 quartos à venda - Vila Mariana|Vila Mariana|3|2|2|72|R$ 330.000,00
208250|Apartamento de 44m² com 02 quartos para locação - Recreio Das Acácias|Recreio Das Acácias|2|1|1|44|R$ 330.000,00
203723|Apartamento de 53m² com 02 quartos - Alto da Boa Vista|Alto da Boa Vista|2|1|2|53|R$ 330.000,00
199181|Apartamento de 02 quartos para locação - Jardim Florida|Jardim Florida|2|2|1|79|R$ 330.000,00
195431|Apartamento de 68m² com 02 quartos à venda - Centro|Centro|2|1|1|68|R$ 330.000,00
193352|APARTAMENTO NO ALTO DO IPIRANGA||3|2|1|62|R$ 330.000,00
191183|****APARTAMENTO NO JARDIM PAULISTA****||3|2|1|116|R$ 330.000,00
187208|Apartamento de 73m² com 02 quartos e suíte para Venda - Jardim Paulista|Jardim Paulista|2|2|1|73|R$ 330.000,00
183350|EXCELENTE APARTAMENTO NO SUMAREZINHO||3|4|2|184|R$ 330.000,00
174737|APARTAMENTO NO CENTRO||3|3|1|139|R$ 330.000,00
173756|Apartamento de 49m² com 01 suíte à venda - Nova Aliança|Nova Aliança|1|2|1|49|R$ 330.000,00
171659|Apartamento de 103m² com 03 quartos à venda - Centro|Centro|3|2|1|103|R$ 330.000,00
167075|APARTAMENTO NO JD. INDEPENDÊNCIA||3|2|1|80|R$ 330.000,00
154826|Apartamento de 72m² com 02 quartos para locação e venda - Vila Ana Maria|Vila Ana Maria|2|2|1|72|R$ 330.000,00
149225|Apartamento de 116m² com 03 quartos à venda - Jardim Macedo|Jardim Macedo|3|3|1|116|R$ 330.000,00
137477|APARTAMENTO COM LOCALIZAÇÃO PRIVILEGIADA NO JARDIM BOTÂNICO||2|2|2|69|R$ 330.000,00
137051|Apartamento de 48m² com 02 quartos para locação - Nova Aliança|Nova Aliança|1|2|1|48|R$ 330.000,00
132092|Apartamento de 48m² com 02 quartos para venda - Jardim Manoel Penna|Jardim Manoel Penna|2|1|1|48|R$ 330.000,00
107378|APARTAMENTO NO CENTRO||2|2|1|0|R$ 330.000,00
93683|Apartamento de 51m² com 2 quartos à venda - Residencial Greenville|Residencial Greenville|2|1|1|51|R$ 330.000,00
88958|Apartamento de 64m² com 02 quartos à venda - Jardim Paulistano|Jardim Paulistano|2|2|1|64|R$ 330.000,00
87911|APARTAMENTO NA VILA MARIANA||3|2|2|80|R$ 330.000,00
82028|Excelente Oportunidade próximo a USP.||2|1|1|56|R$ 330.000,00
77660|Apartamento de 68m² com 02 quartos para venda - Centro|Centro|2|3|1|68|R$ 330.000,00
76730|Apartamento de 02 quartos para locação - Ana Maria|Ana Maria|2|2|2|54|R$ 330.000,00
40640|Apartamento - Padrão|Padrão|3|3|1|97|R$ 330.000,00
214766|Lançamento Portugal 2207 - Apartamento de 44m² com 01 quarto à venda - Santa Cruz do José Jacques|Apartamento de 44m² com 01 quarto à venda Santa Cruz do José Jacques|1|1|1|44|R$ 330.550,20
213233|Apartamento de 56m² com 02 quartos à venda - Campos Elíseos|Campos Elíseos|2|2|1|56|R$ 332.000,00
156302|LANÇAMENTO SERÁ ENTREGUE EM 2024||2|2|1|57|R$ 332.000,00
218867|Apartamento de 53m² com 02 quartos à venda - Jardim Paulista|Jardim Paulista|2|2|1|53|R$ 333.000,00
212276|Apartamento de 52m² com 02 quartos à venda - Jardim Paulistano|Jardim Paulistano|2|1|1|52|R$ 280.000,00
240278|Apartamento de 49m² com 02 quartos à venda - Residencial Monterrey|Residencial Monterrey|2|1|1|49|R$ 334.000,00
238253|Apartamento térreo de 60m² com 02 quartos à venda - Quinta da Primavera|Quinta da Primavera|2|1|1|60|R$ 334.000,00
213869|Lançamento - Apartamento de 55m² com 02 quartos à venda - Campos Elíseos|Apartamento de 55m² com 02 quartos à venda Campos Elíseos|2|2|1|55|R$ 334.000,00
207014|Apartamento mobiliado de 48m² com 02 quartos para locação e venda - Jardim Paulistano|Jardim Paulistano|2|1|1|48|R$ 320.000,00
137936|Apartamento de 107m com 3 quartos - Iguatemi|Iguatemi|3|3|2|107|R$ 320.000,00
240704|Apartamento de 82m² com 03 quartos - Jardim Palma Travassos|Jardim Palma Travassos|3|2|1|82|R$ 335.000,00
236426|Apartamento térreo de 78m² com 03 quartos à venda - Parque dos Lagos|Parque dos Lagos|3|2|1|78|R$ 335.000,00
232118|Apartamento de 89m² com 03 quartos á venda - Jardim Novo Mundo|Jardim Novo Mundo|3|2|2|89|R$ 335.000,00
158054|Apartamento de 44m² com 02 quartos para locação e venda - Quintas de São José|Quintas de São José|2|1|1|44|R$ 335.000,00
150452|APARTAMENTO EM BOMFIM PAULISTA||3|2|1|78|R$ 335.000,00
25025|Apartamento de 71m² com 02 quartos à venda - Vila Ana Maria|Vila Ana Maria|2|2|2|71|R$ 335.000,00
244886|Apartamento/Padrão 43m² a venda no bairro Nova Ribeirânia||1|1|1|43|R$ 335.529,00
204725|Apartamento com 71m² com 02 quartos e quintal à venda - Alto da Boa Vista|Alto da Boa Vista|2|2|1|71|R$ 337.758,00
12650|APARTAMENTO NO CAMPOS ELÍSEOS||3|2|1|105|R$ 338.000,00
170933|Lindo Apartamento a 7min do Shopping Santa Úrsula||2|1|1|63|R$ 338.473,84
235025|Apartamento de 45m² com 02 quartos para venda - Bonfim Paulista|Bonfim Paulista|2|1|1|45|R$ 329.000,00
235697|Apartamento de 43m² com 01 suíte para venda - Quinta da Primavera|Quinta da Primavera|1|1|1|43|R$ 339.000,00
198611|Apartamento de 45m² com 01 quarto à venda - Jardim Recreio|Jardim Recreio|1|1|1|45|R$ 339.200,00
237473|Apartamento de 66m² com 03 quartos sendo 01 suíte à venda - Parque dos Lagos|Parque dos Lagos|3|2|1|66|R$ 339.990,00
143009|APARTAMENTO PRÓXIMO À AVENIDA INDEPENDÊNCIA||2|2|1|117|R$ 265.000,00
117773|Apartamento de 104m² com 03 quartos à venda - Jardim Paulista|Jardim Paulista|3|3|1|104|R$ 290.000,00
199448|Apartamento de 48m² com 02 quartos à venda - Quintas de São José|Quintas de São José|2|2|1|48|R$ 293.000,00
189284|Apartamento de 43m² com 01 quarto à venda - Vila Monte Alegre|Vila Monte Alegre|1|1|1|43|R$ 320.000,00
226661|Apartamento de 54m² 02 quartos à venda - Vila Monte Alegre|Vila Monte Alegre|2|2|1|54|R$ 330.000,00
190340|APARTAMENTO NO JARDIM PAULISTANO||2|1|1|48|R$ 330.000,00
199442|APARTAMENTO NO QUINTA SÃO JOSÉ||2|2|1|52|R$ 337.000,00
245048|Apartamento de 53m² com 02 quartos á venda - Alto da Boa Vista|Alto da Boa Vista|2|2|1|53|R$ 340.000,00
242891|Apartamento de 87m² com 03 quartos à venda - Jardim Paulistano|Jardim Paulistano|3|2|2|87|R$ 340.000,00
241514|Apartamento de 53m² com 02 quartos sendo 01 suíte à venda - Parque das Oliveiras II|Parque das Oliveiras II|2|2|1|53|R$ 340.000,00
236849|Apartamento de 66m² com 02 suítes à venda - Jardim Botânico|Jardim Botânico|2|3|2|66|R$ 340.000,00
236510|Apartamento de 60m² com 02 quartos à venda - Sumarezinho|Sumarezinho|2|2|1|60|R$ 340.000,00
233903|Apartamento de 82m² com 03 quartos - Jardim Palma Travassos|Jardim Palma Travassos|3|2|1|82|R$ 340.000,00
230762|Apartamento/Padrão - Residencial - No bairro Campos Elíseos - Edifício Palazzo Itália|Residencial No bairro Campos Elíseos Edifício Palazzo Itália|3|3|1|121|R$ 340.000,00
230003|Apartamento loft Porteira fechada de 34m² com 01 quarto à venda - Santa Cruz do José Jacques|Santa Cruz do José Jacques|1|1|1|34|R$ 340.000,00
227462|Apartamento de 52m² com 02 quartos à venda - Quintas de São José|Quintas de São José|2|2|1|52|R$ 340.000,00
225269|Apartamento de 75m² com 02 quartos à venda - Centro|Centro|2|2|1|75|R$ 340.000,00
218807|Apartamento de 50m² com 02 quartos à venda - Jardim Novo Mundo|Jardim Novo Mundo|2|1|1|50|R$ 340.000,00
216035|Apartamento de 44m² com 02 quartos para venda - Reserva Flor de Lotus|Reserva Flor de Lotus|2|1|1|44|R$ 340.000,00
206009|Apartamento de 62m² com 02 quartos para locação - Vila Maria Luiza|Vila Maria Luiza|2|2|1|62|R$ 340.000,00
205577|Apartamento de 63m² com 02 quartos para venda - Ipiranga|Ipiranga|2|2|1|63|R$ 340.000,00
203729|APARTAMENTO NO BAIRRO BOSQUE DAS JURITIS||1|1|1|40|R$ 340.000,00
202772|APARTAMENTO PRÓXIMO À AVENIDA MEIRA JUNIOR||3|3|1|108|R$ 340.000,00
200867|APARTAMENTO MOBILIADO NO JARDIM PALMA TRAVASSOS||3|2|1|60|R$ 340.000,00
199439|APARTAMENTO NO QUINTA SÃO JOSÉ||2|2|1|52|R$ 340.000,00
197372|EXCELENTE APARTAMENTO PARA LOCAÇÃO NO CENTRO DE RIBEIRÃO PRETO||2|2|1|75|R$ 340.000,00
195428|Apartamento de 68m² com 02 quartos à venda - Centro|Centro|2|1|1|68|R$ 340.000,00
188408|Apartamento de 01 suíte para locação - Nova Aliança|Nova Aliança|1|1|1|43|R$ 340.000,00
187997|Apartamento de 38m² com 01 quarto para locação e venda - Jardim Palma Travassos|Jardim Palma Travassos|1|1|1|38|R$ 340.000,00
187883|Apartamento 93m² com 03 quartos à venda - Jardim Irajá|Jardim Irajá|3|2|1|93|R$ 340.000,00
186635|Apartamento de 02 quartos para locação - Jardim Paulista|Jardim Paulista|2|2|2|71|R$ 340.000,00
180584|Apartamento de 62m² com 02 quartos à venda - Vila Ana Maria|Vila Ana Maria|2|2|2|62|R$ 340.000,00
167096|Apartamento térreo de 86m² com 03 quartos à venda - Parque dos Bandeirantes|Parque dos Bandeirantes|3|2|1|86|R$ 340.000,00
157772|Apartamento de 92m² com 03 quartos à venda - Parque dos Bandeirantes|Parque dos Bandeirantes|3|2|1|92|R$ 340.000,00
154346|APARTAMENTO PRÓXIMO À RODOVIA ANHANGUERA||2|2|2|78|R$ 340.000,00
151742|Apartamento de 38m² com 01 quarto á venda - Presidente Médici|Presidente Médici|1|1|1|38|R$ 340.000,00
142490|Apartamento de 141m² com 03 quartos à venda - Centro|Centro|3|3|1|141|R$ 340.000,00
139826|APARTAMENTO NO JARDIM BOTÂNICO||3|2|1|90|R$ 340.000,00
136463|APARTAMENTO NO CAMPOS ELÍSEOS||3|3|1|97|R$ 340.000,00
133325|Apartamento mobiliado de 36m² com 01 quarto para locação - Residencial Flórida|Residencial Flórida|1|1|1|36|R$ 340.000,00
120611|Apartamento - Padrão|Padrão|3|3|1|95|R$ 340.000,00
118310|APARTAMENTO 2 DORMÍTÓRIOS EM ÓTIMA LOCALIZAÇÃO||2|2|1|62|R$ 340.000,00
117425|Apartamento de 43m² com 01 quarto à venda - Nova Aliança|Nova Aliança|1|1|1|43|R$ 340.000,00
106040|Apartamento de 83m² com 03 quartos - Jardim Irajá|Jardim Irajá|3|2|1|83|R$ 340.000,00
103745|Apartamento de 96m² com 3 quartos, 1 suíte - Jardim Paulistano|Jardim Paulistano|3|2|2|96|R$ 340.000,00
100778|Apartamento de 75m² com 03 quartos a venda - Parque dos bandeirantes|Parque dos bandeirantes|3|2|2|75|R$ 340.000,00
98024|Apartamento de 69m² com 02 quartos à venda - Jardim Palma Travassos|Jardim Palma Travassos|2|2|1|69|R$ 340.000,00
94943|Apartamento de 45m² com 01 quarto - Jardim Florida|Jardim Florida|1|1|1|45|R$ 340.000,00
81533|APARTAMENTO NA VILA ANA MARIA||2|2|2|64|R$ 340.000,00
24725|APARTAMENTO NO JARDIM IRAJÁ||3|2|1|90|R$ 340.000,00
244883|Apartamento Novo de 43m² com 01 quarto à venda - Ribeirânia|Ribeirânia|1|1|1|43|R$ 343.120,00
146648|LANÇAMENTO APARTAMENTO NO SUMAREZINHO!!!||3|2|1|65|R$ 343.500,00
195548|APARTAMENTO TÉRREO NA ZONA SUL||2|1|1|87|R$ 344.590,00
46838|Apartamento de 120m² com 03 quartos à venda - Campos Elíseos|Campos Elíseos|3|3|1|120|R$ 290.000,00
181214|Apartamento de 102m² com 03 quartos para venda - Jardim Macedo|Jardim Macedo|3|2|1|102|R$ 320.000,00
239387|Lançamento: Cerqueira 2164 - Apartamento de 42m² com 01 quarto à venda - Jardim Sumaré|Apartamento de 42m² com 01 quarto à venda Jardim Sumaré|1|1|1|42|R$ 345.000,00
215414|Apartamento de 38m² com 01 quarto à venda - Jardim Palma Travassos|Jardim Palma Travassos|1|1|1|38|R$ 345.000,00
201701|Apartamento de 78m² com 03 quartos sendo 01 suíte - Jardim Independência|Jardim Independência|3|2|1|78|R$ 345.000,00
172451|EXCELENTE IMÓVEL NO VILA ANA MARIA||2|2|2|82|R$ 345.000,00
165245|Apartamento de 92m² com 03 quartos sendo 01 suíte - Jardim Castelo Branco|Jardim Castelo Branco|3|2|1|92|R$ 345.000,00
162014|More na Nova Fiusa - TRIADE FIUSA HOME RESORT|TRIADE FIUSA HOME RESORT|2|1|1|48|R$ 345.614,00
229022|Apartamento de 67m² com 02 quartos à venda - VIDA PLENA LAGOINHA|VIDA PLENA LAGOINHA|2|2|1|67|R$ 349.000,00
188615|Apartamento de 02 quartos para locação - Ipiranga|Ipiranga|2|1|1|42|R$ 195.000,00
69398|Apartamento 40m² com 01 quarto à venda - Vila Seixas|Vila Seixas|1|1|1|40|R$ 260.000,00
151310|Apartamento de 65m² com 02 quartos sendo 01 suíte para a locação - Jardim Botânico|Jardim Botânico|2|2|1|65|R$ 300.000,00
81269|Apartamento de 60m² com 02 quartos - Jardim Greenville|Jardim Greenville|2|2|1|60|R$ 300.000,00
230450|Apartamento de 38m² com 02 quartos à venda - Jardim Palma Travassos|Jardim Palma Travassos|1|1|1|38|R$ 315.000,00
182840|LINDO APARTAMENTO NO CENTRO||2|2|1|102|R$ 318.000,00
217271|Apartamento de 72m² com 02 quartos à venda - Vila Seixas|Vila Seixas|2|3|2|72|R$ 320.000,00
64895|Apartamento de 85m² com 02 quartos sendo 01 suíte para venda - Centro|Centro|2|2|1|85|R$ 320.000,00
161135|Apartamento de 129m² com 03 quartos à venda - Jardim Macedo|Jardim Macedo|3|3|2|129|R$ 325.000,00
164138|Apartamento de 53m² com 02 quartos à venda - Condomínio Mirante Sul|Condomínio Mirante Sul|2|2|1|53|R$ 330.000,00
88415|Apartamento de 97m² com 03 quartos para locação - Centro|Centro|3|2|1|97|R$ 330.000,00
151250|APARTAMENTO NO IRAJA||3|3|1|86|R$ 335.000,00
113564|Apartamento de 73m² com 02 quartos à venda - Jardim Paulista|Jardim Paulista|2|2|1|73|R$ 335.000,00
47612|Apartamento de 79m² com 03 quartos - Parque Industrial Lagoinha|Parque Industrial Lagoinha|3|2|2|79|R$ 335.000,00
171959|Apartamento com 146m² e 3 quartos à venda - Alto do Ipiranga|Alto do Ipiranga|3|2|1|146|R$ 339.000,00
242693|Apartamento de 73m² com 02 quartos 02 banheiros para venda - Nova Ribeiraria|Nova Ribeiraria|2|2|1|73|R$ 339.900,00
181646|Apartamento de 90m² com 03 quartos à venda - Jardim Antártica|Jardim Antártica|3|1|2|90|R$ 340.000,00
78125|Apartamento de 90 m² com 03 quartos - Centro|Centro|3|2|1|90|R$ 340.000,00
216275|Apartamento térreo de 71m² com 03 quartos à venda - Jardim Irajá|Jardim Irajá|3|2|1|71|R$ 349.900,00
243122|Apartamento de 45m² com 01 quarto à venda - Santa Cruz do José Jacques|Santa Cruz do José Jacques|1|1|1|45|R$ 350.000,00
241241|Apartamento mobiliado de 54m² com 01 quarto para venda - Jardim São Luiz|Jardim São Luiz|1|1|1|54|R$ 350.000,00
240749|Apartamento de 46m² com 02 quartos à venda - Residencial Greenville|Residencial Greenville|2|1|1|46|R$ 350.000,00
240440|Apartamento de 49m² com 02 quartos para locação - Residencial Monterrey|Residencial Monterrey|2|1|1|49|R$ 350.000,00
240296|Apartamento de 199m² com 04 quartos à venda - Centro|Centro|4|3|1|199|R$ 350.000,00
239321|Apartamento de 95m² 03 quartos sendo 01 suíte no Jardim Irajá||3|2|2|95|R$ 350.000,00
234872|Apartamento mobiliado de 54m² para locação - Monte Alegre|Monte Alegre|2|2|1|54|R$ 350.000,00
233675|Apartamento de 59m² com 02 quartos sendo 01 suíte à venda - Residencial Flórida|Residencial Flórida|2|2|2|59|R$ 350.000,00
233159|Apartamento de 65m² com 02 quartos à venda - Vila Maria Luiza|Vila Maria Luiza|2|2|1|65|R$ 350.000,00
232727|Apartamento de 61m² com 2 quartos á venda-Nova Aliança|Nova Aliança|2|2|1|61|R$ 350.000,00
231290|Apartamento de 69 m², com 02 quartos para venda - Bairro Jardim Paulista.|Bairro Jardim Paulista|2|2|1|69|R$ 350.000,00
226316|Apartamento de 56m² com 02 quartos à venda - Jardim Manoel Penna|Jardim Manoel Penna|2|2|1|56|R$ 350.000,00
224141|Apartamento de 55m² com 02 quartos sendo 01 suíte à venda - Jardim Olhos D`Água|Jardim Olhos DÁgua|2|2|1|55|R$ 350.000,00
222953|Apartamento de 58m² com 02 quartos sendo 01 suíte à venda - Residencial Parque dos Servidores|Residencial Parque dos Servidores|2|2|1|58|R$ 350.000,00
221561|Apartamento de 46m² com 02 quartos à venda - Jardim Manoel Penna|Jardim Manoel Penna|2|1|1|46|R$ 350.000,00
220979|Apartamento de 67m² com 02 quartos sendo 01 suíte à venda - Jardim Antártica|Jardim Antártica|2|2|1|67|R$ 350.000,00
217790|Apartamento de 44m² com 01 suíte para locação - Jardim Recreio|Jardim Recreio|1|2|1|44|R$ 350.000,00
217415|Apartamento de 44m² com 02 quartos à venda - Quinta da Primavera|Quinta da Primavera|2|1|1|44|R$ 350.000,00
209591|Apartamento de 73m² com 02 quartos à venda - Lagoinha|Lagoinha|2|2|1|73|R$ 350.000,00
209207|Apartamento de 97m² com 03 quartos à venda - Bairro Vila Seixas|Bairro Vila Seixas|3|1|1|97|R$ 350.000,00
208247|Apartamento de 52m² com 02 quartos à venda - Quintas de São José|Quintas de São José|2|2|1|52|R$ 350.000,00
206597|Apartamento de 89m² com 03 quartos à venda - Centro|Centro|3|2|1|89|R$ 350.000,00
205367|Apartamento de 51m² com 02 quartos à venda - Quintas de São José|Quintas de São José|2|2|1|51|R$ 350.000,00
200306|Apartamento de 80m² com 03 quartos à venda - Residencial e Comercial Palmares|Residencial e Comercial Palmares|3|2|2|80|R$ 350.000,00
199994|APARTAMENTO DUPLEX NO JARDIM PAULISTANO||3|3|2|84|R$ 350.000,00
198254|APARTAMENTO NO CENTRO||3|2|1|123|R$ 350.000,00
197369|APARTAMENTO NA VILA AMÉLIA||2|1|1|53|R$ 350.000,00
195752|EXCELENTE APARTAMENTO NA LAGOINHA||3|2|2|104|R$ 350.000,00
193475|Apartamento de 46m² com 01 quarto para locação e venda - Nova Aliança|Nova Aliança|1|1|1|46|R$ 350.000,00
193091|****APARTAMENTO NO GREENVILLE****||2|1|1|67|R$ 350.000,00
192290|Apartamento de 96m² com 3 quartos - Jardim Paulistano|Jardim Paulistano|3|2|1|96|R$ 350.000,00
189656|Apartamento de 46m² com 02 quartos para locação - Recreio das Acácias|Recreio das Acácias|2|1|1|46|R$ 350.000,00
189569|Apartamento de 2 quartos - Recreio das Acácias|Recreio das Acácias|2|1|1|46|R$ 350.000,00
187832|Apartamento de 44m² com 01 quarto à venda - Nova Aliança|Nova Aliança|1|1|1|44|R$ 350.000,00
186701|APARTAMENTO 3 DORMITÓRIOS NA LAGOINHA||3|2|1|68|R$ 350.000,00
183296|Apartamento Térreo Jardim Anhanguera||3|3|1|115|R$ 350.000,00
183167|Apartamento de 43m² à venda - Vila Ana Maria|Vila Ana Maria|1|1|1|43|R$ 350.000,00
181181|Apartamento de 72m² com 03 quartos para locação - Iguatemi|Iguatemi|3|1|1|72|R$ 350.000,00
175763|Apartamento de 72m² com 3 quartos na Lagoinha.||3|2|1|72|R$ 350.000,00
173375|Apartamento de 93m² com 03 quartos à venda - Parque dos Bandeirantes|Parque dos Bandeirantes|3|2|2|93|R$ 350.000,00
173228|Apartamento no Presidente Medici||3|2|1|78|R$ 350.000,00
170594|APARTAMENTO NO CENTRO||3|2|1|90|R$ 350.000,00
169424|Apartamento de 98m² com 03 quartos para venda - Jardim Irajá|Jardim Irajá|3|3|1|98|R$ 350.000,00
167183|APARTAMENTO NO NOVA ALIANÇA||1|1|1|45|R$ 350.000,00
164081|APARTAMENTO PRÓXIMO À AVENIDA BARÃO DO BANANAL||2|1|1|53|R$ 350.000,00
160235|APARTAMENTO PRÓXIMO À RUA MARQUÊS DA CRUZ||3|2|1|108|R$ 350.000,00
160232|APARTAMENTO PRÓXIMO À RUA MARQUÊS DA CRUZ||3|2|1|108|R$ 350.000,00
160229|APARTAMENTO PRÓXIMO À RUA MARQUÊS DA CRUZ||3|2|1|108|R$ 350.000,00
158114|Apartamento mobiliado de 57m² com 02 quartos - Ipiranga|Ipiranga|2|1|1|57|R$ 350.000,00
156011|Apartamento de 92m² com 03 quartos sendo 01 suíte para venda - Jardim Palma Travassos|Jardim Palma Travassos|3|2|1|92|R$ 350.000,00
152075|Apartamento térreo de 93m² com 03 quartos - Presidente Medici|Presidente Medici|3|3|2|93|R$ 350.000,00
150167|Apartamento de 89m² com 02 quartos à venda - Residencial e Comercial Palmares|Residencial e Comercial Palmares|3|2|1|89|R$ 350.000,00
149456|APARTAMENTO PRÓXIMO À RUA ANIVALDO PONTON||3|2|1|109|R$ 350.000,00
149318|APARTAMENTO PRÓXIMO À RODOVIA ANHANGUERA||2|1|2|82|R$ 350.000,00
147779|APARTAMENTO STUDIO PRÓXIMO A AV INDEPENDÊNCIA||1|1|1|49|R$ 350.000,00
147179|APARTAMENTO PRÓXIMO À RUA ANDRÉ VELONI||3|3|2|99|R$ 350.000,00
145679|Apartamento de 32m² com 01 quarto à venda - Nova Ribeirânia|Nova Ribeirânia|1|1|1|32|R$ 350.000,00
145619|APARTAMENTO PRÓXIMO À RUA CAMILO DE MATTOS||2|2|2|59|R$ 350.000,00
145598|APARTAMENT PRÓXIMO À AVENIDA NOVE DE JULHO||3|3|1|89|R$ 350.000,00
138272|APARTAMENTO PRÓXIMO À AVENIDA BARÃO DO BANANAL||3|2|1|78|R$ 350.000,00
137288|APARTAMENTO NO JARDIM BOTÂNICO||2|2|2|70|R$ 350.000,00
137207|Apartamento de 59m² com 02 quartos á venda - Jardim Zara|Jardim Zara|2|2|1|59|R$ 350.000,00
135503|Apartamento de 91m² com 02 quartos para venda - Jardim Botânico|Jardim Botânico|2|2|1|91|R$ 350.000,00
134048|APARTAMENTO VILA ANA MARIA||3|3|2|77|R$ 350.000,00
133811|Apartamento - Padrão|Padrão|1|1|1|45|R$ 350.000,00
132443|Apartamento de 100m² com 03 quartos sendo 01 suíte à venda - Centro|Centro|3|3|1|100|R$ 350.000,00
131969|Apartamento - Padrão|Padrão|3|2|1|103|R$ 350.000,00
131966|Apartamento - Padrão|Padrão|3|2|1|103|R$ 350.000,00
130145|Apartamento de 79m² com 02 suítes para venda - Centro|Centro|2|3|1|79|R$ 350.000,00
128792|Apartamento de 73m² com 02 quartos sendo 01 suíte para venda - Parque dos Lagos|Parque dos Lagos|2|2|1|73|R$ 350.000,00
122753|Apartamento - Padrão|Padrão|3|2|1|64|R$ 350.000,00
120617|Apartamento de 111m² com 02 quartps sendo 01 suíte à venda - Centro|Centro|2|3|1|111|R$ 350.000,00
109196|Apartamento de 67m² com 02 quartos à venda - Alto da Boa Vista|Alto da Boa Vista|2|2|1|67|R$ 350.000,00
107357|Apartamento de 66m² com 02 quartos sendo 01 suíte para locação - Vila Ana Maria|Vila Ana Maria|2|2|2|66|R$ 350.000,00
104747|APARTAMENTO PRÓXIMO Á AVENIDA TREZE DE MAIO||3|2|1|120|R$ 350.000,00
102638|Apartamento de 68m² com 02 quartos para locação - Centro|Centro|2|2|1|68|R$ 350.000,00
102554|Apartamento - Padrão|Padrão|2|2|2|62|R$ 350.000,00
101096|Apartamento - Padrão|Padrão|2|2|1|90|R$ 350.000,00
101093|Apartamento - Padrão|Padrão|2|2|1|90|R$ 350.000,00
101090|Apartamento - Padrão|Padrão|2|2|1|90|R$ 350.000,00
101084|Apartamento de 90m² com 02 quartos à venda - Residencial e Comercial Palmares|Residencial e Comercial Palmares|2|2|1|90|R$ 350.000,00
101057|Apartamento - Padrão|Padrão|3|2|1|110|R$ 350.000,00
100913|Excelente apartamento reformado no Vila Seixas.||3|2|2|107|R$ 350.000,00
99809|APARTAMENTO NA LAGOINHA||3|2|1|67|R$ 350.000,00
96914|APARTAMENTO PRÓXIMO À AVENIDA PROF. JOÃO FIÚSA||2|2|1|53|R$ 350.000,00
95117|Apartamento de 60m² com 02 para locação - Nova Aliança|Nova Aliança|2|3|2|60|R$ 350.000,00
94790|Excelente apartamento Próximo ao Ribeirão Shopping||2|2|2|62|R$ 350.000,00
94229|Apartamento de 65m² com 03 quartos sendo 01 suíte para venda - Jardim Palma Travassos|Jardim Palma Travassos|3|2|1|65|R$ 350.000,00
93953|Apartamento de 96m² com 03 quartos para venda - Jd. Paulista|Jd Paulista|3|2|2|96|R$ 350.000,00
89894|Apartamento de 161m² com 04 quartos à venda - Centro|Centro|4|2|1|161|R$ 350.000,00
88238|Apartamento de 90m² com 03 quartos para locação e venda - Jardim Irajá|Jardim Irajá|3|1|1|90|R$ 350.000,00
86978|Apartamento de 49m² com 01 quarto e quintal à venda - Jardim Nova Aliança Sul|Jardim Nova Aliança Sul|1|2|1|49|R$ 350.000,00
82877|Apartamento de 44m² com 01 quarto à venda - Nova Aliança|Nova Aliança|1|1|1|44|R$ 350.000,00
81932|Apartamento de 40m² de 1 quarto - Bosque das Juritis|Bosque das Juritis|1|1|1|40|R$ 350.000,00
77759|APARTAMENTO PRÓXIMO AO PARQUE CARLOS RAYA||3|3|1|92|R$ 350.000,00
76412|Apartamento de 46m² com 01 quarto à venda - Nova Aliança|Nova Aliança|1|1|1|46|R$ 350.000,00
75527|APARTAMENTO COM 3 DORMITÓRIOS NO JARDIM SÃO LUIZ||3|2|1|83|R$ 350.000,00
73841|APARTAMENTO PRÓXIMO À AVENIDA MARIA DE JESUS CONDEIXA||2|2|1|0|R$ 350.000,00
71105|Apartamento de 55m² com 02 quartos à venda - no Bairro Iguatemi|no Bairro Iguatemi|2|1|1|55|R$ 350.000,00
69665|Apartamento de 73m² com 02 quartos à venda - Jardim Paulista|Jardim Paulista|2|3|1|73|R$ 350.000,00
58118|APARTAMENTO NO JOÃO PALMA TRAVASSOS||3|2|1|105|R$ 350.000,00
36620|Apartamento de 03 quartos para locação - Vila Tibério|Vila Tibério|3|3|1|92|R$ 350.000,00
14453|Apartamento de 97m² com 03 quartos á venda - Centro|Centro|3|2|1|97|R$ 350.000,00
215849|Apartamento térreo de 42m² com 01 quarto e quintal à venda - Vila Amélia|Vila Amélia|1|1|1|42|R$ 350.245,00
204722|Apartamento térreo de 74m² com 02 quartos à venda - Alto da Boa Vista|Alto da Boa Vista|2|2|1|74|R$ 350.806,00
82880|Apartamento de 44m² com 01 quarto à venda - Nova Aliança|Nova Aliança|1|1|1|44|R$ 348.000,00
232607|Apartamento Terreo na zona sul - Santa Cruz do José Jacques|Santa Cruz do José Jacques|2|1|1|97|R$ 320.000,00
202871|APARTAMENTO NO CENTRO||3|1|1|114|R$ 330.000,00
201074|APARTAMENTO PRÓXIMO A RECREATIVA||2|4|2|86|R$ 330.000,00
190865|Apartamento de 102m² com 03 quartos - Jardim Macedo|Jardim Macedo|3|2|1|102|R$ 350.000,00
180701|Apartamento de 80m² com 03 quartos à venda - Vila Mariana|Vila Mariana|3|2|1|80|R$ 350.000,00
142502|EXCELENTE APARTAMENTO PARA LOCAÇÃO NO JARDIM INTERLAGOS||2|2|1|57|R$ 355.000,00
120458|APARTAMENTO PRÓXIMO À AVENIDA CASTELO BRANCO||3|2|1|117|R$ 355.000,00
178529|Apartamento de 68m² com 03 quartos á venda e para locação - Centro|Centro|3|2|1|68|R$ 340.000,00
195215|EXCELENTE APARTAMENTO NO JARDIM PALMA TRAVASSOS||2|1|2|0|R$ 300.000,00
212516|Apartamento de 87m² com 3 quartos e 1 suíte à venda - Vila Tibério|Vila Tibério|3|2|2|87|R$ 329.000,00
219509|Apartamento de 48m² com 02 quartos à venda - Condomínio Mirante Sul|Condomínio Mirante Sul|2|1|1|48|R$ 340.000,00
186335|Apartamento a Venda próximo a USP em Ribeirão Preto||3|2|1|118|R$ 340.000,00
158402|Apartamento de 85m² com 03 quartos à venda - Presidente Médici|Presidente Médici|3|1|1|85|R$ 340.000,00
82820|ÓTIMO APARTAMENTO NO JARDIM BOTÂNICO||2|3|2|57|R$ 350.000,00
243941|Lançamento: Square Residencial - Apartamento de 47m² com 02 quartos à venda - Vila Virgínia|Apartamento de 47m² com 02 quartos à venda Vila Virgínia|2|1|1|47|R$ 360.000,00
238865|Apartamento de 62m² com 02 quartos Mobiliado e suíte para Venda - Campos Elíseos|Campos Elíseos|2|2|1|62|R$ 360.000,00
234038|EXCELENTE APARTAMENTO NO CENTRO||3|3|1|123|R$ 360.000,00
233357|Apartamento de 75m² com 03 quartos á venda - Presidente Médici|Presidente Médici|3|1|1|75|R$ 360.000,00
233303|Apartamento de 78m² com 03 quartos para venda - Parque dos Lagos|Parque dos Lagos|3|2|1|78|R$ 360.000,00
212246|Apartamento de 94m² com 03 quartos à venda - Lagoinha|Lagoinha|3|3|1|94|R$ 360.000,00
204941|Apartamento de 94m² com 02 quartos - Jardim Irajá|Jardim Irajá|2|2|1|94|R$ 360.000,00
202430|APARTAMENTO NO CENTRO||2|1|1|85|R$ 360.000,00
199124|Apartamento de 77m² com 03 quartos para locação e venda - Parque dos Bandeirantes|Parque dos Bandeirantes|3|3|1|77|R$ 360.000,00
195623|APARTAMENTO NO EDIFÍCIO MONTEREY EM BONFIM PAULISTA||2|1|1|50|R$ 360.000,00
192371|APARTAMENTO NO BAIRRO NOVA ALIANÇA||1|1|1|43|R$ 360.000,00
188744|APARTAMENTO NO JARDIM PAULISTA||3|2|1|92|R$ 360.000,00
180179|Apartamento de 53m² com 2 quartos - Nova Aliança|Nova Aliança|2|1|1|53|R$ 360.000,00
176957|APARTAMENTO DIFRENCIADO NO PRESIDENTE MÉDICI||3|1|1|75|R$ 360.000,00
171650|APARTAMENTO NA VILA TIBÉRIO||2|2|2|80|R$ 360.000,00
169436|APARTAMENTO NO JARDIM PALMA TRAVASSOS||3|3|1|88|R$ 360.000,00
167627|APARTAMENTO NO JD. SÃO LUIZ / JD. IRAJÁ||3|2|1|96|R$ 360.000,00
158648|Apartamento de 106m² com 03 quartos à venda - City Ribeirão|City Ribeirão|3|2|2|106|R$ 360.000,00
149609|Apartamento de 03 quartos para locação - Sumarezinho|Sumarezinho|3|3|1|81|R$ 360.000,00
143372|Apartamento de 141m² com 03 quartos à venda - Centro|Centro|3|3|1|141|R$ 360.000,00
135893|APARTAMENTO NO CENTRO||3|2|1|107|R$ 360.000,00
124787|Apartamento de 54m² com 02 quartos à venda -Jardim Palma Ttravasso|Jardim Palma Ttravasso|2|2|1|54|R$ 360.000,00
121277|Apartamento de 67m² com 02 quartos à venda - Jardim Antártica|Jardim Antártica|2|2|1|67|R$ 360.000,00
115295|EXCELENTE APARTAMENTO NO CENTRO||3|3|1|30|R$ 360.000,00
113675|Imóvel próximo ao parque Raya||2|2|1|68|R$ 360.000,00
105257|APARTAMENTO PRÓXIMO À AVENIDA PROFESSOR JOÃO FIÚSA||2|2|2|63|R$ 360.000,00
103922|APARTAMENTO PRÓXIMO AO SHOPPING SANTA ÚRSULA||3|3|1|141|R$ 360.000,00
102077|Apartamento de 65m² com 02 suítes para locação - Jardim Botânico|Jardim Botânico|2|2|2|65|R$ 360.000,00
100592|APARTAMENTO NO CENTRO||3|3|1|85|R$ 360.000,00
92693|Apartamento de 67m² com 02 quartos á venda - Santa Cruz do José Jacques|Santa Cruz do José Jacques|2|2|1|67|R$ 360.000,00
89543|Ótimo apartamento próximo à UNIP||1|1|1|45|R$ 360.000,00
69215|Apartamento de 86m² com 03 quartos para locação - Jardim Botânico|Jardim Botânico|3|3|2|86|R$ 360.000,00
20411|Apartamento de 80m² com 03 quartos - Jardim Independência|Jardim Independência|3|1|1|80|R$ 360.000,00
173861|Apartamento de 52m² com 02 quartos sendo 01 suíte à venda - Loteamento Santa Marta|Loteamento Santa Marta|2|2|1|52|R$ 360.400,00
155354|APARTAMENTO PRÓXIMO À AVENIDA EDUARDO GOMES DE SOUZA||2|1|1|61|R$ 360.400,00
69902|Apartamento de 74m² com 02 quartos para locação e venda - Centro|Centro|2|2|2|74|R$ 360.400,00
213557|Apartamento de 54m² com 02 quartos à venda - Vila Amélia|Vila Amélia|2|1|1|54|R$ 340.000,00
243800|Apartamento de 136m² com 03 quartos à venda - Jardim Macedo|Jardim Macedo|3|2|2|136|R$ 362.000,00
217916|Apartamento térreo de 62m² com 02 quartos à venda - Jardim Botânico|Jardim Botânico|2|2|2|62|R$ 362.000,00
242663|Apartamento de 75m² com 03 quartos à venda - Jardim Presidente Medici|Jardim Presidente Medici|3|2|1|75|R$ 365.000,00
237494|Apartamento de 48m² com 02 quartos para locação - Nova Aliança|Nova Aliança|1|2|1|48|R$ 365.000,00
231437|Apartamento de 80m² com 02 quartos à venda - Independência|Independência|2|1|1|80|R$ 365.000,00
183980|Apartamento de 63m² com 02 quartos à venda - Jardim São José|Jardim São José|2|1|2|63|R$ 365.000,00
175250|Apartamento Padrão de 90m² com 03 quartos para venda - Jardim Anhanguera|Jardim Anhanguera|3|2|2|90|R$ 365.000,00
136604|Apartamento no Jardim Botânico||2|2|1|80|R$ 365.000,00
132497|Apartamento de 80m² com 03 quartos sendo 1 suíte à venda - Alto da Boa Vista|Alto da Boa Vista|3|2|1|80|R$ 365.000,00
131147|Apartamento de 80m² com 02 quartos à venda - Centro|Centro|2|3|1|80|R$ 365.000,00
118856|Apartamento de 45m² com 01 quartos á venda - Nova Aliança|Nova Aliança|1|1|1|45|R$ 365.000,00
215060|Apartamento de 61m² com 02 quartos à venda - Reserva San Pedro|Reserva San Pedro|2|2|1|61|R$ 365.430,26
192698|Excelente oportunidade na zona sul||2|1|1|50|R$ 367.251,36
192683|Excelente oportunidade na zona sul||2|1|1|49|R$ 368.706,97
242291|Apartamento de 73m² com 02 quartos à venda - Jardim Paulista|Jardim Paulista|2|2|2|73|R$ 369.000,00
233126|Apartamento de 140m² com 03 quartos para venda - Centro|Centro|2|3|1|140|R$ 369.000,00
161237|Apartamento de 160m² com 03 quartos à venda - Centro|Centro|3|3|1|160|R$ 340.000,00
112187|Apartamento de 125m² com 03 quartos à venda - Campos Elíseos|Campos Elíseos|3|3|1|125|R$ 340.000,00
168383|Apartamento de 86m² com 02 quartos para locação - Parque dos Bandeirantes|Parque dos Bandeirantes|3|2|1|86|R$ 350.000,00
143792|Apartamento de 81m² com 03 quartos para locação e venda - Sumarezinho|Sumarezinho|3|3|1|81|R$ 350.000,00
128138|Apartamento Flat de 27m² à venda - Jardim Califórnia|Jardim Califórnia|1|1|1|27|R$ 350.000,00
128132|Apartamento - Padrão|Padrão|1|1|1|27|R$ 350.000,00
45326|Apartamento - Padrão|Padrão|3|3|1|97|R$ 350.000,00
244034|Apartamento de 99m² com 03 quartos à venda - Jardim Paulistano|Jardim Paulistano|3|2|1|99|R$ 370.000,00
243353|Apartamento de 86m² com 03 quartos sendo 01 suíte à venda - Jardim Irajá|Jardim Irajá|3|2|2|86|R$ 370.000,00
238415|Apartamento de 72m² com 02 quartos à venda - Jardim Macedo|Jardim Macedo|2|2|1|72|R$ 370.000,00
237749|Apartamento de 97 m² com 03 quartos à venda - Jardim Paulista|Jardim Paulista|3|2|1|97|R$ 370.000,00
233459|Apartamento de 199m² com 03 quartos à venda - Centro|Centro|3|3|1|199|R$ 370.000,00
217439|Apartamento de 86m² com 03 quartos à venda - Jardim Irajá|Jardim Irajá|3|2|1|86|R$ 370.000,00
210731|Apartamento de 100m² com 03 quartos para locação e venda - Centro|Centro|3|2|1|100|R$ 370.000,00
206378|Apartamento de 125m² com 03 quartos à venda - Campos Elíseos|Campos Elíseos|3|2|1|125|R$ 370.000,00
206276|Apartamento de 115m² com 03 quartos à venda - Centro|Centro|3|2|1|115|R$ 370.000,00
193784|EXCELENTE APARTAMENTO NO JARDIM BOTÂNICO||2|3|1|71|R$ 370.000,00
188390|APARTAMENTO CENRTO - PRÓXIMO A CATEDRAL ALUGADO!|PRÓXIMO A CATEDRAL ALUGADO|3|3|1|141|R$ 370.000,00
187607|Apartamento de 68m² com 02 quartos à venda - Santa Cruz do José Jacques|Santa Cruz do José Jacques|2|2|1|68|R$ 370.000,00
187409|Apartamento de 95m² com 03 quartos à venda - Sumarezinho|Sumarezinho|3|3|1|95|R$ 370.000,00
186281|Apartamento de 68m² com 02 quartos à venda - Santa Cruz do José Jacques|Santa Cruz do José Jacques|2|1|1|68|R$ 370.000,00
186269|Apartamento de 67m² com 02 quartos à venda - Santa Cruz do José Jacques|Santa Cruz do José Jacques|2|2|1|67|R$ 370.000,00
180176|Apartamento de 02 quartos - Jardim Botânico|Jardim Botânico|2|2|1|62|R$ 370.000,00
176132|Apartamento de 67m² com 02 quartos para venda - Santa Cruz|Santa Cruz|2|2|1|67|R$ 370.000,00
176129|Apartamento de 71m² 02 quartos para locação - Santa Cruz do José Jacques|Santa Cruz do José Jacques|2|2|1|71|R$ 370.000,00
173567|Apartamento de 63m² com 02 quartos para locação - Jardim Botânico|Jardim Botânico|2|2|1|63|R$ 370.000,00
170231|Apartamento de 80m² com 03 quartos para locação - Alto da Boa Vista|Alto da Boa Vista|3|2|1|80|R$ 370.000,00
167729|APARTAMENTO NO CENTRO||4|3|1|119|R$ 370.000,00
162038|APARTAMENTO TÉRREO PRÓXIMO AO PARQUE CARLOS RAYA||2|2|1|50|R$ 370.000,00
156752|Apartamento de 116m² com 03 quartos sendo 01 suíte à venda - Vila Seixas|Vila Seixas|3|3|2|116|R$ 370.000,00
147458|Apartamento de 71m² com 02 quartos á venda - Jardim Botânico|Jardim Botânico|2|1|2|71|R$ 370.000,00
137939|Apartamento de 82m² com 03 quartos para venda - Jardim Palma Travassos|Jardim Palma Travassos|3|2|1|82|R$ 370.000,00
128075|Apartamento de 03 dormitórios - Campos Elíseos|Campos Elíseos|3|3|1|97|R$ 370.000,00
109523|Apartamento de 107m² com 02 quartos no Centro - Ribeirão Preto|Ribeirão Preto|2|2|1|107|R$ 370.000,00
106712|APARTAMENTO PRÓXIMO À AVENIDA PROFESSOR JOÃO FIÚSA||3|2|1|72|R$ 370.000,00
99494|APARTAMENTO NO JARDIM IRAJÁ||3|2|1|87|R$ 370.000,00
91475|Apartamento - Padrão|Padrão|3|2|2|80|R$ 370.000,00
90662|Apartamento de 63m² com 02 qaurtos sendo 1 suíte à venda - Nova Aliança|Nova Aliança|2|2|1|63|R$ 370.000,00
89939|Apartamento de 69m² 02 quarto sendo 01 suíte para locação e venda - Nova Aliança|Nova Aliança|2|2|1|69|R$ 370.000,00
86282|Apartamento de 45 m² e 1 suíte -Santa Cruz do José Jacques|Santa Cruz do José Jacques|1|1|1|45|R$ 370.000,00
80393|Apartamento de 54m² com 02 quartos para venda - Vila Amélia|Vila Amélia|2|1|1|54|R$ 370.000,00
57497|Apartamento - Padrão|Padrão|3|1|2|83|R$ 370.000,00
198269|Apartamento com 3 quartos para venda e locação - Centro|Centro|3|2|1|146|R$ 320.000,00
182717|APARTAMENTO PRÓXIMO À AVENIDA 9 DE JULHO||3|3|1|139|R$ 330.000,00
162938|Apartamento de 68m² com 02 quartos à venda - Centro|Centro|2|2|1|68|R$ 330.000,00
154922|Apartamento de 121mts ; 03 dorm sendo 01 suite - Campos Eliseos|Campos Eliseos|3|2|1|121|R$ 330.000,00
211046|Apartamento de 38m² com 01 quarto para locação e venda - Jardim Palma Travassos|Jardim Palma Travassos|1|1|1|38|R$ 350.000,00
183731|APARTAMENTO PRÓXIMO À AVENIDA JOÃO FIÚSA||2|3|1|108|R$ 350.000,00
149570|Duplex de 45m² com 01 suíte - Jardim Nova Aliança|Jardim Nova Aliança|1|2|1|45|R$ 355.000,00
63803|Apartamento de 105m² com 03 quartos á venda - Jardim Irajá|Jardim Irajá|3|2|2|105|R$ 360.000,00
244967|Apartamento de 90m² com 03 quartos sendo 01 suíte para venda - Centro|Centro|3|3|1|90|R$ 371.000,00
229286|Apartamento de 112,40m² com 2 quartos á venda térreo - Jardim Irajá|Jardim Irajá|2|2|1|40|R$ 371.000,00
208352|Apartamento de 02 quartos com 54m² para locação - Monte Alegre|Monte Alegre|2|2|1|54|R$ 371.000,00
199817|APARTAMENTO NO JARDIM IRAJÁ||3|2|1|85|R$ 371.000,00
198275|Apartamento de 32m² 01 quarto para locação - Jardim Irajá|Jardim Irajá|1|1|1|32|R$ 371.000,00
193550|****APARTAMENTO ALTO PADRÃO EM AVENIDA GRANDE FLUXO****||1|1|1|60|R$ 371.000,00
177740|Apartamento de 80m² com 02 quartos à venda - Centro|Centro|2|2|1|80|R$ 371.000,00
171083|APARTAMENTO NA PRESIDENTE MEDICI||3|3|1|114|R$ 371.000,00
164999|Apartamento de 68m² com 02 quartos à venda - Vila Seixas|Vila Seixas|2|2|1|68|R$ 371.000,00
150464|APARTAMENTO JARDIM NOVA ALIANÇA||2|1|1|55|R$ 371.000,00
139562|Apartamento para venda com 02 quartos - Jardim Novo Mundo|Jardim Novo Mundo|2|2|2|75|R$ 371.000,00
123755|APARTAMENTO PRÓXIMO À AVENIDA NOVE DE JULHO||3|3|2|146|R$ 371.000,00
120683|APARTAMENTO NO JARDIM IRAJÁ||2|2|1|70|R$ 371.000,00
114377|Apartamento de 100m² com 03 quartos - Centro|Centro|3|2|1|100|R$ 371.000,00
114251|Apartamento de 97m² com 03 quartos sendo 01 suíte - Jardim Irajá|Jardim Irajá|3|3|1|97|R$ 371.000,00
113267|Apartamento para locação, no Jd Botânico, 3 quartos||3|2|2|75|R$ 371.000,00
112511|Apartamento - Padrão|Padrão|2|2|1|72|R$ 371.000,00
101606|Apartamento 96m² 02 quartos para venda - Centro.|Centro|2|2|1|96|R$ 371.000,00
99188|Apartamento - Padrão|Padrão|3|2|1|62|R$ 371.000,00
94940|Apartamento de 45m² com 01 quarto para locação - Jardim Flórida|Jardim Flórida|1|1|1|45|R$ 371.000,00
94415|PRÓXIMO À AVENIDA CLÓVIS BEVILACQUA||3|2|1|99|R$ 371.000,00
84095|Apartamento de 105m² com 03 quartos à venda - Campos Elíseos|Campos Elíseos|3|2|1|105|R$ 371.000,00
76943|APARTAMENTO NO JARDIM PALMA TRAVASSOS||3|2|1|130|R$ 371.000,00
68000|Apartamento de 60m² - Nova Aliança|Nova Aliança|2|2|1|60|R$ 371.000,00
57818|Apartamento de 51m² com 01 quarto - Centro|Centro|1|1|1|51|R$ 371.000,00
53009|APARTAMENTO PRÓXIMO À AVENIDA CASTELO BRANCO||3|2|2|104|R$ 371.000,00
133346|Apartamento - Padrão|Padrão|3|3|2|122|R$ 372.000,00
119207|APARTAMENTO PRÓXIMO À AVENIDA TREZE DE MAIO||3|2|1|117|R$ 372.000,00
233315|Apartamento de 53m² com 02 quartos para venda - Nova Aliança|Nova Aliança|2|1|1|53|R$ 359.000,00
233480|Apartamento de 64m² com 02 quartos à venda - Sumarezinho|Sumarezinho|2|2|1|64|R$ 375.000,00
221324|Apartamento de 48m² com 02 quartos à venda - Jardim Olhos D`Água|Jardim Olhos DÁgua|2|1|1|48|R$ 375.000,00
217664|Apartamento de 97m² com 03 quartos à venda - Vila Tibério|Vila Tibério|3|2|2|97|R$ 375.000,00
211940|Apartamento de 44m² com 01 suíte para locação||1|1|1|44|R$ 375.000,00
197003|APARTAMENTO NO CAMPOS ELÍSEOS||3|3|2|49|R$ 375.000,00
188435|Apartamento de 46m² com 01 quarto para venda - Nova Aliança|Nova Aliança|1|1|1|46|R$ 375.000,00
186278|Apartamento de 68m² com 02 quartos sendo 01 suíte para locação e venda - Santa Cruz do José Jacques|Santa Cruz do José Jacques|2|1|1|68|R$ 375.000,00
183491|Excelente Apartamento no Residencial Palmares||3|2|2|78|R$ 375.000,00
143015|Apartamento de 136m² com 03 quartos sendo 01 suíte à venda - Jardim Macedo|Jardim Macedo|3|2|2|136|R$ 375.000,00
134753|Apartamento de 32m² com 01 quarto para locação - Vila Monte Alegre|Vila Monte Alegre|1|1|1|32|R$ 375.000,00
115973|Apartamento de 70m² com 02 quartos à venda - Jardim Macedo|Jardim Macedo|2|2|2|70|R$ 375.000,00
115718|Apartamento de 84m² com 03 quartos à venda - Jardim Sumaré|Jardim Sumaré|3|2|2|84|R$ 375.000,00
99095|APARTAMENTO NO BAIRRO JARDIM NOVA ALIANÇA||1|1|1|55|R$ 375.000,00
92762|Apartamento - Padrão|Padrão|3|2|1|89|R$ 375.000,00
82823|Apartamento de 68m² com 02 suítes para locação - Botânico|Botânico|2|3|2|68|R$ 375.000,00
245579|Apartamento de 85m² com 02 quartos para venda - Jardim Botânico|Jardim Botânico|2|2|1|85|R$ 379.000,00
235520|Apartamento de 77m² com 02 quartos à venda - Parque dos Lagos|Parque dos Lagos|2|2|2|77|R$ 379.000,00
170930|Lindo Apartamento a 7min do Shopping Santa Úrsula||2|1|1|71|R$ 379.314,04
171173|APARTAMENTO NO JARDIM HEITOR RIGON||2|1|1|43|R$ 160.000,00
69947|Apartamento de 65 m² com 2 quartos -Centro|Centro|2|2|1|65|R$ 250.000,00
190043|Apartamento de 67m² com 02 quartos para venda e locação - Iguatemi|Iguatemi|2|2|1|67|R$ 300.000,00
91637|Apartamento de 104m² com 03 quartos, 1 suíte à venda - Lagoinha|Lagoinha|3|2|2|104|R$ 320.000,00
13880|Apartamento de 03 quartos à venda - Campos Eliseos|Campos Eliseos|3|1|1|105|R$ 320.000,00
234968|Apartamento terréo de 85m² com 03 quartos à venda - Presidente Médici|Presidente Médici|3|2|1|85|R$ 330.000,00
84344|APARTAMENTO PRÓXIMO À AVENIDA NOVE DE JULHO||3|3|1|89|R$ 345.000,00
207323|Apartamento de 70m² com 02 quartos à venda - Jardim Macedo|Jardim Macedo|2|2|2|70|R$ 350.000,00
199358|Apartamento de 62m² com03 quartos à venda - Loteamento Santa Marta|Loteamento Santa Marta|3|2|1|62|R$ 350.000,00
97802|Apartamento de 03 quartos para venda - Vila Ana Maria|Vila Ana Maria|3|2|1|73|R$ 350.000,00
231044|Apartamento de 63m² com 02 quartos à venda - Jardim Botânico|Jardim Botânico|2|2|1|63|R$ 360.000,00
213989|Apartamento de 55m² com 02 quartos à venda - Jardim Olhos D`Água|Jardim Olhos DÁgua|2|2|1|55|R$ 365.000,00
133658|Apartamento à Venda - Jardim Botânico|Jardim Botânico|2|2|1|63|R$ 365.000,00
202331|Apartamento no Monte Alegre com 64 m²||3|2|1|64|R$ 370.000,00
245138|Apartamento de 123m² com 03 quartos à venda - Centro|Centro|3|4|1|123|R$ 380.000,00
238856|Apartamento de 106,65m² Térreo, com 02 quartos à venda - Vila Seixas|Vila Seixas|2|2|1|65|R$ 380.000,00
238157|Apartamento mobiliado com 51m² com 02 quartos à venda - Jardim Anhanguera|Jardim Anhanguera|2|1|1|51|R$ 380.000,00
235994|Apartamento de 97m² com 03 quartos para locação e venda - Centro|Centro|3|2|1|97|R$ 380.000,00
235607|Apartamento de 55m² com 01 quarto à venda - Jardim Olhos D`Água|Jardim Olhos DÁgua|1|1|1|55|R$ 380.000,00
234578|Apartamento de 45m² com 02 quartos para venda - Bonfim Paulista|Bonfim Paulista|2|1|1|45|R$ 380.000,00
234416|Apartamento de 88m² com 03 quartos à venda - Alto da Boa Vista|Alto da Boa Vista|3|2|2|88|R$ 380.000,00
232847|Apartamento a venda - 02 quartos no bairro Jardim Palma Travassos|"02 quartos no bairro Jardim Palma Travassos"|2|2|1|62|R$ 380.000,00
231326|Apartamento mobiliado de 47m com 02 quartos á venda - Reserva São José|Reserva São José|2|1|1|47|R$ 380.000,00
228164|Apartamento de 88m² com 03 quartos à venda - Jardim Botânico|Jardim Botânico|3|3|1|88|R$ 380.000,00
226616|Apartamento de 54m² com 02 quartos à venda - Sumarezinho|Sumarezinho|2|2|1|54|R$ 380.000,00
224501|Apartamento de 58m² com 02 quartos sendo 01 suíte à venda - Campos Elíseos|Campos Elíseos|2|2|1|58|R$ 380.000,00
223316|Apartamento de 67m² com 02 quartos para locação - Jardim Botânico|Jardim Botânico|2|2|1|67|R$ 380.000,00
215858|Apartamento de 44m² com 01 quarto à venda - Nova Aliança|Nova Aliança|1|1|1|44|R$ 380.000,00
214460|Apartamento de 80m² com 02 quartos à venda - Centro|Centro|2|2|1|80|R$ 380.000,00
213809|Apartamento de 105m² com 03 quartos à venda - Campos Elíseos|Campos Elíseos|3|3|1|105|R$ 380.000,00
213098|Apartamento de 57m² com 02 quartos para locação - Jardim das Oliveiras|Jardim das Oliveiras|2|2|1|57|R$ 380.000,00
211991|Apartamento de 52m² com 02 quartos para locação - Quintas de São José|Quintas de São José|2|2|1|52|R$ 380.000,00
208271|Apartamento de 80m² com 02 quartos sendo 01 suíte para locação e venda - Jardim Irajá|Jardim Irajá|2|2|1|80|R$ 380.000,00
206480|Apartamento de 99m² com 03 quartos à venda - Vila Tibério|Vila Tibério|3|2|1|99|R$ 380.000,00
206177|Apartamento de 80m² com 03 quartos à venda - Independência|Independência|3|2|2|80|R$ 380.000,00
206153|Apartamento de 94m² com 03 quartos à venda - Parque Industrial Lagoinha|Parque Industrial Lagoinha|3|2|1|94|R$ 380.000,00
205661|Apartamento de 71m² com 02 quartos à venda - Nova Aliança|Nova Aliança|2|2|1|71|R$ 380.000,00
198173|Apartamento de 51m² com 01 quarto à venda - Ribeirânia|Ribeirânia|1|1|1|51|R$ 380.000,00
196370|APARTAMENTO NO JARDIM PAULISTA||2|2|1|72|R$ 380.000,00
195419|Apartamento de 96m², de 02 quartos - Centro|Centro|2|2|1|96|R$ 380.000,00
194090|EXCELENTE APARTAMENTO PARA VENDA NA AVENIDA CARAMURU||2|2|1|68|R$ 380.000,00
186446|Apartamento de 01 quarto para locação - Nova Aliança|Nova Aliança|1|1|1|44|R$ 380.000,00
168740|APARTAMENTO NO JARDIM SÃO LUIZ||1|2|1|54|R$ 380.000,00
165452|APARTAMENTO PRÓXIMO Á AVENIDA PORTUGAL||2|2|1|74|R$ 380.000,00
160568|Apartamento de 121m² com 03 quartos à venda - Campos Elísios|Campos Elísios|3|3|1|121|R$ 380.000,00
160241|APARTAMENTO PRÓXIMO À RUA MARQUÊS DA CRUZ||3|2|1|108|R$ 380.000,00
157202|Apartamento de 73m² com 02 quartos à venda - Parque Industrial Lagoinha|Parque Industrial Lagoinha|2|2|1|73|R$ 380.000,00
151079|LINDO APARTAMENTO EM BONFIM PAULISTA||3|2|2|79|R$ 380.000,00
132998|Apartamento 99,10m² com 03 Quartos a venda - Vila Tibério|Vila Tibério|3|2|1|10|R$ 380.000,00
118982|APARTAMENTO EM FRENTE À CATEDRAL||3|2|1|165|R$ 380.000,00
114896|Apartamento Mobiliado de 31m² com 01 quarto para venda e locação- Ribeirania|Ribeirania|1|1|1|31|R$ 380.000,00
104333|EXCELENTE APARTAMENTO TÉRREO PARA LOCAÇÃO BAIRRO CITY RIBEIRÃO||1|2|1|60|R$ 380.000,00
103469|Apartamento de 60m² com 02 quartos - Jardim Botânico|Jardim Botânico|2|2|1|60|R$ 380.000,00
97382|Apartamento Mobiliado de 43m² com 01 quarto à venda - Nova Aliança|Nova Aliança|1|1|1|43|R$ 380.000,00
97205|Apartamento de 93m² com 03 quartos sendo 01 suíte à venda - Iguatemi|Iguatemi|3|2|3|93|R$ 380.000,00
95414|Apartamento de 141m² com 03 quartos para locação - Centro|Centro|3|3|1|141|R$ 380.000,00
93833|Apartamento de 63m² com 02 quartos à venda - Nova Aliança|Nova Aliança|2|2|1|63|R$ 380.000,00
91835|Apartamento de 97m² com 03 quartos para locação - Centro|Centro|3|2|1|97|R$ 380.000,00
88208|APARTAMENTO PRÓXIMO À AVENIDA PROFESSOR JOÃO FIÚSA||2|2|1|0|R$ 380.000,00
84023|Apartamento de 106m² com 02 quartos para locação e venda - Centro|Centro|3|2|1|106|R$ 380.000,00
82826|EXCELENTE APARTAMENTO TÉRREO PARA LOCAÇÃO E VENDA NO JARDIM BOTÂNICO||2|3|2|118|R$ 380.000,00
75707|Apartamento de 117m² com 03 quartos à venda - Jardim Palma Travassos|Jardim Palma Travassos|3|2|1|117|R$ 380.000,00
63191|Apartamento de 107m² com 03 quartos sendo 01 suíte à venda - Centro|Centro|3|2|2|107|R$ 380.000,00
20465|APARTAMENTO PRÓXIMO AO SHOPPING SANTA ÚRSULA||3|3|1|90|R$ 380.000,00
90875|Apartamento de 54m² com 02 quartos à venda - Parque Industrial Lagoinha|Parque Industrial Lagoinha|2|1|1|54|R$ 381.000,00
129674|APARTAMENTO REFORMADO NO CENTRO||3|4|1|168|R$ 365.000,00
233537|Apartamento de 67m² com 03 quartos à venda - Jardim Olhos D`Água|Jardim Olhos DÁgua|3|2|1|67|R$ 382.000,00
202193|Apartamento de 56m² com 02 quartos à venda - Bosque das Juritis|Bosque das Juritis|2|1|1|56|R$ 382.000,00
188483|Apartamento de 49m² com 01 quarto para locação e venda - Nova Aliança|Nova Aliança|1|1|1|49|R$ 382.000,00
161468|Apartamento de 44m² com 01 suíte para locação e venda - Jardim Recreio|Jardim Recreio|1|2|1|44|R$ 382.000,00
132548|Apartamento de 99 m² com 03 quartos para locação - Jardim Irajá|Jardim Irajá|3|3|2|99|R$ 382.000,00
129455|Apartamento de 49m² com 1 quarto para locação - Ribeirânia|Ribeirânia|1|1|1|49|R$ 382.000,00
109376|Apartamento - Padrão|Padrão|3|2|1|0|R$ 382.000,00
80216|Apartamento de 80m² com 02 suítes à venda - Jardim Sumaré|Jardim Sumaré|2|3|1|80|R$ 382.000,00
227486|Apartamento de 54m² com 02 quartos para locação e venda - Jardim Palma Travassos|Jardim Palma Travassos|2|2|1|54|R$ 384.000,00
195470|LINDO APARTAMENTO NO CENTRO DE RIBEIRÃO PRETO.||3|3|1|100|R$ 340.000,00
64142|Apartamento de 84m² com 03 quartos sendo 01 suíte á venda - Jardim Sumaré|Jardim Sumaré|3|3|2|84|R$ 360.000,00
216920|Apartamento de 51m² com 01 quarto para locação e venda - Ribeirânia|Ribeirânia|1|1|1|51|R$ 380.000,00
150806|Apartamento de 3 dormitórios e 1 suíte próximo Av. João Fiusa||3|2|1|98|R$ 380.000,00
226907|Apartamento de 117m² com 03 quartos à venda - Centro|Centro|3|3|1|117|R$ 385.000,00
210815|Apartamento de 160m² com 03 quartos à venda - Centro|Centro|3|3|1|160|R$ 385.000,00
202628|Apartamento de 02 quartos para locação - Alto da Boa Vista|Alto da Boa Vista|2|1|1|53|R$ 385.000,00
176897|APARTAMENTO NO JARDIM BOTÂNICO||2|3|2|70|R$ 385.000,00
139190|Apartamento de 146m² com 03 quartos sendo 01 suíte à venda - Centro|Centro|3|3|1|146|R$ 385.000,00
104468|APARTAMENTO PRÓXIMO À AVENIDA MARIA DE JESUS CONDEIXA||3|3|1|88|R$ 385.000,00
85946|Apartamento de 58m² com 02 quartos à venda -||2|2|1|58|R$ 385.000,00
198488|Apartamento de 57m² com 02 quartos para locação e venda - Alto da Boa Vista|Alto da Boa Vista|2|2|1|57|R$ 388.467,00
234509|Apartamento de 58m² com 01 quarto á venda - Jardim Botânico|Jardim Botânico|1|1|1|58|R$ 350.000,00
121562|Apartamento de 85m² com 03 quartos à venda - Parque dos Bandeirantes|Parque dos Bandeirantes|3|3|2|85|R$ 350.000,00
238505|Apartamento de 49m² com 01 quarto e varanda gourmet à venda - Nova Aliança|Nova Aliança|1|1|1|49|R$ 360.000,00
217826|Apartamento de 48m² com 02 quartos à venda - Jardim Olhos D`Água|Jardim Olhos DÁgua|2|1|1|48|R$ 370.000,00
225581|Apartamento de 75m² com 03 quartos à venda - Jardim Botânico|Jardim Botânico|3|2|2|75|R$ 380.000,00
240149|Apartamento de 50m² com 02 quartos sendo 01 suíte à venda - Parque Bandeirantes|Parque Bandeirantes|1|1|1|50|R$ 390.000,00
239300|Apartamento de 95m² 03 quartos sendo 01 suíte no Jardim Irajá||3|2|2|95|R$ 390.000,00
221918|Apartamento de 64m² com 02 quartos sendo 01 suíte à venda - Jardim Paulista|Jardim Paulista|2|2|1|64|R$ 390.000,00
220889|Apartamento de 65m² com 03 quartos sendo 01 suíte para locação - Sumarezinho|Sumarezinho|3|2|1|65|R$ 390.000,00
220343|Apartamento de 83m² com 03 quartos à venda - Jardim Irajá|Jardim Irajá|3|3|1|83|R$ 390.000,00
217022|Apartamento de 83m² com 02 suítes à venda - Residencial Greenville|Residencial Greenville|2|3|1|83|R$ 390.000,00
216098|Apartamento de 80m² com 03 quartos à venda - Vila Tibério|Vila Tibério|3|2|2|80|R$ 390.000,00
212933|Apartamento de 125m² com 03 quartos à venda - Campos Elíseos|Campos Elíseos|3|3|1|125|R$ 390.000,00
212501|Apartamento de 80m² com 02 quartos para venda - Vila Tibério|Vila Tibério|1|2|2|80|R$ 390.000,00
208805|Apartamento mobilado de 45m² com 01 suíte para locação - Jardim Botânico|Jardim Botânico|1|1|1|45|R$ 390.000,00
202613|APARTAMENTO NA VILA TIBERIO||3|2|2|80|R$ 390.000,00
202025|APARTAMENTO NA VILA TIBERIO||3|2|2|80|R$ 390.000,00
201884|APARTAMENTO NA VILA TIBERIO||3|2|2|80|R$ 390.000,00
201512|APARTAMENTO NA VILA TIBERIO||2|2|2|80|R$ 390.000,00
201455|APARTAMENTO NA VILA TIBERIO||2|2|2|80|R$ 390.000,00
201197|APARTAMENTO NA VILA TIBERIO||3|2|2|80|R$ 390.000,00
201041|Apartamento de 80m² com 03 quartos para locação e venda - Vila Tibério|Vila Tibério|3|2|2|80|R$ 390.000,00
200525|EXCELENTE OPORTUNIDADE DE APARTAMENTO REFORMADO NO JARDIM MACEDO||3|2|2|93|R$ 390.000,00
195782|Apartamento de 106m² com 03 quartos à venda - Jardim Irajá|Jardim Irajá|3|2|1|106|R$ 390.000,00
195395|APARTAMENTO NO ANA MARIA||2|2|1|69|R$ 390.000,00
194429|Apartamento de 69m² com 02 quartos à venda - Jardim Irajá|Jardim Irajá|2|2|1|69|R$ 390.000,00
191615|****APARTAMENTO NA VILA TIBERIO****||3|2|2|80|R$ 390.000,00
189197|Apartamento de 117m² com 03 quartos á venda - Jardim Irajá|Jardim Irajá|3|2|1|117|R$ 390.000,00
176879|Apartamento térreo de 70m² com 02 suítes à venda - Jardim Botânico|Jardim Botânico|2|3|2|70|R$ 390.000,00
165461|Apartamento de 02 quartos à venda - Santa Cruz do José Jacques|Santa Cruz do José Jacques|2|2|1|74|R$ 390.000,00
165458|Apartamento de 74m² com 02 quartos sendo 01 suíte à venda - Santa Cruz dos Jacques|Santa Cruz dos Jacques|2|2|1|74|R$ 390.000,00
165446|Apartamento de 74m² com 02 quartos para locação - Santa Cruz do José Jacques|Santa Cruz do José Jacques|2|2|1|74|R$ 390.000,00
155858|Apartamento de 69m² com 02 quartos para locação - Jardim Botânico|Jardim Botânico|2|3|1|69|R$ 390.000,00
152387|Apartamento de 129m² com 03 quartos à venda - Centro|Centro|3|3|1|129|R$ 390.000,00
151130|Apartamento de 103m² com 03 quartos à venda - Centro|Centro|3|2|1|103|R$ 390.000,00
143600|**APARTAMENTO COM 2 SUÍTES**||2|3|1|79|R$ 390.000,00
109886|Apartamento de 02 quartos á venda - Jardim Botânico|Jardim Botânico|2|2|1|65|R$ 390.000,00
101063|Apartamento térreo de 96m² com 03 quartos à venda - Jardim Paulista|Jardim Paulista|3|3|1|96|R$ 390.000,00
98009|Apartamento de 98m² com 02 quartos à venda - Alto da Boa Vista|Alto da Boa Vista|2|1|1|98|R$ 390.000,00
96425|APARTAMENTO NO CENTRO||2|2|1|65|R$ 390.000,00
79061|Apartamento de 60m² com 01 quarto à venda - Santa Cruz do José Jacques|Santa Cruz do José Jacques|1|1|1|60|R$ 390.000,00
62894|Apartamento de 123m² com 03 quartos à venda - Centro|Centro|3|3|1|123|R$ 390.000,00
6362|Apartamento de 97m² com 03 quartos à venda - Centro|Centro|3|2|1|97|R$ 390.000,00
79187|Apartamento de 02 quartos para locação - Monte Alegre|Monte Alegre|2|2|1|93|R$ 392.000,00
170939|Lindo Apartamento a 7min do Shopping Santa Úrsula||2|1|1|73|R$ 392.182,96
141569|APARTAMENTO PADRÃO AVENIDA CARAMURU||3|2|2|84|R$ 385.000,00
146654|Apartamento de 95m² com 02 quartos para locação - Centro|Centro|2|1|1|95|R$ 393.000,00
121772|APARTAMENTO NO IRAJA||3|2|1|85|R$ 393.000,00
91607|Apartamento de 46m² com 01 quartos para venda e locação - Vila Monte Alegre|Vila Monte Alegre|1|1|1|46|R$ 393.000,00
232043|Apartamento padrão de 101m² com 03 quartos para venda - Jardim Irajá|Jardim Irajá|3|3|1|101|R$ 380.000,00
243095|Apartamento de 42m² com 01 quarto à venda - Jardim Sumaré|Jardim Sumaré|1|1|1|42|R$ 395.000,00
233963|Apartamento de 101m² com 03 quartos à venda - Jardim Irajá|Jardim Irajá|3|2|1|101|R$ 395.000,00
232595|Apartamento/Padrão - Residencial - No bairro Jardim Palma Travassos - Edifício Paranoá|Residencial No bairro Jardim Palma Travassos Edifício Paranoá|3|2|1|82|R$ 395.000,00
82835|Apartamento de 68m² com 02 suítes à venda - Jardim Botânico|Jardim Botânico|2|3|2|68|R$ 395.000,00
82832|Apartamento de 77m² com 02 suítes - Jardim Botânico|Jardim Botânico|2|2|2|77|R$ 395.000,00
123107|Apartamento de 03 quartos para locação e venda - Centro|Centro|3|3|1|90|R$ 397.000,00
215855|Apartamento de 51m² com 02 quartos à venda - Vila Amélia|Vila Amélia|2|1|1|51|R$ 398.693,00
221300|Apartamento de 54m² com 02 quartos à venda - Dom Bernardo José Mielle|Dom Bernardo José Mielle|2|1|1|54|R$ 399.000,00
111974|Apartamento - Padrão|Padrão|3|2|1|148|R$ 399.000,00
89141|Apartamento de 100m² com 03 quartos á venda - Santa Cruz do José Jacques|Santa Cruz do José Jacques|3|2|1|100|R$ 399.000,00
232511|Apartamento de 81m² com 02 quartos à venda - Jardim Paulista|Jardim Paulista|2|2|2|81|R$ 399.000,00
235415|Apartamento de 124m² com 03 quartos para locação e venda - Centro|Centro|3|4|2|124|R$ 550.000,00
245030|Apartamento de 78m² com 03 quartos sendo 01 suíte para locação e venda - Quinta da Primavera|Quinta da Primavera|3|2|2|78|R$ 600.000,00
83519|Apartamento - Padrão|Padrão|3|4|2|109|R$ 650.000,00
186332|Apartamento de 71m² com 03 quartos para locação e venda - Ribeirânia|Ribeirânia|3|2|2|71|R$ 720.000,00
116972|Apartamento de 132m² com 03 quartos para locação e venda - Centro|Centro|3|4|1|132|R$ 850.000,00
206102|Apartamento de 131m² com 03 suítes para locação - Jardim Nova Aliança|Jardim Nova Aliança|3|5|2|131|R$ 950.000,00
239129|Apartamento de 86m² com 03 quartos para locação e venda - Quinta da primavera|Quinta da primavera|3|3|2|86|R$ 711.000,00
202664|Apartamento de 183m² com 03 quartos à venda - Jardim Botânico|Jardim Botânico|3|5|3|183|R$ 1.900.000,00
213569|Apartamento de 69m² com 01 suíte para locação - Jardim Olhos D`Água|Jardim Olhos DÁgua|1|2|2|69|R$ 690.000,00
240242|Apartamento de 85m² com 02 Suítes a venda - Nova Aliança|Nova Aliança|2|3|2|85|R$ 680.000,00
240239|Apartamento de 85m² com 02 suítes para locação e venda - Nova Aliança|Nova Aliança|2|3|2|85|R$ 710.000,00
148922|Apartamento de 107m² com 03 quartos para locação e venda - Jardim Paulista|Jardim Paulista|3|2|2|107|R$ 799.000,00
216596|Apartamento de 60m² com 02 suítes para locação e venda - Vila do Golf.|Vila do Golf|2|3|1|60|R$ 550.000,00
218576|Apartamento de 166m² com 02 suítes à venda - Jardim Irajá|Jardim Irajá|3|5|3|166|R$ 980.000,00
112688|Apartamento de 139m² com 04 quartos à venda - Jardim Canadá|Jardim Canadá|4|4|2|139|R$ 990.000,00
225158|Apartamento mobiliado de 32m² com 01 quarto para locação e venda - Vila Seixas|Vila Seixas|1|1|1|32|R$ 180.000,00
244589|Apartamento de 73m² com 02 quartos para locação e venda - Bosque das Juritis|Bosque das Juritis|2|2|1|73|R$ 610.000,00
242888|Apartamento de 85m² com 02 quartos para locação e venda - Nova Aliança|Nova Aliança|2|3|2|85|R$ 826.248,00
242885|Apartamento de 85m² com 02 quartos para locação e venda - Nova Aliança|Nova Aliança|2|3|2|85|R$ 865.000,00
242759|Apartamento de 137m² com 04 quartos para locação e venda - Jardim Irajá|Jardim Irajá|4|4|2|137|R$ 890.000,00
133454|Apartamento de 200m² com 03 suítes para venda e locação - Vila Seixas|Vila Seixas|3|4|3|200|R$ 950.000,00
244274|Apartamento de 85m² com 03 quartos para venda e locação - Nova Aliança|Nova Aliança|2|3|2|85|R$ 750.179,00
244271|Apartamento de 85m² com 02 suítes para venda e locação - Nova Aliança|Nova Aliança|2|3|2|85|R$ 750.129,00
207926|Apartamento mobiliado de 64m² com 02 quartos para venda e locação - Jardim Botânico|Jardim Botânico|2|2|1|64|R$ 753.000,00
212027|Apartamento de 59m² com 02 quartos para locação e venda - Jardim Sumaré|Jardim Sumaré|2|2|2|59|R$ 850.000,00
203750|Apartamento com 123m² com 3 quartos para locação e venda - Santa Cruz dos Jacques|Santa Cruz dos Jacques|3|4|2|123|R$ 890.000,00
128861|Apartamento de 64m² com 02 quartos a venda - Jardim Paulista|Jardim Paulista|2|2|1|64|R$ 280.000,00
196343|APARTAMENTO NO CENTRO||3|2|1|140|R$ 330.000,00
157955|Apartamento de 02 quartos para locação - Alto da Boa Vista|Alto da Boa Vista|2|2|1|0|R$ 335.000,00
87896|Apartamento de 99m² com 03 quatos sendo 01 suíte para venda - Vila Tibério|Vila Tibério|3|2|1|99|R$ 350.000,00
67718|Apartamento de 03 quartos para locação - Jardim Irajá|Jardim Irajá|3|2|1|96|R$ 350.000,00
183341|Apartamento de 117m² com 03 quartos - Jardim Paulistano|Jardim Paulistano|3|2|1|117|R$ 360.000,00
230546|Apartamento de 69m² com 02 quartos á venda - Jardim Paulista|Jardim Paulista|2|1|1|69|R$ 361.000,00
162947|APARTAMENTO PRÓXIMO AO PARQUE CARLOS RAYA||3|2|1|68|R$ 370.000,00
163052|Apartamento para venda com 3 quartos - Jardim Irajá|Jardim Irajá|3|2|1|104|R$ 371.000,00
90542|Apartamento de 90m² com 03 quartos sendo 01 suíte para venda - Centro|Centro|3|3|1|90|R$ 372.000,00
204359|Apartamento de 75m² com 02 quartos - Jardim Botânico|Jardim Botânico|2|2|1|75|R$ 385.000,00
185618|Apartamento de 146m² com 03 quartos para locação - Centro|Centro|3|3|1|146|R$ 386.000,00
202202|APARTAMENTO NA VILA TIBERIO||2|2|2|80|R$ 390.000,00
245081|Apartamento de 56m² com 2 quartos à venda - Jardim Nova Aliança|Jardim Nova Aliança|2|2|1|56|R$ 400.000,00
239807|Apartamento de 100m² com 03 quartos sendo 01 suíte à venda - Centro|Centro|3|3|1|100|R$ 400.000,00
239690|Apartamento de 63m² com 02 quartos e 01 escritório para venda - Guaporés|Guaporés|2|2|2|63|R$ 400.000,00
239663|Apartamento Reformado de 76m² com 02 quartos à venda - Centro|Centro|2|2|1|76|R$ 400.000,00
236975|Apartamento de 90m² com 03 quartos à venda - Centro|Centro|3|3|1|90|R$ 400.000,00
234008|Apartamento térreo de 95m² com 03 quartos para venda - Jardim Irajá|Jardim Irajá|3|2|1|95|R$ 400.000,00
223880|Apartamento de 100m² com 03 quartos sendo 01 suíte à venda - Alto da Boa Vista|Alto da Boa Vista|3|2|1|100|R$ 400.000,00
222773|Apartamento de 92m² com 03 quartos sendo 01 suíte à venda - Jardim Paulistano|Jardim Paulistano|3|3|1|92|R$ 400.000,00
214985|Apartamento de 199m² com 03 quartos para locação e venda - Centro|Centro|3|2|1|199|R$ 400.000,00
210266|Apartamento de 64m² com 03 quartos à venda - Vila Monte Alegre|Vila Monte Alegre|3|2|1|64|R$ 400.000,00
208874|Apartamento - Studio com 1 Banheiro à Venda, 39.00 M² apartir de R$ 400.000,00|Studio com 1 Banheiro à Venda 3900 M² apartir de R 40000000|1|1|1|39|R$ 400.000,00
208868|Apartamento de 107m² com 03 quartos para locação e venda - Bairro Centro|Bairro Centro|3|2|1|107|R$ 400.000,00
206954|Apartamento de 44m² com 01 suíte para locação e venda - Jardim Recreio|Jardim Recreio|1|2|1|44|R$ 400.000,00
202724|LINDO APARTAMENTO RESIDENCIAL E COMERCIAL PALMARES||2|3|1|95|R$ 400.000,00
202253|APARTAMENTO JARDIM AMERICA||3|2|1|99|R$ 400.000,00
201800|Apartamento de 62m² com 02 quartos - Ribeirânia|Ribeirânia|2|2|1|62|R$ 400.000,00
201791|EXCELENTE APARTAMENTO NOVO PARA LOCAÇÃO NO BAIRRO RESIDENCIAL MONTERREY||2|1|1|49|R$ 400.000,00
195425|LINDO APARTAMENTO NO PARQUE DOS BANDEIRANTES||3|2|2|93|R$ 400.000,00
194333|APARTAMENTO PRÓXIMO AVENIDA NOVE DE JULHO||3|3|1|210|R$ 400.000,00
192059|APARTAMENTO PQ DOS BANDEIRANTES||3|3|1|137|R$ 400.000,00
188288|"Apartamento / Padrão - Higienópolis - Venda - Residencial | Costa do Sol"|Higienópolis Venda Residencial Costa do Sol|3|2|2|96|R$ 400.000,00
188156|LINDO APARTAMENTO NO JARDIM SÃO LUIZ||2|2|2|70|R$ 400.000,00
187922|EXCELENTE APARTAMENTO NA MELHOR LOCALIZAÇÃO DO JARDIM PALMA TRAVASSOS||2|1|1|54|R$ 400.000,00
186407|Ótimo apartamento próximo à Unaerp||3|3|2|107|R$ 400.000,00
178796|Apartamento com 03 quartos para locação e venda - Centro|Centro|3|2|1|103|R$ 400.000,00
175238|Apartamento de 172m² com 03 quartos para locação - Sumaré|Sumaré|4|3|1|172|R$ 400.000,00
174548|APARTAMENTO NA VILA ANA MARIA||1|2|2|66|R$ 400.000,00
171539|LINDO APARTAMENTO NO ALTO DA BOA VISTA||3|2|1|80|R$ 400.000,00
167795|APARTAMENTO NO CENTRO||3|3|1|210|R$ 400.000,00
167459|APARTAMENTO NO JARDIM PAULISTA||3|2|2|127|R$ 400.000,00
166151|APARTAMENTO PRÓXIMO AO RIBEIRÃO SHOPPING||1|1|1|54|R$ 400.000,00
162875|APARTAMENTO PRÓXIMO À AVENIDA CASTELO BRANCO||3|2|1|107|R$ 400.000,00
160238|Apartamento de 103m² com 03 quartos - Vila Monte Alegre|Vila Monte Alegre|3|2|1|103|R$ 400.000,00
157715|Apartamento de 72m² com 02 quartos para venda - Vila Seixas|Vila Seixas|2|3|2|72|R$ 400.000,00
154025|APARTAMENTO PRÓXIMO À AVENIDA INDEPENDÊNCIA||3|3|1|100|R$ 400.000,00
147791|Apartamento mobiliado para locação e venda - Centro|Centro|1|1|1|49|R$ 400.000,00
141440|APARTAMENTO COM LOCALIZAÇÃO PRIVILEGIADA NO CENTRO||3|3|1|100|R$ 400.000,00
138875|APARTAMENTO JARDIM BOTÂNICO||2|2|1|67|R$ 400.000,00
135887|Apartamento de 107m² com 03 quartos à venda - Alto da Boa Vista|Alto da Boa Vista|3|2|1|107|R$ 400.000,00
128900|Apartamento de 59m² com 02 quartos para locação e venda - Jardim Paulista|Jardim Paulista|2|2|1|59|R$ 400.000,00
128630|Apartamento de 79m² com 03 quartos à venda - Campos Elíseos|Campos Elíseos|3|2|1|79|R$ 400.000,00
120941|Apartamento de 75m² com 2 quartos à venda no Parque Industrial Lagoinha.||2|2|1|75|R$ 400.000,00
105635|Apartamento de 76m² com 02 quartos à venda - Centro|Centro|2|1|1|76|R$ 400.000,00
103970|Apartamento de 107m² com 03 quartos para locação e venda - Centro|Centro|3|2|1|107|R$ 400.000,00
101639|Apartamento de 85m² com 02 quartos sendo 01 suíte para locação - Jardim Irajá|Jardim Irajá|2|2|1|85|R$ 400.000,00
98756|Apartamento de 90m² com 03 quartos à venda - No Irajá|No Irajá|3|2|1|90|R$ 400.000,00
93605|Apartamento de 80m² com 03 quartos para locação - Alto da Boa Vista|Alto da Boa Vista|3|2|1|80|R$ 400.000,00
86474|Apartamento de 96m² com 03 quartos - Jardim Irajá|Jardim Irajá|3|2|1|96|R$ 400.000,00
83405|Apartamento de 75m² com 03 quartos à venda - Jardim Irajá|Jardim Irajá|3|2|2|75|R$ 400.000,00
80354|Apartamento de 158m² com 02 quartos - Centro|Centro|3|2|1|158|R$ 400.000,00
77054|Apartamento - Padrão|Padrão|2|2|1|58|R$ 400.000,00
75593|Apartamento 63m² com 02 quartos para locação - Jardim Botânico|Jardim Botânico|2|2|2|63|R$ 400.000,00
66503|APARTAMENTO PRÓXIMO AO SHOPPING SANTA ÚRSULA||3|3|1|132|R$ 400.000,00
64979|Apartamento - Padrão|Padrão|3|3|1|140|R$ 400.000,00
16019|APARTAMENTO NO CENTRO||2|3|1|0|R$ 400.000,00
15344|APARTAMENTO NO CENTRO||2|2|1|83|R$ 400.000,00
228122|Lançamento: Alto da Mata Residencial - Apartamento de 68m² com 03 quartos com suíte à venda - Vivendas da Mata|Apartamento de 68m² com 03 quartos com suíte à venda Vivendas da Mata|3|2|1|68|R$ 400.500,00
184256|Apartamento de 50m² com 02 quartos à venda - City Ribeirão|City Ribeirão|2|2|1|50|R$ 400.732,00
179345|Apartamento de 49m² com 02 quartos à venda - City Ribeirão|City Ribeirão|2|1|1|49|R$ 401.428,00
218426|Apartamento de 64m² com 02 quartos à venda - Jardim Paulista|Jardim Paulista|2|2|1|64|R$ 402.000,00
217361|Apartamento de 88m² com 03 quartos à venda - Centro|Centro|3|2|1|88|R$ 403.000,00
166364|Apartamento de 101m² com 03 quartos à venda - Jardim Paulistano|Jardim Paulistano|3|2|2|101|R$ 403.000,00
122153|Apartamento de 62m² com 02 quartos à venda - Jardim Botânico|Jardim Botânico|2|2|1|62|R$ 403.000,00
106661|APARTAMENTO DIFERENCIADO NO CENTRO||3|3|1|193|R$ 403.000,00
96422|Apartamento de 65m² com 02 quartos à venda - Centro|Centro|2|2|1|65|R$ 403.000,00
236177|Apartamento de 97m² com 3 quartos à venda - Jardim Irajá.|Jardim Irajá|3|1|1|97|R$ 404.500,00
214637|Apartamento de 73m² com 03 quartos à venda - Jardim Zaneti|Jardim Zaneti|3|2|1|73|R$ 405.000,00
201071|APARTAMENTO DIFERENCIADO NO CENTRO DE RIBEIRÃO||2|2|2|72|R$ 405.000,00
184655|Apartamento de 02 quartos para locação - Jardim Botânico|Jardim Botânico|2|2|1|65|R$ 405.000,00
181220|Apartamento de 64m² com 02 quartos e 02 suítes à venda - Jardim Botanico|Jardim Botanico|2|3|2|64|R$ 405.000,00
166772|APARTAMENTO NA VILA SEIXAS||3|3|1|132|R$ 405.000,00
129113|APARTAMENTO NA VILA TIBERIO||3|2|2|80|R$ 390.000,00
240875|Apartamento de 62m² com 02 quartos sendo 01 suíte à venda - Loteamento Santa Marta|Loteamento Santa Marta|2|2|1|62|R$ 380.000,00
205625|Apartamento de 99m² com 03 quartos à venda - Vila Tibério|Vila Tibério|3|3|2|99|R$ 380.000,00
150980|Apartamento de 67m² com 03 quartos à venda - Alto da Boa Vista|Alto da Boa Vista|3|2|1|67|R$ 400.000,00
245189|Apartamento de 53m² com 02 quartos planejados à venda - Alto da Boa Vista|Alto da Boa Vista|2|2|1|53|R$ 410.000,00
224537|Apartamento de 62m² com 02 quartos sendo 01 suíte à venda - Loteamento Santa Marta|Loteamento Santa Marta|2|2|1|62|R$ 410.000,00
221354|Apartamento de 58m² com 02 quartos à venda - Quintas de São José|Quintas de São José|2|2|1|58|R$ 410.000,00
219179|Apartamento de 58m² com 02 quartos à venda - Quintas de São José|Quintas de São José|2|2|1|58|R$ 410.000,00
202997|Apartamento reformado com 03 quartos à venda - Centro|Centro|4|4|1|141|R$ 410.000,00
201131|Apartamento de 02 quartos para locação e venda - Ana Maria|Ana Maria|2|2|1|69|R$ 410.000,00
199271|APARTAMENTO EM EXCELENTE LOCALIZAÇÃO NO CENTRO||2|2|1|96|R$ 410.000,00
170717|Apartamento de 45m² com 01 quarto à venda - Nova Ribeirânia|Nova Ribeirânia|1|2|1|45|R$ 410.000,00
170471|APARTAMENTO NO CENTRO||4|4|2|59|R$ 410.000,00
167078|APARTAMENTO NO JD. INDEPENDÊNCIA||3|2|1|89|R$ 410.000,00
163013|Apartamento térreo de 93m² com 02 quartos à venda - Sumarezinho|Sumarezinho|2|2|1|93|R$ 410.000,00
155624|APARTAMENTO NO BAIRRO CITY RIBEIRÃO||1|1|1|37|R$ 410.000,00
227402|Apartamento de 55m² com 02 quartos à venda - no Bairro Iguatemi|no Bairro Iguatemi|2|1|1|55|R$ 411.000,00
184946|Apartamento de 60m² com 02 quartos para locação e venda - Jardim Paulista|Jardim Paulista|2|1|1|60|R$ 394.000,00
170936|Lindo Apartamento a 7min do Shopping Santa Úrsula||2|1|1|77|R$ 414.570,63
151361|Apartamento de 123m² com 03 quartos sendo 01 suíte - Centro|Centro|3|4|1|123|R$ 400.000,00
245291|Apartamento mobiliado de 58m² com 02 quartos à venda - Nova Aliança|Nova Aliança|2|2|1|58|R$ 415.000,00
241625|Apartamento de 57m² 02 quartos à venda - no bairro Quinta da Primavera|no bairro Quinta da Primavera|2|1|1|57|R$ 415.000,00
214436|Apartamento de 65m² com 03 quartos à venda - Jardim Sumarezinho|Jardim Sumarezinho|3|2|1|65|R$ 415.000,00
181952|EXCELENTE APARTAMENTO NO CENTRO||3|3|1|100|R$ 415.000,00
177464|APARTAMENTO NO NOVA ALIANÇA||2|2|1|57|R$ 415.000,00
164360|Amplo Apartamento no Iguatemi||3|2|1|105|R$ 415.000,00
151934|APARTAMENTO MOBILIADO PRÓXIMO À FACULDADE BARÃO DE MAUÁ||2|2|2|70|R$ 415.000,00
96794|Apartamento térreo para locação - Ribeirânia|Ribeirânia|3|2|1|0|R$ 415.000,00
88514|Apartamento de 66m² com 02 suítes para locação e venda - Jardim Botânico|Jardim Botânico|2|3|2|66|R$ 415.000,00
160772|APARTAMENTO PRÓXIMO À AVENIDA PROFESSOR JOÃO FIÚSA||2|2|1|56|R$ 419.000,00
241640|Apartamento de 67m² com 03 quartos para venda - Alto da Boa Vista|Alto da Boa Vista|3|2|1|67|R$ 419.999,00
164798|APARTAMENTO NO BAIRRO JARDIM BOTÂNICO||2|2|1|55|R$ 380.000,00
189773|Apartamento de 03 quartos para locação - Centro|Centro|3|3|1|0|R$ 390.000,00
114716|Apartamento - Padrão|Padrão|3|4|1|160|R$ 390.000,00
235469|Apartamento de 70m² com 02 quartos para venda - Jardim São Luiz|Jardim São Luiz|2|2|1|70|R$ 400.000,00
137588|Apartamento à venda de 109m² - Jardim Irajá - 3 quartos sendo 1 suíte|Jardim Irajá 3 quartos sendo 1 suíte|3|2|1|109|R$ 400.000,00
241310|Apartamento de 116m² com 03 quartos à venda - Centro|Centro|3|4|1|116|R$ 420.000,00
239645|Apartamento de 142m² com 03 quartos à venda - Centro|Centro|3|4|1|142|R$ 420.000,00
238295|Apartamento e 71m² com 02 quartos à venda - Jardim Botânico|Jardim Botânico|2|2|3|71|R$ 420.000,00
237206|Apartamento de 94m² com 03 quartos à venda - Parque Bandeirantes|Parque Bandeirantes|3|2|2|94|R$ 420.000,00
233273|Apartamento de 58m² com 01 suíte à venda - Jardim Botânico|Jardim Botânico|1|1|1|58|R$ 420.000,00
230501|Apartamento de 52m² com 02 quartos - Jardim Botânico|Jardim Botânico|2|1|1|52|R$ 420.000,00
227225|Apartamento de 80m² com 02 quartos à venda - Sumarezinho|Sumarezinho|2|2|1|80|R$ 420.000,00
227219|Apartamento de 82m² com 02 quartos com 01 suíte - Sumarezinho|Sumarezinho|2|2|1|82|R$ 420.000,00
221921|Apartamento de 64m² com 02 quartos sendo 01 suíte à venda - Jardim Paulista|Jardim Paulista|2|2|1|64|R$ 420.000,00
219434|Apartamento de 65m² com 02 quartos sendo 01 suíte para locação - Nova Aliança|Nova Aliança|2|2|2|65|R$ 420.000,00
219164|Apartamento de 103m² com 03 quartos sendo 01 suíte à venda - Centro|Centro|3|3|1|103|R$ 420.000,00
216884|Apartamento de 55m² com 02 quartos à venda - Residencial Monterrey|Residencial Monterrey|2|2|1|55|R$ 420.000,00
215315|Apartamento de 132m² com 03 quartos à venda - Monte Alegre|Monte Alegre|3|3|2|132|R$ 420.000,00
215036|Apartamento de 84m² com 03 quartos à venda - Alto da Boa Vista|Alto da Boa Vista|3|1|2|84|R$ 420.000,00
210086|Apartamento de 90m² com 03 quartos à venda - Jardim Irajá|Jardim Irajá|3|3|1|90|R$ 420.000,00
208259|Apartamento com 86m² com 03 quartos à venda -Parque Industrial Lagoinha|Parque Industrial Lagoinha|3|2|1|86|R$ 420.000,00
204443|Apartamento de 69m² com 02 quartos à venda - Nova Aliança|Nova Aliança|2|2|1|69|R$ 420.000,00
203600|APARTAMENTO NO BAIRRO VILA SEIXAS||2|2|1|64|R$ 420.000,00
202544|APARTAMENTO NO JARDIM BOTÂNICO||1|1|1|40|R$ 420.000,00
191336|****APARTAMENTO NO JARDIM PALMA TRAVASSOS****||3|2|1|67|R$ 420.000,00
177917|Apartamento no Jardim Nova Aliança||3|2|2|105|R$ 420.000,00
176693|LINDO APARTAMENTO NO BAIRRO NOVA ALIANÇA!||2|2|1|61|R$ 420.000,00
171653|APARTAMENTO NO CENTRO||3|3|1|157|R$ 420.000,00
160676|Apartamento de 93m² com 02 suítes para locação - Bairro Jardim Anhanguera|Bairro Jardim Anhanguera|2|3|2|93|R$ 420.000,00
160079|Apartamento de 102m² com 03 quartos para venda - Centro|Centro|3|3|1|102|R$ 420.000,00
150269|Apartamento com 93m² com 03 quartos à venda - Parque dos Bandeirantes|Parque dos Bandeirantes|3|2|2|93|R$ 420.000,00
135722|Apartamento de 103m² com 03 quartos sendo 01 suíte para locação e venda - Vila Seixas|Vila Seixas|3|3|2|103|R$ 420.000,00
135707|Apartamento de 119m² com 03 quartos à venda - Centro|Centro|3|2|1|119|R$ 420.000,00
118646|Apartamento de 46m² com 01 quarto para venda - Nova Aliança|Nova Aliança|1|1|1|46|R$ 420.000,00
112757|EXCELENTE APARTAMENTO NO SANTA CRUZ DO JOSÉ JACQUES||3|3|1|93|R$ 420.000,00
106676|Apartamento de 59m² com 01 quarto à venda - Centro|Centro|1|1|1|59|R$ 420.000,00
106412|Apartamento de 60m² com 01 suíte para locação - City Ribeirão|City Ribeirão|1|2|1|60|R$ 420.000,00
104339|Apartamento de 59m² com 01 suíte para locação e venda - City Ribeirão|City Ribeirão|1|2|1|59|R$ 420.000,00
98078|Apartamento de 53m² com 02 quartos à venda - Alto da Boa Vista|Alto da Boa Vista|2|2|1|53|R$ 420.000,00
93689|APARTAMENTO NO JARDIM PAULISTANO||3|3|1|135|R$ 420.000,00
86609|Apartamento de 69m² com 02 quartos à venda - Nova Aliança|Nova Aliança|2|2|2|69|R$ 420.000,00
85607|Apartamento de 73m² com 03 quartos para locação e venda - Bonfim Paulista|Bonfim Paulista|3|2|2|73|R$ 420.000,00
84527|APARTAMENTO À VENDA NO BAIRRO JARDIM NOVA ALIANÇA||2|2|2|76|R$ 420.000,00
76331|APARTAMENTO PRÓXIMO À AVENIDA BARÃO DO BANANAL||3|2|2|105|R$ 420.000,00
60392|Apartamento - Padrão|Padrão|2|3|1|127|R$ 420.000,00
16220|Apartamento - Padrão|Padrão|3|3|1|0|R$ 420.000,00
161999|More na Nova Fiusa - TRIADE FIUSA HOME RESORT|TRIADE FIUSA HOME RESORT|2|2|1|55|R$ 421.498,00
161981|More na Nova Fiusa - TRIADE FIUSA HOME RESORT|TRIADE FIUSA HOME RESORT|2|2|1|55|R$ 421.498,00
60569|APARTAMENTO NO CENTRO||3|2|1|104|R$ 349.000,00
187628|APARTAMENTO NO CENTRO||3|3|1|116|R$ 422.000,00
162020|More na Nova Fiusa - TRIADE FIUSA HOME RESORT|TRIADE FIUSA HOME RESORT|3|2|1|67|R$ 422.227,00
203894|Apartamento de 95m² com 03 quartos à venda - Jardim Paulista|Jardim Paulista|3|2|1|95|R$ 350.000,00
140210|Apartamento de 139m² com 03 quartos para venda - Centro|Centro|3|2|1|139|R$ 371.000,00
205586|Apartamento de 64 m² com 02 quartos à venda - Vila Seixas|Vila Seixas|2|2|1|64|R$ 424.000,00
201227|APARTAMENTO NO CENTRO||3|2|1|100|R$ 424.000,00
171476|APARTAMENTO NA PRESIDENTE MEDICI||3|3|1|114|R$ 424.000,00
153596|APARTAMENTO PRÓXIMO À RODOVIA ANTÔNIO DUARTE NOGUEIRA||3|2|1|62|R$ 424.000,00
150914|Apartamento de 131m² com 03 quartos - Centro|Centro|3|3|1|131|R$ 424.000,00
125525|apartamento de 75m² com 03 quartos sendo 01 suíte para venda - Jardim São José|Jardim São José|3|2|2|75|R$ 424.000,00
113465|Apartamento de 65m² com 02 quartos à venda - Nova Aliança|Nova Aliança|2|2|1|65|R$ 424.000,00
107834|Apartamento de 75m² com 01 suíte à venda - Vila Tibério|Vila Tibério|2|2|1|75|R$ 424.000,00
73808|Apartamento de 69m² com 02 quartos sendo 01 suíte para locação - Nova Aliança|Nova Aliança|2|2|1|69|R$ 424.000,00
98108|Apartamento de 70m² com 02 quartos para locação e venda - Vila Ana Maria|Vila Ana Maria|2|2|1|70|R$ 403.000,00
119531|Apartamento de 97m² com 03 quartos à venda - Jardim Palma Travassos|Jardim Palma Travassos|3|3|3|97|R$ 420.000,00
230768|Apartamento de 213m² com 03 quartos - Jardim América|Jardim América|3|3|1|213|R$ 425.000,00
225476|Apartamento de 43m² com 01 quarto para locação - Quinta da Primavera|Quinta da Primavera|1|1|1|43|R$ 425.000,00
210764|Apartamento de 107m² com 02 quartos à venda - Centro|Centro|2|2|1|107|R$ 425.000,00
209327|Apartamento de 75m² com 01 suíte para locação - Jardim Califórnia|Jardim Califórnia|2|2|2|75|R$ 425.000,00
189506|Apartamento de 90m² com 03 quartos para venda - Presidente Médici|Presidente Médici|3|3|2|90|R$ 425.000,00
165236|APARTAMENTO NO JARDIM IRAJÁ||3|2|1|115|R$ 425.000,00
156527|Apartamento de 49m² mobiliado com 02 quartos para venda - Sumarezinho|Sumarezinho|2|1|1|49|R$ 425.000,00
153845|LINDO APARTAMENTO NO JARDIM IRAJÁ||2|2|1|82|R$ 425.000,00
147146|APARTAMENTO NO CENTRO||3|4|1|204|R$ 425.000,00
108053|Apartamento de 58m² com 01 suíte à venda - Jardim Botânico|Jardim Botânico|1|1|1|58|R$ 425.000,00
105242|APARTAMENTO NO ALTO DA BOA VISTA||3|2|1|80|R$ 425.000,00
209882|Apartamento de 66m² com 03 quartos à venda - Campos Elíseos|Campos Elíseos|2|2|1|66|R$ 425.615,00
239384|Lançamento: Cerqueira 2164 - Apartamento de 55m² com 02 quartos com suíte à venda - Jardim Sumaré|Apartamento de 55m² com 02 quartos com suíte à venda Jardim Sumaré|2|2|1|55|R$ 426.000,00
239903|Lançamento: Alma Panamby - Apartamento de 56m² com 02 quartos com suíte à venda - Panamby II|Apartamento de 56m² com 02 quartos com suíte à venda Panamby II|2|2|1|56|R$ 427.000,00
170927|Lançamento: Vista do Parque - Apartamento térreo de 48m² com 02 quartos e quintal à venda - Vila Virgínia|Apartamento térreo de 48m² com 02 quartos e quintal à venda Vila Virgínia|2|1|1|48|R$ 429.193,87
130424|APARTAMENTO NA AV. CARAMURU||3|2|1|80|R$ 375.000,00
232430|Apartamento de 116m² com 03 quartos sendo 01 suíte reformado à venda no Jd. Macedo||3|3|1|116|R$ 400.000,00
173723|Apartamento de 84m² com 3 quartos para venda - República|República|3|2|2|84|R$ 400.000,00
119993|APARTAMENTO NOVO NA VILA TIBÉRIO||2|2|2|80|R$ 410.000,00
161405|Apartamento térreo de 67m² com 02 quartos para locação e venda - Jardim Botânico|Jardim Botânico|2|2|2|67|R$ 426.000,00
242615|Apartamento de 109m² com 03 quartos 03 banheiros para venda - Jardim Palma Travassos|Jardim Palma Travassos|3|3|1|109|R$ 430.000,00
226547|Apartamento de 65m² com 02 quartos sendo 01 suíte para locação - Nova Aliança|Nova Aliança|2|2|1|65|R$ 430.000,00
216314|Apartamento de 61m² com 02 quartos à venda - Bosque das Caviúnas|Bosque das Caviúnas|2|1|2|61|R$ 430.000,00
208715|Apartamento de 50m² com 02 quartos à venda - Jardim Olhos D`Agua|Jardim Olhos DAgua|2|1|1|50|R$ 430.000,00
203477|Apartamento mobilado de 49m² com 01 suíte para locação e venda - Nova Aliança|Nova Aliança|1|1|1|49|R$ 430.000,00
202835|Apartamento de 92m² com 03 quartos para locação - Jardim Irajá|Jardim Irajá|3|3|1|92|R$ 430.000,00
198617|Apartamento de 44m² com 01 quarto à venda - Jardim Recreio|Jardim Recreio|1|2|1|44|R$ 430.000,00
198560|APARTAMENTO NO JARDIM IRAJÁ||3|2|2|96|R$ 430.000,00
197279|Apartamento de 46m² com 01 quarto para locação - Nova Aliança|Nova Aliança|1|1|1|46|R$ 430.000,00
194720|APARTAMENTO NO JARDIM PAULISTA||3|2|1|89|R$ 430.000,00
191483|Apartamento de 37m² com 01 quarto para locação - Monte Alegre|Monte Alegre|1|1|1|37|R$ 430.000,00
188690|Apartamento de 57 m² com 02 quartos à venda - Jardim Paulista|Jardim Paulista|2|2|1|57|R$ 430.000,00
186638|Apartamento de 96m² com 03 quartos para locação e venda - Centro|Centro|3|2|2|96|R$ 430.000,00
186527|Apartamento de 105m² com 03 quartos à venda - Jardim Paulistano|Jardim Paulistano|3|3|2|105|R$ 430.000,00
181850|Apartamento de 56² terreo, com 2 quartos á venda - Parque São Sebastião|Parque São Sebastião|2|2|1|56|R$ 430.000,00
176270|APARTAMENTO NO CENTRO||3|2|1|116|R$ 430.000,00
164843|Apartamento de 111m² com 02 quartos para locação e venda - Centro|Centro|3|2|1|111|R$ 430.000,00
144974|Apartamento de 92m² com 03 quartos à venda - Jardim Irajá|Jardim Irajá|3|2|1|92|R$ 430.000,00
101537|Apartamento - Padrão|Padrão|2|2|1|80|R$ 430.000,00
97508|Apartamento de 127m² com 03 quartos à venda - Jardim Paulista|Jardim Paulista|3|3|2|127|R$ 430.000,00
95465|APARTAMENTO ÓTIMA LOCALIZAÇÃO NO JARDIM CALIFÓRNIA||1|1|1|46|R$ 430.000,00
95000|Apartamento - Padrão|Padrão|3|2|2|75|R$ 430.000,00
94445|Apartamento de 44m² com 01 quarto para locação - Nova Aliança|Nova Aliança|1|1|1|44|R$ 430.000,00
70517|Apartamento - Padrão|Padrão|3|3|1|0|R$ 430.000,00
57542|APARTAMENTO PADRÃO ZONA SUL||3|3|1|94|R$ 430.000,00
54365|Apartamento de 02 quartos para locação - Centro|Centro|2|2|1|95|R$ 430.000,00
229469|Lançamento: Sensia Fiúsa View - Apartamento de 58m² com suíte e varanda gourmet à venda - Quinta da Primavera|Apartamento de 58m² com suíte e varanda gourmet à venda Quinta da Primavera|2|2|1|58|R$ 434.990,00
143756|Apartamento de 210m² com 03 quartos à venda - Vila Seixas|Vila Seixas|3|3|1|210|R$ 420.000,00
186092|APARTAMENTO REFORMADO A VENDA NO JARDIM IRAJÁ||3|2|1|102|R$ 425.000,00
241040|Apartamento de 67m² com 02 Quartos a Venda - Ribeirania|Ribeirania|2|2|1|67|R$ 435.000,00
237131|Apartamento de 90m² com 02 quartos a venda - Centro|Centro|2|3|1|90|R$ 435.000,00
236744|Apartamento 68m² com 02 quartos à venda - Nova Aliança|Nova Aliança|2|2|1|68|R$ 435.000,00
107975|Apartamento - Padrão|Padrão|2|2|1|69|R$ 435.000,00
103121|Apartamento de 116m² com 03 quartos à venda - Centro|Centro|3|4|1|116|R$ 435.000,00
92144|Apartamento - Padrão|Padrão|3|3|2|96|R$ 435.000,00
89546|Apartamento de 100m² com 03 quartos à venda - Santa Cruz do José Jacques|Santa Cruz do José Jacques|3|2|1|100|R$ 435.000,00
59174|Apartamento de 81m² com 02 quartos para venda - Jardim Paulista|Jardim Paulista|2|1|2|81|R$ 435.000,00
244880|Apartamento de 67m² com 01 quarto à venda - Ribeirânia|Ribeirânia|2|1|1|67|R$ 435.053,80
214769|Lançamento Portugal 2207 - Apartamento de 59m² com 02 quartos à venda - Santa Cruz do José Jacques|Apartamento de 59m² com 02 quartos à venda Santa Cruz do José Jacques|2|2|1|59|R$ 437.197,00
239381|Lançamento: Cerqueira 2164 - Apartamento de 58m² com 02 quartos com suíte à venda - Jardim Sumaré|Apartamento de 58m² com 02 quartos com suíte à venda Jardim Sumaré|2|2|1|58|R$ 439.000,00
238106|Apartamento de 114m² com 03 quartos à venda - Centro|Centro|3|2|1|114|R$ 439.000,00
223214|Apartamento de 103m² com 03 quartos sendo 01 suíte à venda - Vila Seixas|Vila Seixas|3|3|2|103|R$ 439.000,00
187271|Apartamento de 131m² com 03 quartos - Centro|Centro|3|2|1|131|R$ 430.000,00
245555|Apartamento de 87m² com 03 quartos à venda - Jardim Irajá|Jardim Irajá|3|2|1|87|R$ 440.000,00
239165|Apartamento de 47m² com 01 quarto e varanda gourmet à venda - Vila Monte Alegre|Vila Monte Alegre|1|1|1|47|R$ 440.000,00
230990|Apartamento de 127m² com 03 quartos à venda - Campos Elisios|Campos Elisios|3|3|3|127|R$ 440.000,00
202751|APARTAMENTO NO TRIADE FIUSA HOME RESORT||2|2|1|55|R$ 440.000,00
189617|Apartamento de 100 m² com 03 quartos para venda - Jardim Irajá|Jardim Irajá|3|2|1|100|R$ 440.000,00
182285|Apartamento de 03 quartos para locação - Centro|Centro|3|2|1|96|R$ 440.000,00
177332|Apartamento de 66m² com 02 quartos sendo 01 suíte - Nova Ribeirânia|Nova Ribeirânia|2|2|2|66|R$ 440.000,00
121331|Apartamento de 83m² com 03 quartos sendo 01 suíte à venda - Centro|Centro|3|3|2|83|R$ 440.000,00
104249|Apartamento de 122m² com 03 quartos para venda - Centro|Centro|3|3|1|122|R$ 440.000,00
59504|Apartamento semi mobiliado de 61m² com 02 quartos para locação e venda - Nova Aliança|Nova Aliança|2|2|1|61|R$ 440.000,00
224897|Apartamento de 67m² com 02 quartos à venda - Ribeirânia|Ribeirânia|2|2|1|67|R$ 424.000,00
241679|Apartamento porteira fechada de 78m² com 02 quartos sendo 01 suíte à venda - Parque dos Lagos|Parque dos Lagos|2|2|2|78|R$ 445.000,00
231077|Apartamento de 85m² com 03 quartos para locação - Jardim Paulista|Jardim Paulista|3|2|1|85|R$ 445.000,00
155480|Apartamento com 3 quartos - 132,68m²|"13268m²"|3|2|2|68|R$ 445.000,00
98087|Apartamento de 81m² com 02 quartos à venda - Jardim Paulista|Jardim Paulista|2|1|1|81|R$ 445.000,00
190733|Apartamento de 85m² com 3 quartos à venda - Jardim Macedo|Jardim Macedo|3|2|1|85|R$ 445.200,00
232517|Apartamento de 39m² com 01 quarto à venda - Jardim Sumaré|Jardim Sumaré|1|1|1|39|R$ 446.000,00
229142|Apartamento de 39m² com 01 quarto à venda - Jardim Sumaré|Jardim Sumaré|1|1|1|39|R$ 446.000,00
91556|Apartamento de 75m² com 02 suítes à venda- Jardim Paulista|Jardim Paulista|2|1|2|75|R$ 446.000,00
191039|Apartamento de 02 quartos para locação - Reserva Sul Condomínio|Reserva Sul Condomínio|2|3|2|54|R$ 447.000,00
238016|Apartamento de 56m² com 02 quartos à venda - Lagoinha|Lagoinha|2|2|1|56|R$ 449.000,00
220331|Apartamento de 127m² com 03 quartos à venda - Centro|Centro|3|3|1|127|R$ 449.000,00
142829|Apartamento de 68m² com 02 quartos à venda - Jardim Castelo Branco|Jardim Castelo Branco|2|2|1|68|R$ 280.000,00
154805|Apartamento de 164m² de 03 quartos sendo 01 suíte para venda - Centro|Centro|3|3|1|164|R$ 325.000,00
234047|Apartamento térreo de 64m² com 02 quartos á venda - Jardim Botânico|Jardim Botânico|2|2|2|64|R$ 350.000,00
237353|Apartamento de 55m² com 02 quartos sendo 01 suíte à venda - Jardim Olhos D`Água|Jardim Olhos DÁgua|2|2|1|55|R$ 395.000,00
111902|LINDO APARTAMENTO PRÓXIMO AO SHOPPING SANTA ÚRSULA||2|2|1|129|R$ 400.000,00
103769|Apartamento de 120m² com 03 quartos ara locação e venda - Centro|Centro|3|2|2|120|R$ 400.000,00
53453|EXCELENTE APARTAMENTO PARA VENDA NO PARQUE BANDEIRANTES||3|4|2|170|R$ 400.000,00
181679|Apartameto de 87m² com 03 quartos - Jardim Irajá|Jardim Irajá|3|2|1|87|R$ 410.000,00
83717|Apartamento de 171 m² com 03 quartos a venda - Centro|Centro|3|3|1|171|R$ 410.000,00
104342|Apartamento de 59m² com 01 suíte para locação e venda - City Ribeirão|City Ribeirão|1|2|1|59|R$ 420.000,00
232304|Apartamento de 63m² com 02 quartos à venda - Centro|Centro|2|2|1|63|R$ 429.000,00
244442|Apartamento de 285m² com 03 quartos sendo 01 suíte para Venda - Centro|Centro|3|3|1|285|R$ 450.000,00
244217|Apartamento de 119m² com 03 quartos à venda - Jardim Sumaré|Jardim Sumaré|3|2|2|119|R$ 450.000,00
243707|Apartamento de 55m² com 02 quartos sendo 01 suíte à venda - Jardim Olhos D`Água|Jardim Olhos DÁgua|2|2|1|55|R$ 450.000,00
243002|Apartamento - Padrão|Padrão|2|2|1|88|R$ 450.000,00
242558|Apartamento de 73m² com 03 quartos sendo 01 suíte à venda - Jardim Antártica|Jardim Antártica|3|2|1|73|R$ 450.000,00
239378|Apartamento de 95m² com 03 quartos à venda - Jardim Irajá|Jardim Irajá|3|2|1|95|R$ 450.000,00
239351|Apartamento à venda no Jardim Sumaré - 3 quartos 1 suíte - 119m²|"3 quartos 1 suíte 119m²"|3|3|1|119|R$ 450.000,00
235796|Apartamento/Padrão - Residencial - No bairro Jardim Olhos D`Água - Tríade Fiúsa Home Resort|Residencial No bairro Jardim Olhos DÁgua Tríade Fiúsa Home Resort|2|2|1|55|R$ 450.000,00
235133|Apartamento de 97m² com 03 quartos à venda - Vila Seixas|Vila Seixas|3|3|2|97|R$ 450.000,00
232124|Apartamento de 49m² com 1 quarto para locação - Ribeirânia|Ribeirânia|1|1|1|49|R$ 450.000,00
228308|Apartamento de 135m² com 03 quartos à venda - Jardim Sumaré|Jardim Sumaré|3|4|2|135|R$ 450.000,00
225386|Apartamento de 66m² com 02 quartos sendo 01 suíte para locação - Ribeirânia|Ribeirânia|2|2|1|66|R$ 450.000,00
218477|Apartamento de 72m² com 03 quartos para locação e venda - Jardim Paulistano|Jardim Paulistano|2|2|1|72|R$ 450.000,00
215681|Apartamento mobiliado de 64m² com 02 quartos para locação e venda - Vila Seixas|Vila Seixas|2|2|2|64|R$ 450.000,00
213527|Apartamento de 127m² com 03 quartos à venda - Centro|Centro|3|3|1|127|R$ 450.000,00
213287|Apartamento de 55m² com 02 quartos à venda - Residencial Monterrey|Residencial Monterrey|2|2|1|55|R$ 450.000,00
210662|Apartamento de 142m² com 04 quartos à venda - Centro|Centro|4|3|2|142|R$ 450.000,00
201896|Apartamento de 48m² com 02 suítes para venda - Vila Florença|Vila Florença|2|3|2|48|R$ 450.000,00
201065|APARTAMENTO NO CENTRO DE RIBEIRÃO PRETO||3|3|1|162|R$ 450.000,00
199562|APARTAMENTO NO CENTRO||3|1|1|116|R$ 450.000,00
193745|Apartamento de 92m² com 03 quartos - Jardim Paulistano|Jardim Paulistano|3|3|1|92|R$ 450.000,00
191603|Apartamento no centro reformado - 97m².!!|"97m²"|3|2|1|97|R$ 450.000,00
191009|Apartamento de 90m² com 03 quartos à venda - Residencial e Comercial Palmares|Residencial e Comercial Palmares|3|2|1|90|R$ 450.000,00
190862|Apartamento de 55m² com 02 quartos à venda - Residencial Monterrey|Residencial Monterrey|2|2|1|55|R$ 450.000,00
189587|Apartamento de 104m² com 03 quartos à venda - Lagoinha|Lagoinha|3|2|2|104|R$ 450.000,00
188825|APARTAMENTO NO CENTRO||3|3|1|100|R$ 450.000,00
182822|APARTAMENTO PRÓXIMO AO SUPERMERCADO CANESIN||3|2|1|86|R$ 450.000,00
181313|Apartamento de 69m² com 02 quartos à venda - Jardim Botânico|Jardim Botânico|2|2|1|69|R$ 450.000,00
181223|APARTAMENTO NO JARDIM BOTÂNICO||2|3|2|64|R$ 450.000,00
179117|Apartamento - Padrão|Padrão|2|3|2|65|R$ 450.000,00
175112|EXCELENTE APARTAMENTO ALBERTO COSELLI||3|3|2|165|R$ 450.000,00
174887|Apartamento de 67m² com 02 quartos - Jardim Irajá|Jardim Irajá|2|1|1|67|R$ 450.000,00
174620|APARTAMENTO NA VILA ANA MARIA||2|2|1|56|R$ 450.000,00
172352|APARTAMENTO NO JARDIM PAULISTA||2|2|2|81|R$ 450.000,00
171170|APARTAMENTO NO CENTRO||3|3|1|216|R$ 450.000,00
169178|****OTIMO APARTAMENTO****||2|2|2|70|R$ 450.000,00
165563|Apartamento de 90m² com 03 quartos para locação - Comercial Palmares|Comercial Palmares|3|2|1|90|R$ 450.000,00
164252|Apartamento de 71m² com 02 quartos para locação - Nova Aliança|Nova Aliança|2|2|1|71|R$ 450.000,00
163148|Apartamento térreo de 86m² com 03 quartos para locação - Residencial e Comercial Palmares|Residencial e Comercial Palmares|3|2|1|86|R$ 450.000,00
162839|Apartamento a venda de 135m² com 03 quartos - Jardim Paulistano|Jardim Paulistano|3|4|1|135|R$ 450.000,00
145007|Apartamento de 82m² com 02 quartos à venda - Jardim Paulista|Jardim Paulista|2|2|2|82|R$ 450.000,00
140180|Apartamento de 100m² com 03 quartos à venda - Jardim Irajá|Jardim Irajá|3|2|1|100|R$ 450.000,00
138299|APARTAMENTO TÉRREO NO JARDIM BOTÂNICO||2|2|1|70|R$ 450.000,00
136451|Casa de condomínio fechado de 142m² com 03 quartos à venda - Jardim Itaporã|Jardim Itaporã|2|3|1|142|R$ 450.000,00
135959|Apartament de 120m² com 03 quartos para venda e locação - Centro|Centro|3|3|1|120|R$ 450.000,00
133817|Apartamento de 132m² com 03 quartos - Centro|Centro|4|3|1|132|R$ 450.000,00
123392|APARTAMENTO NO JARDIM BOTÂNICO||2|3|1|90|R$ 450.000,00
120701|Apartamento de 70m² com 02 quartos para locação - Jardim Novo Mundo|Jardim Novo Mundo|2|2|1|70|R$ 450.000,00
119036|APARTAMENTO NO JARDIM BOTÂNICO||3|2|2|75|R$ 450.000,00
118337|Apartamento de 02 quartos para venda - Bosque das Juritis|Bosque das Juritis|2|2|1|62|R$ 450.000,00
114500|Apartamento de 90m² com 03 quartos à venda - Residencial e Comercial Palmares|Residencial e Comercial Palmares|3|2|1|90|R$ 450.000,00
112544|Apartamento de 81m² com 03 quartos á venda - Sumarezinho|Sumarezinho|3|2|1|81|R$ 450.000,00
105146|APARTAMENTO PRÓXIMO AO SHOPPING SANTA ÚRSULA||3|3|1|107|R$ 450.000,00
104621|Apartamento de 85m² com 03 quartos á venda - Santa Cruz do José Jacques|Santa Cruz do José Jacques|3|3|2|85|R$ 450.000,00
95795|Apartamento - Padrão|Padrão|3|2|2|104|R$ 450.000,00
95642|Apartamento de 120m² com 03 quartos à venda - Centro|Centro|3|2|2|120|R$ 450.000,00
94385|Apartamento de 98m² com 03 quartos para locação e venda - Santa Cruz do José Jacques|Santa Cruz do José Jacques|3|2|2|98|R$ 450.000,00
85124|APARTAMENTO DIFERENCIADO||3|3|2|111|R$ 450.000,00
59558|APARTAMENTO PRÓXIMO À AVENIDA DOUTOR FRANCISCO JUNQUEIRA||3|4|1|125|R$ 450.000,00
58415|LINDO APARTAEMNTO NO IRAJA||3|3|2|108|R$ 450.000,00
25556|Apartamento de 122m² com 03 quartos para locação e venda - Centro|Centro|3|4|2|122|R$ 450.000,00
207488|Apartamento de 75m² com 02 quartos à venda - Jardim Botânico.|Jardim Botânico|2|2|2|75|R$ 450.000,00
120686|Apartamento de 70m² com 02 quartos à venda - Jardim Novo Mundo|Jardim Novo Mundo|2|2|1|70|R$ 452.000,00
129665|Apartamento de 92 m² com 02 quartos - Jardim Paulistano.|Jardim Paulistano|2|2|2|92|R$ 425.000,00
236597|Apartamento de 70m² com 02 quartos à venda - Vila Ana Maria|Vila Ana Maria|2|2|1|70|R$ 430.000,00
214634|Apartamento de 67m² com 02 quartos à venda - Ribeirânia|Ribeirânia|2|2|1|67|R$ 455.000,00
214631|Apartamento de 67m² com 02 quartos à venda - Ribeirânia|Ribeirânia|2|2|1|67|R$ 455.000,00
209060|Apartamento de 76 m² com 02 quartos sendo 01 suíte à venda - Vila Ana Maria|Vila Ana Maria|2|2|1|76|R$ 455.000,00
202874|Apartamento de 68m² com 03 quartos à venda - Lagoinha|Lagoinha|3|2|1|68|R$ 455.000,00
197219|LINDO APARTAMENTO IBIZA RESIDENCE||3|2|2|71|R$ 455.000,00
164171|Apartamento de 109m² com 03 quartos à venda - Bosque das Juritis|Bosque das Juritis|3|2|2|109|R$ 455.000,00
161936|Apartamento de 69m² com 02 suítes à venda - Vila Monte Alegre|Vila Monte Alegre|2|2|2|69|R$ 455.000,00
134525|APARTAMENTO 3 DORMITÓRIOS VILA SEIXAS||3|2|1|138|R$ 425.000,00
178514|OPORTUNIDADE APARTAMENTO NA LAFAEITE VILA SEIXAS||3|2|1|102|R$ 430.000,00
243092|Apartamento de 55m² com 02 quartos sendo 1 suíte, para Venda - Residencial Monterrey|Residencial Monterrey|2|2|1|55|R$ 460.000,00
239141|Apartamento de 75m² com 03 quartos sendo 01 suíte à venda - Jardim Botanico|Jardim Botanico|3|2|2|75|R$ 460.000,00
238736|Apartamento de 87m² com 03 quartos à venda - Lagoinha|Lagoinha|3|2|1|87|R$ 460.000,00
237758|Apartamento - Padrão|Padrão|2|2|1|61|R$ 460.000,00
234902|Apartamento de 59m² com 02 quartos sendo 01 suíte para locação e venda - Quintas de São José|Quintas de São José|2|2|1|59|R$ 460.000,00
234452|Apartamento de 134m² reformado com 03 quartos à venda - Centro|Centro|3|3|1|134|R$ 460.000,00
229724|Apartamento de 88m² com 02 suítes para venda - Parque dos Bandeirantes|Parque dos Bandeirantes|2|3|2|88|R$ 460.000,00
208760|Apartamento de 105m² com 03 quartos à venda - Jardim Botânico|Jardim Botânico|3|3|1|105|R$ 460.000,00
199217|APARTAMENTO NO CENTRO||2|2|1|132|R$ 460.000,00
180509|Apartamento térreo de 92m² com 02 Suítes a venda - Jardim botânico|Jardim botânico|2|3|2|92|R$ 460.000,00
140291|Apartamento de 70m² com 02 quartos para venda - Jardim São Luiz|Jardim São Luiz|2|2|1|70|R$ 460.000,00
122195|Apartamento de 76m² com 03 quartos sendo 01 suíte para a locação e venda - Jardim Botânico|Jardim Botânico|3|2|2|76|R$ 460.000,00
116030|APARTAMENTO NOVO NO VILA SEIXAS||2|3|2|85|R$ 460.000,00
111785|Apartamento de 03 quartos para locação - Alto da Boa Vista|Alto da Boa Vista|3|2|1|71|R$ 460.000,00
103304|APARTAMENTO NO SANTA CRUZ DO JOSÉ JACQUES||3|2|2|93|R$ 460.000,00
86522|Apartamento de 80m² com 02 quartos à venda - Centro|Centro|2|2|2|80|R$ 460.000,00
82664|Apartamento - Padrão|Padrão|3|3|2|96|R$ 460.000,00
79040|Apartamento de 93m² com 03 quartos para venda - Santa Cruz do José Jacques|Santa Cruz do José Jacques|3|3|2|93|R$ 460.000,00
76532|Apartamento de 70m² com 02 quartos à venda - Nova Aliança|Nova Aliança|2|2|1|70|R$ 460.000,00
68408|Apartamento de 02 quartos para venda - Jardim Botânico|Jardim Botânico|2|2|2|83|R$ 460.000,00
170288|APARTAMENTO NO JARDIM CALIFÓRNIA||1|1|1|62|R$ 461.809,73
235928|Apartamento de 76m² com 02 quartos para venda - Vila Ana Maria|Vila Ana Maria|2|2|1|76|R$ 463.500,00
131297|APARTAMENTO NOVO NO BAIRRO RIBEIRÂNIA||2|2|1|73|R$ 464.467,92
194849|Apartamento de 85m² com 03 quartos para locação e venda - Jardim Irajá|Jardim Irajá|3|2|1|85|R$ 465.000,00
78554|Apartamento de 93m² com 02 suites a venda - Jardim Anhanguera|Jardim Anhanguera|2|3|2|93|R$ 465.000,00
188681|Apartamento de 74m² com 02 quartos à venda - Parque dos Lagos|Parque dos Lagos|2|2|2|74|R$ 450.000,00
82700|Apartamento de 109m² com 03 quartos para venda - Centro|Centro|3|2|1|109|R$ 330.000,00
93614|Apartamento de 58m² com 01 quarto para locação e venda - Jardim Botânico|Jardim Botânico|1|1|1|58|R$ 425.000,00
231179|Apartamento de 80m² 02 quartos à venda - Campos Elíseos|Campos Elíseos|2|2|1|80|R$ 470.000,00
224312|Apartamento de 180m² com 03 quartos sendo 01 suíte à venda - Centro|Centro|3|2|1|180|R$ 470.000,00
213626|Apartamento de 120m² com 03 quartos à venda - Centro|Centro|3|3|2|120|R$ 470.000,00
199214|Apartamento com 158m² de 03 quartos à venda - Centro|Centro|3|3|1|158|R$ 470.000,00
190370|Apartamento de 80 m² com 03 quartos à venda - Vila Mariana|Vila Mariana|3|2|1|80|R$ 470.000,00
188558|Apartamento de 80m² com 02 quartos para venda - Centro|Centro|2|3|2|80|R$ 470.000,00
120191|APARTAMENTO PRÓXIMO À USP||1|1|1|34|R$ 470.000,00
103097|ÓTIMO APARTAMENTO NO BAIRRO NOVA ALIANÇA!||2|2|1|68|R$ 470.000,00
75785|Apartamento com 93m² com 3 quartos à venda - Presidente Médici|Presidente Médici|3|2|1|93|R$ 470.000,00
55319|APARTAMENTO NO CENTRO||3|2|1|94|R$ 470.000,00
202685|Apartamento de 73m² com 02 quartos à venda - Ribeirânia|Ribeirânia|2|2|1|73|R$ 460.000,00
127694|Apartamento de 164m² com 03 quartos à venda - Centro|Centro|3|4|1|164|R$ 380.000,00
68144|Apartamento de 121mts; 03 dorm sendo 01 suite - CAMPOS ELÍSEOS|CAMPOS ELÍSEOS|3|3|1|121|R$ 380.000,00
131477|LINDO APARTAMENTO NO BAIRRO VILA SEIXAS||3|2|1|97|R$ 450.000,00
103973|APARTAMENTO PRÓXIMO À CATEDRAL||3|3|1|231|R$ 450.000,00
243881|Apartamento de 56m² com 02 quartos para venda - Sumarezinho|Sumarezinho|2|2|1|56|R$ 477.000,00
216449|Apartamento de 57m² com 02 quartos à venda - Alto da Boa Vista|Alto da Boa Vista|2|2|1|57|R$ 477.000,00
145898|APARTAMENTO PRÓXIMO À AVENIDA PROFESSOR JOÃO FIÚSA||3|3|1|0|R$ 477.000,00
133133|Apartamento mobiliado de 58m² com 01 quarto para locação e venda - Bosque das Juritis|Bosque das Juritis|1|1|1|58|R$ 477.000,00
107345|Apartamento de 65m² com 02 quartos para venda - Nova Aliança|Nova Aliança|2|2|1|65|R$ 477.000,00
98963|APARTAMENTO PRÓXIMO À AVENIDA TREZE DE MAIO||4|5|2|146|R$ 477.000,00
53249|Apartamento de 105m² com 03 quartos à venda - Campos Elíseos|Campos Elíseos|3|2|1|105|R$ 477.000,00
216032|Apartamento de 63m² com 02 quartos à venda - City Ribeirão|City Ribeirão|2|2|1|63|R$ 477.792,57
95147|Apartamento de 54m² de 02 quartos para locação - Bairro Vila Monte Alegre|Bairro Vila Monte Alegre|2|2|1|54|R$ 478.000,00
73517|APARTAMENTO SANTA CRUZ DOS JACQUES||3|1|1|93|R$ 479.000,00
237770|apartamento de 57m² com 01 suíte à venda - Nova Aliança|Nova Aliança|1|2|1|57|R$ 430.000,00
242633|Apartamento de 57m² com 02 quartos sendo 01 suíte à venda - Nova Aliança|Nova Aliança|2|2|1|57|R$ 450.000,00
234920|Apartamento de 93m² com 03 quartos à venda - Jardim Irajá|Jardim Irajá|3|3|1|93|R$ 450.000,00
190607|EXCELENTE OPORTUNIDADE DE APARTAMENTO NO CENTRO||3|3|1|127|R$ 450.000,00
235604|Apartamento de 67m² com 02 quartos sendo 01 suíte para venda e locação - Jardim Palma Travassos|Jardim Palma Travassos|2|2|1|67|R$ 470.000,00
222077|Apartamento de 57m² com 02 quartos sendo 01 suíte à venda - Nova Aliança|Nova Aliança|2|2|1|57|R$ 470.000,00
180215|APARTAMENTO NO ALTO DA BOA VISTA||2|2|1|53|R$ 470.000,00
111470|Apartamento de 54m² com 02 quartos à venda - Santa Cruz do José Jacques|Santa Cruz do José Jacques|2|1|1|54|R$ 470.000,00
244913|Apartamento de 100m² com 02 quartos para venda - Jardim Botânico|Jardim Botânico|2|2|1|100|R$ 480.000,00
240362|Apartamento de 70m² com 02 quartos sendo 01 suíte para a locação e venda - Jardim Botânico|Jardim Botânico|2|2|1|70|R$ 480.000,00
236441|Apartamento de 72m² com 02 quartos à venda - Quintas de São José|Quintas de São José|2|2|1|72|R$ 480.000,00
235289|Apartamento de 104m² com 03 quartos - Lagoinha|Lagoinha|3|3|2|104|R$ 480.000,00
233264|Apartamento com 89m², 03 quartos, para venda - Jardim Paulista.|Jardim Paulista|3|2|1|89|R$ 480.000,00
232778|Apartamento de 106m² com 03 quartos à venda - Santa Cruz do José Jacques|Santa Cruz do José Jacques|3|3|2|106|R$ 480.000,00
230471|Apartamento mobiliado de 49m² com 02 quartos para locação e venda - Alto da Boa Vista|Alto da Boa Vista|2|1|1|49|R$ 480.000,00
229952|Apartamento padrão com 58 m², 02 quartos, Ribeirânia.||2|2|1|58|R$ 480.000,00
221507|Apartamento térreo de 181m² com 04 quartos sendo 02 suítes à venda - Jardim Paulista|Jardim Paulista|4|3|2|181|R$ 480.000,00
216575|Apartamento de 113m² com 03 quartos à venda - Jardim Irajá|Jardim Irajá|3|3|1|113|R$ 480.000,00
214091|Apartamento de 150m² com 03 quartos à venda - Centro|Centro|3|3|2|150|R$ 480.000,00
200927|EXCELENTE APARTAMENTO NO CENTRO||2|2|1|93|R$ 480.000,00
195047|EXCELENTE APARTAMENTO LOCALIZADO NO JARDIM BOTÂNICO||3|2|2|70|R$ 480.000,00
193466|APARTAMENTO MOBILIADO PRÓXIMO À USP||2|2|1|78|R$ 480.000,00
188975|Apartamento de 03 quartos para locação - Jardim Botânico|Jardim Botânico|3|1|2|75|R$ 480.000,00
183284|Apartamento de 80m² com 02 quartos para venda - Centro|Centro|2|2|2|80|R$ 480.000,00
182000|Apartamento de 103m² com 03 quartos sendo 01 suíte à venda - Vila Seixas|Vila Seixas|3|2|2|103|R$ 480.000,00
181865|APARTAMENTO AV CARAMURU COM 116M² - 3 DORMITÓRIOS 1 SUÍTE|"3 DORMITÓRIOS 1 SUÍTE"|3|3|1|116|R$ 480.000,00
179744|APARTAMENTO NA ZONA SUL PRÓXIMO À AV. JOÃO FIÚSA||3|2|1|87|R$ 480.000,00
172019|Apartamento de 128m² para venda - Centro|Centro|3|3|1|128|R$ 480.000,00
158384|APARTAMENTO DIFERENCIADO NO JARDIM BOTÂNICO||2|3|2|73|R$ 480.000,00
158177|APARTAMENTO NO CENTRO||3|3|2|123|R$ 480.000,00
157325|Apartamento de 63m² com 02 quartos à venda - Nova Aliança|Nova Aliança|2|2|1|63|R$ 480.000,00
149936|Apartamento de 62m² com 02 suítes á venda - Jardim Califórnia|Jardim Califórnia|2|2|2|62|R$ 480.000,00
128027|APARTAMENTO NO JARDIM NOVA ALIANÇA||2|3|2|88|R$ 480.000,00
126710|Apartamento de 74m² com 02 quartos sendo 01 supite à venda - Centro|Centro|2|3|2|74|R$ 480.000,00
116999|APARTAMENTO PRÓXIMO À PRAÇA 7 DE SETEMBRO||3|2|2|83|R$ 480.000,00
112913|Apartamento de 85m² com 02 quartos sendo 01 suíte à venda - Vila Seixas|Vila Seixas|2|2|2|85|R$ 480.000,00
106124|Apartamento de 81m² com 02 quartos para venda e locação - Jardim Paulista|Jardim Paulista|2|2|1|81|R$ 480.000,00
88904|Apartamento de 02 suítes para locação - Jardim Botânico|Jardim Botânico|2|2|2|88|R$ 480.000,00
83537|APARTAMENTO NO JARDIM PAULISTA||2|2|2|81|R$ 480.000,00
32714|Apartamento - Padrão|Padrão|3|2|1|0|R$ 480.000,00
162026|More na Nova Fiusa - TRIADE FIUSA HOME RESORT|TRIADE FIUSA HOME RESORT|3|2|1|67|R$ 483.802,00
213218|Apartamento de 48m² com 02 quartos à venda - Alto da Boa vista|Alto da Boa vista|2|1|1|48|R$ 426.000,00
181997|Apartamento de 54m² com 02 quartos à venda - Vila Monte Alegre|Vila Monte Alegre|2|2|1|54|R$ 485.000,00
90020|Apartamento - Padrão|Padrão|3|2|2|107|R$ 485.000,00
242807|Apartamento mobiliado de 56m² com 02 quartos à venda - Sumarezinho|Sumarezinho|2|2|1|56|R$ 489.000,00
63848|Apartamento de 156m² com 03 quartos á venda - Higienópolis|Higienópolis|3|3|2|156|R$ 449.000,00
238862|Apartamento de 57m² com 02 quartos à venda - Nova Aliança|Nova Aliança|2|2|1|57|R$ 450.000,00
197075|EXCELENTE APARTAMENTO PARA VENDA NO CENTRO DE RIBEIRÃO PRETO||3|3|1|107|R$ 460.000,00
130868|Apartamento de 82m² com 02 quartos para locação e venda - Jardim Botânico|Jardim Botânico|2|2|1|82|R$ 480.000,00
62921|APARTAMENTO PRÓXIMO À UNAERP||3|3|1|118|R$ 480.000,00
243701|Apartamento de 104m² com 03 quartos à venda - Vila Seixas|Vila Seixas|3|3|2|104|R$ 490.000,00
221531|Apartamento de 75m² com 03 quartos sendo 01 suíte à venda - Jardim Botânico|Jardim Botânico|3|2|1|75|R$ 490.000,00
213521|Apartamento de 72m² com 02 quartos à venda - Sumarezinho|Sumarezinho|2|2|1|72|R$ 490.000,00
210989|Apartamento de 111m com 03 quartos - Centro|Centro|3|3|1|111|R$ 490.000,00
202433|EXCELENTE APARTAMENTO REFORMADO PRÓXIMO AV. NOVE DE JULHO||3|4|1|160|R$ 490.000,00
184139|Apartamento de 76m² com 02 quartos sendo 01 suíte à venda - Jardim Sumaré|Jardim Sumaré|2|2|1|76|R$ 490.000,00
178004|Apartamento de 79m² com 02 quartos sendo 01 suíte para locação e venda - Nova Aliança|Nova Aliança|2|2|1|79|R$ 490.000,00
153692|Apartamento de 62m² com 02 suítes para locação - Jardim Califórnia|Jardim Califórnia|2|2|1|62|R$ 490.000,00
146309|Apartamento de 82m² com 02 Quartos a venda - Jardim Paulista|Jardim Paulista|2|2|2|82|R$ 490.000,00
42908|Apartamento de 93m² com 02 quartos sendo 01 suíte para venda - Centro|Centro|2|3|1|93|R$ 490.000,00
196010|Apartamento de 69m² com 02 suítes à venda - Jardim Botânico|Jardim Botânico|2|3|1|69|R$ 493.637,24
219479|Apartamento de 72m² com 03 quartos sendo 01 suíte à venda - Quintas De São José|Quintas De São José|3|3|1|72|R$ 495.000,00
212783|Apartamento de 62m² com 02 suítes à venda - Nova Aliança|Nova Aliança|2|3|1|62|R$ 495.000,00
239900|Lançamento: Alma Panamby - Apartamento de 65m² com 03 quartos com suíte à venda - Panamby II|Apartamento de 65m² com 03 quartos com suíte à venda Panamby II|3|2|1|65|R$ 497.000,00
243278|Apartamento de 71m² com 02 quartos à venda - Bonfim Paulista|Bonfim Paulista|2|2|2|71|R$ 498.000,00
232982|Apartamento de 50m² com 02 quartos à venda - Residencial Monterrey|Residencial Monterrey|2|1|1|50|R$ 450.000,00
236354|Apartamento de 65m² com 02 suítes à venda - Residencial Taiwan|Residencial Taiwan|2|3|1|65|R$ 489.000,00
242933|Apartamento de 97m² com 02 quartos sendo 01 suíte à venda - Nova Aliança|Nova Aliança|2|2|2|97|R$ 499.000,00
241340|Apartamento mobíliado de 82m² com 03 quartos à venda - Nova Aliança|Nova Aliança|3|2|2|82|R$ 499.000,00
238346|Apartamento de 61m² com 02 quartos para venda - Quinta da Primavera|Quinta da Primavera|2|2|1|61|R$ 499.000,00
237803|Apartamento de 55m² com 02 quartos à venda - Santa Cruz do José Jacques|Santa Cruz do José Jacques|2|1|2|55|R$ 499.000,00
227198|Apartamento de 61m² com 02 quartos à venda - Quinta da Primavera|Quinta da Primavera|2|2|1|61|R$ 499.000,00
122207|Apartamento de 75m² com 02 quartos à venda - Vila Tibério|Vila Tibério|2|2|2|75|R$ 499.000,00
228398|Apartamento de 83m² com 02 quartos sendo 01 suíte à venda - Nova Ribeirânia|Nova Ribeirânia|2|2|1|83|R$ 499.900,00
239492|Apartamento de 59m² com 01 quarto para venda e locação - Alto da Boa Vista|Alto da Boa Vista|1|1|1|59|R$ 742.000,00
233318|Apartamento Studio mobiliado com 49 m², 01 quarto, para locação - Alto da Boa Vista.|Alto da Boa Vista|1|1|1|49|R$ 660.000,00
245582|Apartamento mobiliado de 104m² com 03 suítes para venda e locação - Vila do golf|Vila do golf|3|4|2|104|R$ 750.000,00
150620|Apartamento de 261m² com 04 quartos à venda - Centro|Centro|4|5|2|261|R$ 650.000,00
201380|Apartamento de 59m² com 02 quartos para locação e venda - Jardim Sumaré|Jardim Sumaré|2|2|2|59|R$ 850.000,00
97874|Apartamento de 180m² com 03 quartos para locação e venda - Jardim Irajá|Jardim Irajá|3|4|3|180|R$ 1.290.000,00
184175|Apartamento de 60 m² com 01 quarto para venda - Jardim Botânico|Jardim Botânico|1|1|1|60|R$ 530.000,00
184931|Apartamento de 378m² com 04 quartos para venda e locação - Centro|Centro|4|5|4|378|R$ 1.350.000,00
213329|Apartamento de 131m² com 04 quartos à venda - Presidente Médici|Presidente Médici|4|3|4|131|R$ 630.000,00
244154|Apartamento de 90m² com 02 suítes para locação e venda - Bosque das Juritis|Bosque das Juritis|2|3|2|90|R$ 750.000,00
221807|Apartamento de 82m² com 02 quartos sendo 01 suíte à venda - Alamedas do Botânico|Alamedas do Botânico|2|2|2|82|R$ 839.000,00
137285|Apartamento de 432m² com 5 quartos para locação e venda - Centro|Centro|5|6|4|432|R$ 900.000,00
241157|Apartamento de 80m² com 02 suítes para a venda e a locação - Jardim Olhos D`água|Jardim Olhos Dágua|2|3|2|80|R$ 950.000,00
217691|Apartamento de 133m² com 03 quartos para locação e venda - Jardim Nova Aliança Sul|Jardim Nova Aliança Sul|3|4|2|133|R$ 960.000,00
206036|Apartamento de 100m² com 03 quartos para locação e venda - Jardim Botânico|Jardim Botânico|3|3|2|100|R$ 880.000,00
105830|Apartamento de 139m² com 03 quartos para locação e venda - Jardim Canadá|Jardim Canadá|3|4|2|139|R$ 1.020.000,00
123419|Apartamento de 101m² com 03 suítes para venda - Nova Aliança|Nova Aliança|3|3|2|101|R$ 750.000,00
228170|Apartamento de 202m² com 03 quartos para locação e venda - Jardim Irajá|Jardim Irajá|3|5|3|202|R$ 1.199.000,00
153407|Apartamento de 132m² com 03 suítes para venda e locação - Jardim Olhos D` Água|Jardim Olhos D Água|3|4|3|132|R$ 1.250.000,00
238916|Apartamento mobiliado de 73m² com 02 quartos à venda - Bosque das Juritis|Bosque das Juritis|2|1|1|73|R$ 770.000,00
232850|Apartamento 118m² com 03 suítes à venda - Jardim Olhos D`Água|Jardim Olhos DÁgua|3|4|2|118|R$ 1.250.000,00
193238|APARTAMENTO NO CENTRO||3|2|1|127|R$ 375.000,00
85055|Apartamento de 46m² com 03 quartos para venda - Jardim Paulista|Jardim Paulista|3|2|1|46|R$ 400.000,00
159350|Apartamento de 90m² com 01 quarto à venda - Centro|Centro|1|2|1|90|R$ 430.000,00
196283|Apartamento - Padrão|Padrão|2|2|1|62|R$ 450.000,00
177749|APARTAMENTO NO JARDIM IRAJÁ||3|2|1|111|R$ 450.000,00
176480|APARTAMENTO NO JARDIM PAULISTANO||3|4|1|135|R$ 450.000,00
174908|APARTAMENTO NO JARDIM IRAJÁ||3|3|1|0|R$ 450.000,00
98822|Apartamento de 110m² com 03 quartos à venda - Jardim Paulista|Jardim Paulista|3|2|2|110|R$ 450.000,00
95186|APARTAMENTO NO JARDIM IRAJÁ||3|2|1|111|R$ 450.000,00
87569|Apartamento de 87m² com 02 suítes á venda - Jardim América|Jardim América|2|3|2|87|R$ 450.000,00
161426|APARTAMENTO NO CENTRO||3|2|1|158|R$ 460.000,00
141557|EXCELENTE APARTAMENTO PARA LOCAÇÃO NO BAIRRO IRAJÁ||3|3|2|0|R$ 470.000,00
235397|Apartamento de 68m² com 03 quartos para locação e venda - Parque Industrial Lagoinha|Parque Industrial Lagoinha|3|2|2|68|R$ 479.000,00
28520|Apartamento a poucos metros do Parque Raya||3|2|2|111|R$ 480.000,00
238025|Apartamento de 72m² com 02 quartos sendo 01 suíte à venda - Nova Aliança|Nova Aliança|2|2|2|72|R$ 490.000,00
245168|Apartamento de 105m² com 03 quartos sendo 01 à venda - Lagoinha|Lagoinha|3|2|1|105|R$ 500.000,00
244505|Apartamento de 86m² com 03 quartos para venda 02 vagas - Jardim Botânico|Jardim Botânico|3|3|2|86|R$ 500.000,00
242324|Apartamento de 95m² com 03 quartos sendo 01 suíte à venda - Jardim Paulista|Jardim Paulista|3|3|1|95|R$ 500.000,00
240620|Apartamento de 75m² com 03 quartos para locação e venda - Jardim Botânico|Jardim Botânico|3|2|2|75|R$ 500.000,00
235202|Apartamento de 102m² com 03 quartos para venda - Centro|Centro|3|2|1|102|R$ 500.000,00
230900|Apartamento de 52m² com 02 quartos sendo 1 suíte à venda - Quintas de São José|Quintas de São José|2|2|1|52|R$ 500.000,00
226469|Apartamento de 58m² com 02 quartos para locação e venda - Ribeirânia|Ribeirânia|2|2|1|58|R$ 500.000,00
216452|Apartamento de 71m² com 02 quartos à venda - Ribeirânia|Ribeirânia|2|2|1|71|R$ 500.000,00
214595|Apartamento de 80m² com 02 quartos para locação - Nova Aliança|Nova Aliança|2|2|2|80|R$ 500.000,00
204152|Apartamento de 61m² com 02 quartos para locação e venda - Quinta da Primavera|Quinta da Primavera|2|2|1|61|R$ 500.000,00
199064|FLAT NA RIBEIRÂNIA||2|1|1|58|R$ 500.000,00
196025|Apartamento mobiliado de 35m² com 01 quarto à venda - Vila Amélia|Vila Amélia|1|1|1|35|R$ 500.000,00
188579|EXCELENTE APARTAMENTO PRÓXIMO Á AVENIDA INDEPENDÊNCIA||3|1|1|132|R$ 500.000,00
178610|Apartamento de 107m² com 03 quartos sendo 01 suíte para venda - jardim Paulista|jardim Paulista|3|2|2|107|R$ 500.000,00
174545|Apartamento de 111m² com 03 quartos sendo 01 suíte à venda - Jardim Irajá|Jardim Irajá|3|3|2|111|R$ 500.000,00
169562|APARTAMENTO NO CENTRO||3|3|1|140|R$ 500.000,00
168347|Apartamento de 42m² com 01 quarto - Nova Aliança|Nova Aliança|1|1|1|42|R$ 500.000,00
147635|APARTAMENTO PRÓXIMO À AVENIDA LEÃO XIII||2|2|1|61|R$ 500.000,00
146804|Apartamento de 165m² com 03 quartos sendo 1 suíte - Centro|Centro|3|4|1|165|R$ 500.000,00
145205|APARTAMENTO PRÓXIMO À AVENIDA MAURILIO BIAGI||3|2|2|96|R$ 500.000,00
133865|APARTAMENTO PRÓXIMO À UNAERP||3|2|1|88|R$ 500.000,00
131399|Apartamento de 83m² com 02 quartos para venda - Centro|Centro|2|2|2|83|R$ 500.000,00
130313|Apartamento de 58m² com 02 quartos sendo 01 suíte à venda - Ribeirânia|Ribeirânia|2|2|1|58|R$ 500.000,00
126716|Apartamento de 74m² com 03 quartos à venda - Centro|Centro|2|3|2|74|R$ 500.000,00
126713|Apartamento de 74m² com 03 quartos à venda - Centro|Centro|2|3|2|74|R$ 500.000,00
126707|Apartamento de 72m² com 02 quartos para locação - Centro|Centro|2|3|1|72|R$ 500.000,00
120887|Apartamento de 58m² com 02 quartos para locação - Ribeirânia|Ribeirânia|2|2|1|58|R$ 500.000,00
120698|APARTAMENTO NO JARDIM NOVO MUNDO||2|2|1|70|R$ 500.000,00
120695|Apartamento de 70m² com 02 quartos para locação - Jardim Novo Mundo|Jardim Novo Mundo|2|2|1|70|R$ 500.000,00
120689|Apartamento de 70m² com 02 quartos para locação - Jardim Novo Mundo|Jardim Novo Mundo|2|2|1|70|R$ 500.000,00
120179|APARTAMENTO PRÓXIMO AO SHOPPING SANTA ÚRSULA||3|3|1|129|R$ 500.000,00
109466|Apartamento de 122m² com 03 quartos - Centro|Centro|4|3|2|122|R$ 500.000,00
106403|APARTAMENTO NO JARDIM BOTÂNICO||3|2|2|83|R$ 500.000,00
104618|APARTAMENTO NO SANTA CRUZ DO JOSÉ JACQUES||3|3|2|85|R$ 500.000,00
102374|Apartamento de 103m² com 03 quartos para venda - Vila Monte Alegre|Vila Monte Alegre|3|2|1|103|R$ 500.000,00
93674|APARTAMENTO NO CENTRO||1|1|1|42|R$ 500.000,00
85280|Apartamento de 82m² com 02 quartos à venda - Jardim Paulista|Jardim Paulista|2|2|2|82|R$ 500.000,00
82421|APARTAMENTO TÉRREO NO BOSQUES DOS JURITIS||2|2|1|64|R$ 500.000,00
82307|EXCELENTE APARTAMENTO NO CENTRO||3|3|1|210|R$ 500.000,00
157226|APARTAMENTO PRÓXIMO À AVENIDA PROFESSOR JOÃO FIÚSA||3|3|2|108|R$ 450.000,00
95486|Apartamento de 85m² com 03 quartos para locação e venda - Santa Cruz do José Jacques|Santa Cruz do José Jacques|3|3|1|85|R$ 480.000,00
194807|Excelente localização no Centro||3|3|2|132|R$ 460.000,00
244877|Apartamento de 67m² com 01 quarto à venda - Ribeirânia|Ribeirânia|2|1|1|67|R$ 510.000,00
242192|Apartamento de 103m² com 03 quartos para locação - Alto da Boa Vista|Alto da Boa Vista|3|2|2|103|R$ 510.000,00
236054|Apartamento de 86m² com 02 quartos sendo 01 suíte para locação - Jardim Botânico|Jardim Botânico|2|2|1|86|R$ 510.000,00
221894|Apartamento de 58m² com 02 quartos sendo 01 suíte para venda - Ribeirânia|Ribeirânia|2|2|2|58|R$ 510.000,00
183329|Apartamento de 43m² com 01 suíte para venda e locação - Alto da Boa Vista|Alto da Boa Vista|1|1|1|43|R$ 510.000,00
159575|APARTAMENTO NO CENTRO||3|3|2|123|R$ 510.000,00
141920|Apartamento de 75m² com 02 quartos para locação e venda - Jardim Nova Aliança|Jardim Nova Aliança|2|2|2|75|R$ 510.000,00
140663|EXCELENTE APARTAMENTO NO QUINTA DA PRIMAVERA||2|2|1|63|R$ 510.000,00
135476|Apartamento de 75m² com 02 quartos para locação e venda - Nova Aliança|Nova Aliança|2|2|1|75|R$ 510.000,00
135110|**** EXCELENTE OPORTUNIDADE****||2|1|1|86|R$ 510.000,00
118760|Ótimo apartamento próximo à Avenida Meira Junior||3|3|2|132|R$ 510.000,00
105611|Apartamento com 02 suítes para locação e venda - Santa Cruz|Santa Cruz|2|3|2|76|R$ 510.000,00
67469|Apartamento de 141m² com 03 quartos para locação - Centro|Centro|3|4|1|141|R$ 510.000,00
194357|Apartamento de 101m² com 02 suítes para locação e venda - Jardim Botânico|Jardim Botânico|2|3|2|101|R$ 513.000,00
244889|Apartamento de 67m² com 02 quartos à venda - Ribeirânia|Ribeirânia|2|2|2|67|R$ 515.000,00
212930|Apartamento de 59M² com 02 quartos - Quinta da Primavera|Quinta da Primavera|2|2|2|59|R$ 515.000,00
177014|Apartamento de 150m² com 03 quartos para venda e locação - Centro|Centro|3|4|2|150|R$ 499.000,00
245039|Apartamento de 62m² com 02 quartos à venda - Ribeirânia|Ribeirânia|2|2|1|62|R$ 520.000,00
240932|Apartamento de 65m² com 03 quartos à venda - Jardim Sumarezinho|Jardim Sumarezinho|3|2|1|65|R$ 520.000,00
239543|Apartamento 3 Quartos - 199m² - Higienópolis|"199m² Higienópolis"|3|2|1|199|R$ 520.000,00
229691|Apartamento - Padrão|Padrão|2|2|1|71|R$ 520.000,00
229682|Apartamento de 63m² com 02 quartos para locação e venda - Jardim Irajá|Jardim Irajá|2|1|1|63|R$ 520.000,00
226493|Apartamento de 82m² com 02 quartos à venda - Jardim Nova Aliança Sul|Jardim Nova Aliança Sul|2|2|2|82|R$ 520.000,00
223775|Apartamento de 106m² com 03 quartos à venda - Santa Cruz do José Jacques|Santa Cruz do José Jacques|3|3|2|106|R$ 520.000,00
216413|Apartamento de 82m² com 02 quartos para locação - Jardim Nova Aliança Sul|Jardim Nova Aliança Sul|2|2|1|82|R$ 520.000,00
212594|Apartamento de 77m² com 03 quartos - Jardim Nova Aliança|Jardim Nova Aliança|3|2|2|77|R$ 520.000,00
210080|Apartamento de 129m² com 03 quartos à venda - Centro|Centro|3|2|1|129|R$ 520.000,00
166820|APARTAMENTO NO CENTRO||3|2|2|122|R$ 520.000,00
102665|APARTAMENTO PRÓXIMO AVENIDA PORTUGAL||2|2|2|60|R$ 520.000,00
86672|Apartamento de 95m² com 03 quartos - Jardim Santa Cruz do José Jacques|Jardim Santa Cruz do José Jacques|3|2|2|95|R$ 520.000,00
178268|Apartamento de 61m² com 02 suítes à venda - Nova Aliança|Nova Aliança|2|3|1|61|R$ 520.793,50
135815|Apartamento de 75m² com 03 quartos sendo 01 suíte à venda - Jardim Itaporã|Jardim Itaporã|3|2|1|75|R$ 524.000,00
42005|Apartamento de 158m² com 03 quartos sendo 01 suíte para locação e venda - Centro|Centro|4|2|2|158|R$ 450.000,00
204029|Apartamento de 88m² com 02 quartos para venda e locação - Bosque das Juritis|Bosque das Juritis|2|2|2|88|R$ 520.000,00
214988|Apartamento de 59m² com 01 suíte à venda - Quinta da Primavera|Quinta da Primavera|1|2|1|59|R$ 525.584,00
178274|Apartamento de 62m² com 02 suítes à venda - Nova Aliança|Nova Aliança|2|3|1|62|R$ 527.736,28
207059|Apartamento de 142 m² 4 quartos - Centro|Centro|4|3|1|142|R$ 375.000,00
194633|ÓTIMA OPORTUNIDADE DE APARTAMENTO NO JD. BOTÂNICO||2|1|2|92|R$ 450.000,00
109799|Apartamento - Padrão|Padrão|3|3|2|156|R$ 480.000,00
86678|APARTAMENTO PRÓXIMO Á AVENIDA MAURÍLIO BIAGI||3|2|2|85|R$ 480.000,00
22790|Apartamento de 159m² com 03 quartos à venda - Centro|Centro|3|3|2|159|R$ 480.000,00
141107|Apartamento de 71m² com 02 quartos sendo 01 suíte á venda - Centro|Centro|2|2|1|71|R$ 510.000,00
231914|Apartamento de 71m² com 02 quartos à venda - Bosque das Juritis|Bosque das Juritis|2|2|2|71|R$ 520.000,00
212537|Apartamento de 158m² com 03 dormitórios à venda - Centro|Centro|3|3|2|158|R$ 520.000,00
242420|Apartamento de 77m² com 02 suítes à venda - Nova Aliança|Nova Aliança|2|3|1|77|R$ 530.000,00
241952|Apartamento de 65m² com 02 suítes à venda -Residencial Taiwan|Residencial Taiwan|2|3|1|65|R$ 530.000,00
241208|Apartamento de 120m² com 02 suítes e 02 vagas de garagem à venda - Parque dos Bandeirantes|Parque dos Bandeirantes|2|3|2|120|R$ 530.000,00
234341|Apartamento de 58m² com 02 quartos sendo 01 suíte para venda e locação - Ribeirânia|Ribeirânia|2|2|1|58|R$ 530.000,00
228068|Apartamento semimobiliado de 70m² com 02 quartos para locação e venda - Jardim Macedo|Jardim Macedo|2|2|1|70|R$ 530.000,00
226751|Apartamento de 54m² com 02 quartos à venda - Santa Cruz do José Jacques|Santa Cruz do José Jacques|2|1|1|54|R$ 530.000,00
226289|Apartamento de 61m² com 02 quartos à venda - Quinta da Primavera|Quinta da Primavera|2|2|1|61|R$ 530.000,00
224120|Apartamento de 65m² com 02 suítes à venda - Residencial Taiwan|Residencial Taiwan|2|3|1|65|R$ 530.000,00
220208|Apartamento de 124m² com 04 quartos à venda - Centro|Centro|3|3|2|124|R$ 530.000,00
211004|Apartamento de 138m² com 03 quartos à venda - Centro|Centro|3|2|1|138|R$ 530.000,00
193355|AMPLO APARTAMENTO NO BAIRRO HIGIENÓPOLIS!||3|3|1|129|R$ 530.000,00
177389|Apartamento de 72m² com 02 quartos sendo 01 suíte à venda - Vila Seixas|Vila Seixas|2|3|2|72|R$ 530.000,00
165752|Apartamento de 03 quartos para locação - Jardim Irajá|Jardim Irajá|3|2|2|0|R$ 530.000,00
150542|Apartamento de 204m² com 03 quartos à venda - Centro|Centro|3|3|1|204|R$ 530.000,00
142769|Apartamento de 141m² com 03 quartos à venda - Centro|Centro|3|3|1|141|R$ 530.000,00
139637|Apartamento de 115m² com 03 quartos sendo 01 suíte á venda - Jardim Irajá|Jardim Irajá|3|2|1|115|R$ 530.000,00
132671|APARTAMENTO NO CENTRO 3 DORMITÓRIOS||3|4|1|165|R$ 530.000,00
125018|APARTAMENTO NO CENTRO||3|3|2|123|R$ 530.000,00
116582|Apartamento de 82m² com 03 quartos sendo 01 suíte à venda - Nova Aliança|Nova Aliança|3|2|2|82|R$ 530.000,00
109715|Apartamento de 84m² com 03 quartos à venda - Nova Aliança Sul|Nova Aliança Sul|3|2|2|84|R$ 530.000,00
109133|LINDO APARTAMENTO NO CENTRO||3|2|1|141|R$ 530.000,00
105053|Apartamento - Padrão|Padrão|3|4|2|118|R$ 530.000,00
96764|APARTAMENTO PRÓXIMO À AVENIDA INDEPENDÊNCIA||3|3|2|103|R$ 530.000,00
95519|Apartamento de 78m² para locação e venda - Nova Aliança|Nova Aliança|2|3|2|78|R$ 530.000,00
85376|Apartamento de 79m² com 03 quartos sendo 01 suíte à venda - Jardim Botânico|Jardim Botânico|3|2|2|79|R$ 530.000,00
83696|Apartamento de 82m² com 02 quartos sendo 1 suíte á venda - Jardim Paulista|Jardim Paulista|2|2|1|82|R$ 530.000,00
64124|Apartamento de 64m² com 02 quartos para locação e venda - Jardim Botânico|Jardim Botânico|2|2|1|64|R$ 530.000,00
61664|Apartamento de 97m² com 03 quartos para venda e locação- Campos Elíseos|Campos Elíseos|3|2|1|97|R$ 530.000,00
74357|Apartamento - Padrão|Padrão|2|2|1|60|R$ 531.000,00
239462|Apartamento de 67m² com 02 quartos - Jardim Irajá|Jardim Irajá|2|2|1|67|R$ 535.000,00
197885|EXCELENTE APARTAMENTO TÉRREO NO JARDIM BOTÂNICO||3|2|1|129|R$ 535.000,00
161117|APARTAMENTO 03 DORMITÓRIOS 01 SUITE COM VARANDA GOURMET PRÓXIMO A AV. CARLOS CONSONI||3|3|1|87|R$ 535.500,00
216044|Apartamento de 61m² com 02 quartos à venda - Quinta da Primavera|Quinta da Primavera|2|2|1|61|R$ 538.000,00
235205|Apartamento de 65m² com 02 quartos para venda - Nova Aliança|Nova Aliança|2|2|1|65|R$ 539.000,00
231971|Apartamento de 71m² com 02 quartos à venda - Bosque das Juritis|Bosque das Juritis|2|2|2|71|R$ 520.000,00
231962|Apartamento de 75m² com 02 quartos à venda - Bosque das Juritis|Bosque das Juritis|2|2|2|75|R$ 520.000,00
231959|Apartamento de 75m² com 02 quartos para locação - Bosque das Juritis|Bosque das Juritis|2|2|2|75|R$ 520.000,00
231950|Apartamento de 75m² com 02 quartos à venda - Bosque das Juritis|Bosque das Juritis|2|2|2|75|R$ 520.000,00
231947|Apartamento de 75m² com 02 quartos à venda - Bosque das Juritis|Bosque das Juritis|2|2|2|75|R$ 520.000,00
231974|Apartamento de 71m² com 02 quartos à venda - Bosque das Juritis|Bosque das Juritis|2|2|2|71|R$ 530.000,00
231965|Apartamento de 75m² com 02 quartos à venda - Bosque das Juritis|Bosque das Juritis|2|2|2|75|R$ 530.000,00
231953|Apartamento de 75m² com 02 quartos à venda - Bosque das Juritis|Bosque das Juritis|2|2|2|75|R$ 530.000,00
82316|Apartamento de 72m² com 02 quartos à venda - Nova Aliança|Nova Aliança|2|2|2|72|R$ 531.000,00
231977|Apartamento de 71m² com 02 quartos à venda - Bosque das Juritis|Bosque das Juritis|2|2|2|71|R$ 535.000,00
231968|Apartamento de 75m² com 02 quartos à venda - Bosque das Juritis|Bosque das Juritis|2|2|2|75|R$ 535.000,00
231956|Apartamento de 75m² com 02 quartos à venda - Bosque das Juritis|Bosque das Juritis|2|2|2|75|R$ 535.000,00
231944|Apartamento de 75m² com 02 quartos à venda - Bosque das Juritis|Bosque das Juritis|2|2|2|75|R$ 540.000,00
231935|Apartamento de 75m² com 02 quartos à venda - Bosque das Juritis|Bosque das Juritis|2|2|2|75|R$ 540.000,00
231932|Apartamento de 75m² com 02 quartos à venda - Bosque das Juritis|Bosque das Juritis|2|2|2|75|R$ 540.000,00
231911|Apartamento de 75m² com 02 quartos à venda - Bosque das Juritis|Bosque das Juritis|2|2|2|75|R$ 540.000,00
224315|Apartamento de 122m² com 03 quartos sendo 01 suíte para locação e venda - Centro|Centro|3|3|2|122|R$ 540.000,00
211457|Apartamento de 76m² com 02 suítes - Jardim Botânico|Jardim Botânico|2|3|2|76|R$ 540.000,00
206534|Apartamento de 110m² com 03 quartos à venda - Jardim Paulista|Jardim Paulista|3|3|1|110|R$ 540.000,00
205856|Apartamento de 96m² com 04 quartos para locação - Centro|Centro|4|2|2|96|R$ 540.000,00
195113|EXCELENTE OPORTUNIDADE PARA INVESTIMENTO OU MORADIA NA PRESIDENTE VARGAS||2|2|2|66|R$ 540.000,00
194816|LINDO APARTAMENTO NOVISSÍMO NO JARDIM BOTÂNICO||2|2|2|90|R$ 540.000,00
159512|Apartamento de 57m² com 2 quartos - Jardim Nova Aliança.|Jardim Nova Aliança|2|2|1|57|R$ 540.000,00
93287|Apartamento de 101m² com 03 quartos à venda - Nova Aliança|Nova Aliança|3|2|2|101|R$ 540.000,00
84926|Apartamento de 142 m² com 03 quartos - Jardim Sumaré|Jardim Sumaré|3|3|2|142|R$ 540.000,00
73220|Apartamento de 03 quartos para locação - Nova Aliança|Nova Aliança|3|2|2|77|R$ 540.000,00
85400|Apartamento de 98m² com 03 quartos à venda - Santa Cruz do José Jacques|Santa Cruz do José Jacques|3|3|2|98|R$ 541.000,00
161120|APARTAMENTO 03 DORMITÓRIOS 01 SUITE COM VARANDA GOURMET PRÓXIMO A AV. CARLOS CONSONI||3|3|1|89|R$ 544.300,00
213929|Apartamento de 210m² com 04 quartos à venda - Centro|Centro|3|4|1|210|R$ 547.000,00
238832|Apartamento de 63m² com 02 quartos para venda - Jardim Sumaré|Jardim Sumaré|2|1|1|63|R$ 548.000,00
238811|Apartamento de 63m² com 02 quartos para locação - Jardim Sumaré|Jardim Sumaré|2|2|1|63|R$ 548.000,00
238808|Apartamento de 63m² com 02 quartos para venda - Jardim Sumaré|Jardim Sumaré|2|2|1|63|R$ 548.000,00
244409|Apartamento de 95m² com 03 quartos sendo 1 suíte para venda - Campos Eliseos|Campos Eliseos|3|2|2|95|R$ 549.000,00
96662|Apartamento de 75m² com 03 quartos para venda - Presidente Médici|Presidente Médici|3|2|1|75|R$ 330.000,00
139061|Apartamento de 95m² com 03 quartos para locação e venda - Jardim Paulista|Jardim Paulista|3|3|2|95|R$ 480.000,00
207833|Apartamento de 124m² com 03 quatos - Centro|Centro|4|3|2|124|R$ 500.000,00
189596|Apartamento de 01 quarto à venda - Jardim Irajá|Jardim Irajá|1|1|1|51|R$ 500.000,00
152393|Apartamento de 64m² com 02 quartos- Bosque das Juritis|Bosque das Juritis|2|2|1|64|R$ 510.000,00
200282|Apartamento - Padrão|Padrão|2|2|2|90|R$ 529.000,00
86405|APARTAMENTO PRÓXIMO À AVENIDA INDEPENDÊNCIA||3|3|2|103|R$ 530.000,00
130142|Apartamento de 97m² com 03 quarto com suíte à venda- Campos Elíseos|Campos Elíseos|3|2|2|97|R$ 540.000,00
121424|Apartamento de 149m² com 03 quartos sendo 01 suíte para locação e venda - Santa Cruz do José Jacques|Santa Cruz do José Jacques|3|3|2|149|R$ 540.000,00
206933|Apartaemento de 03 quartos com 156m² - Centro Ribeirão Preto|Centro Ribeirão Preto|3|2|1|156|R$ 545.000,00
245000|Apartamento de 70m² com 02 quartos, sendo 01 suíte à venda - Jardim Palma Travassos|Jardim Palma Travassos|2|2|2|70|R$ 550.000,00
241943|Apartamento de 77m² com 03 quartos à venda - Nova Aliança|Nova Aliança|3|2|2|77|R$ 550.000,00
231842|Apartamento de 71m² com 02 quartos à venda - Bonfim Paulista|Bonfim Paulista|2|2|1|71|R$ 550.000,00
227558|Apartamento de 80m² com 02 quartos à venda - Jardim Paulista|Jardim Paulista|2|2|2|80|R$ 550.000,00
218624|Apartamento de 67m² com 03 quartos à venda - Jardim Olhos D`Água|Jardim Olhos DÁgua|3|2|1|67|R$ 550.000,00
213518|Apartamento de 122m² com 03 quartos à venda - Centro|Centro|3|3|2|122|R$ 550.000,00
212624|Apartamento de 61m² com 02 quartos à venda - Jardim Olhos D`Água|Jardim Olhos DÁgua|2|2|2|61|R$ 550.000,00
207845|Apartamento de 107m com 03 quartos à venda - Jardim paulista|Jardim paulista|3|2|1|0|R$ 550.000,00
205076|Apartamento térreo reformado à venda - Santa Cruz do José Jacques|Santa Cruz do José Jacques|1|1|1|54|R$ 550.000,00
202136|APARTAMENTO NO CENTRO||3|2|1|155|R$ 550.000,00
200033|Apartamento de 75m² com 02 quartos à venda - Bairro Vila Amélia|Bairro Vila Amélia|2|2|1|75|R$ 550.000,00
187598|APARTAMENTO PRÓXIMO À AVENIDA JOÃO FIÚSA||3|3|2|116|R$ 550.000,00
178535|Apartamento de 43m² com 01 quarto para locação - Quinta da Primavera|Quinta da Primavera|1|1|1|43|R$ 550.000,00
177224|APARTAMENTO NO CENTRO||3|3|2|131|R$ 550.000,00
168434|LINDO APARTAMENTO PRONTO PARA MORAR, ULTIMAS UNIDADES!||2|3|2|79|R$ 550.000,00
167966|APARTAMENTO MOBILIADO NA AVENIDA MAURILIO BIAGI||2|1|2|55|R$ 550.000,00
163067|Apartamento de 123m² com 3 quartos à venda - Santa Cruz|Santa Cruz|3|2|2|123|R$ 550.000,00
157787|Apartamento de 125m² com 03 quartos - Centro|Centro|3|5|2|125|R$ 550.000,00
153452|Apartamento de 129m² com 02 suítes à venda - Nova Aliança|Nova Aliança|2|3|1|129|R$ 550.000,00
150923|APARTAMENTO NO CENTRO||3|3|2|131|R$ 550.000,00
145334|Apartamento de 81m² com 02 quartos à venda - Vila do Golf|Vila do Golf|2|2|2|81|R$ 550.000,00
137126|Apartamento de 03 quartos para locação - Centro|Centro|3|3|1|158|R$ 550.000,00
131231|Apartamento - Padrão|Padrão|2|3|2|88|R$ 550.000,00
129260|APARTAMENTO PRÓXIMO À AVENIDA MEIRA JÚNIOR||3|1|2|126|R$ 550.000,00
120947|Apartamento de 86m² com 02 quartos para locação e venda - Vila Seixas|Vila Seixas|2|2|2|86|R$ 550.000,00
118808|APARTAMENTO NO JARDIM BOTÂNICO COM VARANDA GOURMET||3|2|2|54|R$ 550.000,00
114557|Apartamento para locação no Jd Botânico, Zonal Sul||2|3|2|73|R$ 550.000,00
102461|Apartamento de 66m² com 02 quartos à venda - Jardim Paulista|Jardim Paulista|2|2|1|66|R$ 550.000,00
89129|LINDO APARTAEMNTO PROXÍMO A FIUSA||3|3|2|88|R$ 550.000,00
89114|APARTAMENTO PADRÃO NO JARDIM PAULISTA||3|2|2|110|R$ 550.000,00
65846|Apartamento de 172m² com 03 quartos para venda - Higienópolis|Higienópolis|3|4|2|172|R$ 550.000,00
182054|APARTAMENTO PRÓXIMO À RODOVIA JOSÉ FREGONEZZI||1|2|1|69|R$ 551.323,00
142205|Apartamento de 83m² com 03 quarto sendo 01 suíte à venda - Centro|Centro|3|2|2|83|R$ 552.000,00
239213|APARTAMENTO 03 DORMITÓRIOS 01 SUITE COM VARANDA GOURMET PRÓXIMO A AV. CARLOS CONSONI||3|3|1|89|R$ 553.200,00
183311|Apartamento de 61m² com 02 quartos à venda - Quinta da Primavera|Quinta da Primavera|2|2|1|61|R$ 555.000,00
176873|Apartamento de 69m² com 02 suítes à venda - Nova Aliança|Nova Aliança|2|3|1|69|R$ 557.973,70
242801|Apartamento de 61m² com 01 suíte à venda - Quinta da Primavera|Quinta da Primavera|1|2|1|61|R$ 559.000,00
238820|Apartamento de 69m² com 02 quartos para venda - Jardim Sumaré|Jardim Sumaré|2|2|1|69|R$ 559.000,00
197027|Apartamento de 141m² com 03 quartos à venda - Centro|Centro|3|1|1|141|R$ 490.000,00
237668|Apartamento de 95m² com 03 quartos à venda - Campos Elíseos|Campos Elíseos|3|2|2|95|R$ 560.000,00
198755|Apartamento de 62m² com 02 quartos - Jardim Botânico|Jardim Botânico|2|2|1|62|R$ 560.000,00
164375|Apartamento de 110m² com 03 quartos à venda - Jardim Paulista|Jardim Paulista|3|3|1|110|R$ 560.000,00
146720|Apartamento de 82m² com 03 quartos para locação e venda - Nova Aliança|Nova Aliança|3|2|2|82|R$ 560.000,00
128153|Apartamento de 142m² com 03 quartos à venda - Jardim Sumaré|Jardim Sumaré|3|2|2|142|R$ 560.000,00
112754|Apartamento de 88m² com 02 quartos à venda - Santa Cruz do Jose Jacques|Santa Cruz do Jose Jacques|2|2|1|88|R$ 560.000,00
99554|Apartamento - Padrão|Padrão|3|2|2|95|R$ 560.000,00
217937|Apartamento mobiliado de 39m² com 01 suíte para locação - Jardim Sumaré|Jardim Sumaré|1|1|1|39|R$ 561.800,00
76136|Apartamento de 142m² com 03 quartos para venda e locação - Jardim Sumaré|Jardim Sumaré|4|3|2|142|R$ 562.000,00
238769|Apartamento de 69m² com 02 quartos à venda - Jardim Olhos D´Água|Jardim Olhos D´Água|2|2|1|69|R$ 565.000,00
229892|Apartamento de 81m² com 03 quartos sendo 01 suíte para Venda - Jardim Nova Aliança Sul|Jardim Nova Aliança Sul|3|2|2|81|R$ 565.000,00
175211|Apartamento de 65m² com 02 quartos - Jardim Botânico|Jardim Botânico|2|2|1|65|R$ 565.990,00
176861|Apartamento de 70m² com 02 suítes à venda - Nova Aliança|Nova Aliança|2|3|1|70|R$ 567.168,24
182057|APARTAMENTO PRÓXIMO À RODOVIA JOSÉ FREGONEZZI||1|2|1|69|R$ 567.479,00
144923|APATAMENTO PRÓXIMO AO CENTRO||3|4|1|162|R$ 550.000,00
214853|Apartamento de 65m² com 02 quartos - Jardim Botânico|Jardim Botânico|2|2|1|65|R$ 569.990,00
244979|Apartamento Padrão de 84,76m² com 03 Quartos sendo 01 suíte para Venda - Bonfim Paulista|Bonfim Paulista|3|2|2|76|R$ 570.000,00
236636|Apartamento de 62m² com 02 quartos à venda - Ribeirânia|Ribeirânia|2|2|1|62|R$ 570.000,00
216632|Apartamento de 88m² com 02 quartos para locação - Jardim Botânico|Jardim Botânico|2|2|2|88|R$ 570.000,00
213131|Apartamento de 104m² com 03 quartos para locação - Centro|Centro|3|2|1|104|R$ 570.000,00
167054|APARTAMENTO PRÓXIMO AO SHOPPING SANTA ÚRSULA||3|2|2|222|R$ 570.000,00
120398|Apartamento de 95m² com 03 quartos para locação e venda - Jardim Canadá|Jardim Canadá|3|2|2|95|R$ 570.000,00
74408|Apartamento de 135m² com quartos para venda - Jardim Sumaré|Jardim Sumaré|3|3|1|135|R$ 570.000,00
238826|Localizado próximo ao Paulistão atacadista, Lagoa Burger, Posto Ipiranga||2|2|1|69|R$ 571.000,00
142676|Apartamento de 91m² com 03 quartos à venda - Ribeirânia|Ribeirânia|3|3|2|91|R$ 575.000,00
239222|APARTAMENTO 03 DORMITÓRIOS 01 SUITE COM VARANDA GOURMET PRÓXIMO A AV. CARLOS CONSONI||3|3|2|89|R$ 575.500,00
182060|APARTAMENTO PRÓXIMO À RODOVIA JOSÉ FREGONEZZI||1|2|1|69|R$ 575.557,00
238328|Apartamento de 63m² com 02 quartos para venda - Quinta da Primavera|Quinta da Primavera|2|2|1|63|R$ 579.000,00
240914|Apartamento de 210m² com 04 quartos à venda - Centro|Centro|4|4|1|210|R$ 439.990,00
245111|Apartamento de 107m² com 03 quartos sendo 1 suíte à venda - Vila Ana Maria|Vila Ana Maria|3|2|2|107|R$ 580.000,00
230870|Apartamento de 87m² com 02 quartos à venda - Bosque das Juritis|Bosque das Juritis|2|3|2|87|R$ 580.000,00
225242|Apartamento mobiliado de 59m² com 02 quartos para venda e locação - Vila do Golf|Vila do Golf|2|2|1|59|R$ 580.000,00
211493|Apartamento de 76m² com 02 suítes para venda - Jardim Botânico|Jardim Botânico|2|3|2|76|R$ 580.000,00
192017|Apartamento de 93m² com 03 quartos para locação - Santa Cruz do José Jacques|Santa Cruz do José Jacques|3|2|2|93|R$ 580.000,00
186065|Apartamento de 67m² com 02 quartos para venda - Jardim Irajá|Jardim Irajá|2|2|1|67|R$ 580.000,00
172793|Apartamento de 138 m² com 03 quartos - Jardim Sumaré.|Jardim Sumaré|3|4|4|138|R$ 580.000,00
134171|APARTAMENTO NO CENTRO||3|2|1|140|R$ 580.000,00
79724|Apartamento de 03 quartos para venda - Republica|Republica|3|2|2|103|R$ 580.000,00
178238|Apartamento de 65m² com 02 suítes e 02 vagas de garagem à venda - Nova Aliança|Nova Aliança|2|3|2|65|R$ 582.283,35
137312|Apartamento de 104m² com 03 quartos sendo 01 suíte à venda - Centro|Centro|3|3|2|104|R$ 450.000,00
128114|Apartamento de 109 m² com 03 quartos - Jardim Paulistano|Jardim Paulistano|3|3|2|109|R$ 583.000,00
84038|Apartamento de 118m² com 03 quartos - Jardim São Luiz|Jardim São Luiz|3|2|1|118|R$ 583.000,00
239228|APARTAMENTO 03 DORMITÓRIOS 01 SUITE COM VARANDA GOURMET PRÓXIMO A AV. CARLOS CONSONI||3|3|2|89|R$ 584.400,00
186680|Apartamento reformado de 159m² com 04 quartos sendo 01 suíte à venda - Centro|Centro|4|4|1|159|R$ 549.000,00
130829|ÓTIMO APARTAMENTO NO JD. SUMARÉ||3|3|2|142|R$ 580.000,00
243503|Apartamento de 76m² com 02 suítes, para venda - Jardim Botânico|Jardim Botânico|2|3|2|76|R$ 585.000,00
129302|Apartamento de 76m² com 02 suítes para locação - Jardim Botânico|Jardim Botânico|2|3|2|76|R$ 585.000,00
128150|APARTAMENTO PRÓXIMO À AVENIDA CARAMURU||3|2|2|0|R$ 585.000,00
214976|Apartamento de 66m² com 02 quartos à venda - Quinta da Primavera|Quinta da Primavera|2|2|1|66|R$ 585.346,00
174053|Apartamento de 216m² com 03 quartos com 01 suíte à venda - Centro|Centro|3|4|1|216|R$ 475.000,00
178265|Apartamento de 61m² com 02 suítes à venda - Nova Aliança|Nova Aliança|2|3|1|61|R$ 589.792,15
134513|Apartamento de 204m² com 04 quartos para venda e locação - Centro|Centro|4|5|3|204|R$ 498.000,00
207596|Apartamento de 84m² com 03 quartos à venda - Bonfim Paulista|Bonfim Paulista|3|2|2|84|R$ 575.000,00
236963|Apartamento de 75m² com 02 quartos à venda - Jardim Nova Aliança Sul|Jardim Nova Aliança Sul|2|2|2|75|R$ 590.000,00
224552|Apartamento de 95m² com 03 quartos com 01 suíte à venda - Campos Elíseos|Campos Elíseos|3|2|2|95|R$ 590.000,00
199913|Apartamento de 165m² com 03 quartos à venda - Centro|Centro|3|4|1|165|R$ 590.000,00
152903|EXCELENTE APARTAMENTO NA AV ANTÔNIO DIEDERICHSEN||2|3|2|87|R$ 590.000,00
120401|Apartamento de 94 m² com 03 quartos para locação - Jardim Canada.|Jardim Canada|3|3|2|94|R$ 590.000,00
94298|Apartamento de 97m² com 03 quartos sendo 01 suíte à venda - Campos Elíseos|Campos Elíseos|3|2|2|97|R$ 590.000,00
84932|Apartamento de 138m² 03 quartos sendo 01 suíte para locação - Jardim Sumaré|Jardim Sumaré|3|3|2|138|R$ 590.000,00
178847|Apartamento de 69m² com 02 quartos à venda - Jardim Olhos D`Água II|Jardim Olhos DÁgua II|2|2|1|69|R$ 591.713,00
239408|Apartamento de 95m² com 03 quartos à venda - Campos Elíseos|Campos Elíseos|3|2|2|95|R$ 594.000,00
239996|Apartamento de 138 m² com 03 quartos à venda- Jardim Sumaré.|Jardim Sumaré|3|4|3|138|R$ 539.000,00
225059|Apartamento de 76 m² com 02 quartos sendo 01 suíte à venda - Vila Ana Maria|Vila Ana Maria|2|2|2|76|R$ 595.000,00
147755|Apartamento de 107m² com 03 suítes à venda - Jardim Paulista|Jardim Paulista|3|4|2|107|R$ 525.000,00
236351|Apartamento de 65m² com 02 suítes à venda - Residencial Taiwan|Residencial Taiwan|2|3|2|65|R$ 539.000,00
231707|Lançamento: Ritz Golf - Apartamento de 52m² com 01 quarto à venda - Vila do Golf|Apartamento de 52m² com 01 quarto à venda Vila do Golf|1|1|1|52|R$ 599.000,00
135062|APARTAMENTO DIFERENCIADO NO CENTRO||3|3|1|141|R$ 599.000,00
91379|Apartamento de 87m² com 02 quartos sendo 01 suíte à venda - Nova Aliança|Nova Aliança|1|2|2|87|R$ 599.000,00
237965|Apartamento de 85m² com 02 suítes para locação - Nova Aliança|Nova Aliança|2|3|2|85|R$ 724.680,00
237974|Apartamento de 85m² com 02 suítes para locação e venda - Nova Aliança|Nova Aliança|2|3|2|85|R$ 725.000,00
237968|Apartamento de 85m² com 02 suítes para locação e venda - Nova Aliança|Nova Aliança|2|3|2|85|R$ 725.000,00
237962|Apartamento de 85m² com 02 suítes para locação e venda - Nova Aliança|Nova Aliança|2|3|2|85|R$ 681.656,00
237971|Apartamento de 85m² com 02 suítes para locação e venda - Nova Aliança|Nova Aliança|2|3|2|85|R$ 840.124,00
86711|Apartamento de 137m² com 03 suítes para locação - Jardim São Luiz|Jardim São Luiz|3|4|2|137|R$ 1.200.000,00
182036|Apartamento de 82m² com 02 suítes para locação e venda - Jardim Olhos D`Água|Jardim Olhos DÁgua|2|3|2|82|R$ 1.277.000,00
232217|Apartamento de 113 m² com 03 suítes à venda - Jardim Olhos d´Água.|Jardim Olhos d´Água|3|4|2|113|R$ 1.100.000,00
226763|Apartamento de 03 quartos sendo 01 suíte de 144m² para locação e venda - Jardim Botânico|Jardim Botânico|3|3|2|144|R$ 1.100.000,00
229211|Apartamento mobiliado de 126m² com 03 suítes para locação e venda - Jardim Olhos D`Água|Jardim Olhos DÁgua|3|4|2|126|R$ 1.200.000,00
230297|Apartamento de 109m² com 03 suítes para venda e locação - Jardim Olhos D´Água.|Jardim Olhos D´Água|3|4|2|109|R$ 1.272.000,00
112802|Apartamento de 97m² com 3 quartos à venda - Jardim Anhanguera|Jardim Anhanguera|3|2|2|97|R$ 360.000,00
87683|Apartamento de 124m² com 03 quartos à venda- Jardim Botânico|Jardim Botânico|3|4|2|124|R$ 630.000,00
220592|Apartamento de 507m² com 04 suítes à venda - Morro do Ypê|Morro do Ypê|4|6|5|507|R$ 5.900.000,00
241259|Apartamento de 111m² com 03 quartos à venda - Nova Aliança|Nova Aliança|3|3|2|111|R$ 600.000,00
229109|Apartamento de 82m² com 03 quartos para venda e locação - Jardim Botânico|Jardim Botânico|3|2|2|82|R$ 820.000,00
165329|Apartamento de 131m² com 03 suítes para locação e venda - Jardim Olhos D`Água|Jardim Olhos DÁgua|3|4|3|131|R$ 1.200.000,00
244403|Apartamento de 148m² com 03 suítes para locação e venda - Jardim Botânico|Jardim Botânico|3|5|2|148|R$ 1.130.000,00
214814|Apartamento de 100m² com 03 quartos para locação - Jardim Botânico|Jardim Botânico|3|2|2|100|R$ 860.000,00
242306|Apartamento mobiliado de 196m² com 03 quartos para locação e venda - Santa Cruz José Jacques|Santa Cruz José Jacques|4|5|3|196|R$ 1.180.000,00
217973|Apartamento de 109m² com 02 suítes para locação e venda - Plazas de España|Plazas de España|2|4|2|109|R$ 1.250.000,00
219422|Apartamento de 132m² com 02 suítes para venda e locação - Jardim Botânico|Jardim Botânico|2|4|2|132|R$ 1.150.000,00
237953|Apartamento de 133m² com 03 suítes para locação e venda - Nova Aliança|Nova Aliança|3|4|2|133|R$ 1.158.584,00
237950|Apartamento de 133m² com 03 suítes para locação e venda - Nova Aliança|Nova Aliança|3|4|2|133|R$ 1.158.584,00
242684|Apartamento de 126m² com 03 suítes para locação e venda - Jardim Olhos d`Água|Jardim Olhos dÁgua|3|4|2|126|R$ 1.290.000,00
232301|Apartamento de 87m² com 02 suítes para locação - Jardim Botânico|Jardim Botânico|2|3|2|87|R$ 1.300.000,00
143261|Apartamento de 135m² com 03 suítes para locação e venda - Jardim Botânico|Jardim Botânico|3|4|2|135|R$ 1.400.000,00
232898|Apartamento mobiliado de 127m² com 03 suítes para locação e venda - Nova Aliança|Nova Aliança|3|4|2|127|R$ 1.200.000,00
234425|Apartamento de 124m² com 03 suítes para venda e locação- Jardim Olhos D`água|Jardim Olhos Dágua|3|4|3|124|R$ 1.500.000,00
204461|Apartamento de 239m² com 04 quartos para venda e locação - Jardim Irajá|Jardim Irajá|4|4|4|239|R$ 1.500.000,00
228296|Apartamento de 133m² com 03 suítes para venda e locação- Nova Aliança|Nova Aliança|3|4|2|133|R$ 1.280.000,00
237959|Apartamento de 133m² com 03 suítes para locação e venda - Nova Aliança|Nova Aliança|3|4|2|133|R$ 1.158.584,00
237956|Apartamento de 133m² com 03 suítes para locação- Nova Aliança|Nova Aliança|3|4|2|133|R$ 1.158.584,00
217379|Apartamento de 143m² com 03 suítes para locação e venda - Nova Aliança|Nova Aliança|3|4|2|143|R$ 1.324.907,00
151583|Apartamento mobiliado para locação - Jd. Presidente Médici|Jd Presidente Médici|1|1|1|38|R$ 192.000,00
182579|Apartamento de 216m² com 03 quartos à venda - Jardim Sumaré|Jardim Sumaré|3|4|1|216|R$ 300.000,00
67403|Apartamento de 202m² com 03 quartos planejados à venda - Centro|Centro|3|3|1|202|R$ 465.000,00
113552|Apartamento de 144m² com 04 quartos para locação e venda - Jardim Macedo|Jardim Macedo|4|3|2|144|R$ 532.000,00
225683|Apartamento de 61m² com 02 quartos À venda - Quinta da Primavera|Quinta da Primavera|2|2|1|61|R$ 550.000,00
189593|Apartamento de 01 quarto à venda - Jardim Irajá|Jardim Irajá|1|1|1|51|R$ 550.000,00
189590|Apartamento de 01 quarto à venda - Jardim Irajá|Jardim Irajá|1|1|1|51|R$ 550.000,00
183923|Apartamento de 60m² com 02 quartos para locação e venda - Jardim Nova Aliança Sul|Jardim Nova Aliança Sul|2|1|2|60|R$ 550.000,00
157307|Apartamento de 03 quartos para locação - Santa Cruz|Santa Cruz|3|2|1|84|R$ 550.000,00
205280|Apartamento de 88m² com 02 suítes à venda - Nova Aliança|Nova Aliança|2|3|2|88|R$ 560.000,00
152474|Apartamento de 138m² com 03 quartos à venda - Vila Seixas|Vila Seixas|3|2|1|138|R$ 560.000,00
217421|Apartamento de 70m² com 02 quartos à venda - Jardim Palma Travassos|Jardim Palma Travassos|2|2|2|70|R$ 600.000,00
211097|Apartamento de 107m² com 03 quartos sendo 02 suítes para locação e venda - Centro|Centro|3|4|1|107|R$ 600.000,00
202523|APARTAMENTO NO NOVA ALIANÇA SUL||2|2|2|79|R$ 600.000,00
179555|APARTAMENTO NO JARDIM AMÉRICA||3|3|1|87|R$ 600.000,00
174653|Apartamento de 95m² com 03 quarto com suíte à venda- Campos Elíseos|Campos Elíseos|3|2|1|95|R$ 600.000,00
163961|APARTAMENTO NO NOVA ALIANÇA||2|2|1|79|R$ 600.000,00
154772|Apartamento de 76m² com 02 suítes para locação - Nova Ribeirânia|Nova Ribeirânia|2|3|1|76|R$ 600.000,00
154685|APARTAMENTO PRÓXIMO À AVENIDA CASTELO BRANCO||2|3|2|76|R$ 600.000,00
153686|Apartamento de 156m² com 03 quartos para locação e venda - Centro|Centro|3|3|2|156|R$ 600.000,00
148214|APARTAMENTO PRÓXIMO À AVENIDA NOVE DE JULHO||3|3|1|142|R$ 600.000,00
142367|Apartamento de 131m² com 03 quartos sendo 01 suíte à venda - Centro|Centro|3|2|2|131|R$ 600.000,00
141656|Apartamento de 107m² com 03 quartos sendo 01 suíte á venda - Centro|Centro|3|3|1|107|R$ 600.000,00
109535|Apartamento de 104m² com 03 suítes á venda - Jardim Botânico|Jardim Botânico|3|2|1|104|R$ 600.000,00
103337|Apartamento de 80m² com 3 quartos, 1 suíte - Jardim Botânico|Jardim Botânico|3|2|2|80|R$ 600.000,00
77591|Apartamento de 88m² com 03 quartos para locação - Vila Ana Maria|Vila Ana Maria|3|2|2|88|R$ 600.000,00
186662|Apartamento de 03 dormitórios para locação - Jardim Botânico|Jardim Botânico|3|2|1|75|R$ 605.000,00
133031|Apartamento de 107m² com 03quartos à venda - Alto da Boa Vista|Alto da Boa Vista|3|1|1|107|R$ 606.000,00
97733|Apartamento de 77m² com 02 quartos à venda - Nova Aliança|Nova Aliança|2|3|2|77|R$ 607.000,00
235814|Apartamento de 63m² com 02 quartos para venda - Jardim Sumaré|Jardim Sumaré|2|2|1|63|R$ 610.000,00
209105|Apartamento de 129 m² com 03 quartos para venda - Centro|Centro|3|3|1|129|R$ 610.000,00
97643|Apartamento de 93m² com 03 quartos à venda - Santa Cruz do José Jacques|Santa Cruz do José Jacques|3|1|2|93|R$ 610.000,00
108902|APARTAMENTO EM LOCALIZAÇÃO PRIVILEGIADA||2|3|2|87|R$ 612.500,00
243692|Apartamento de 173m² com 03 quartos à venda - Centro|Centro|3|3|2|173|R$ 615.000,00
223268|Apartamento de 71m² com 02 quartos sendo 01 suíte para locação e venda - Quintas de São José|Quintas de São José|2|2|1|71|R$ 615.000,00
175958|APARTAMENTO NA VILA DO GOLF||2|2|2|81|R$ 615.000,00
233702|Apartamento de 104m² com 03 quartos à venda - Bosque das Juritis|Bosque das Juritis|3|3|2|104|R$ 620.000,00
230537|Apartamento de 51m² com 01 quarto para locação - Alto da Boa Vista|Alto da Boa Vista|1|1|1|51|R$ 620.000,00
131042|Apartamento de 193m² com 4 quartos - Centro|Centro|4|3|4|193|R$ 620.000,00
96065|APARTAMENTO PRÓXIMO AO SHOPPPING IGUATEMI||3|3|2|97|R$ 620.000,00
192068|Apartamento de 04 quartos para locação -Higienópolis|Higienópolis|5|5|2|149|R$ 621.000,00
176798|Apartamento de 68m² com 02 quartos à venda - Nova Aliança|Nova Aliança|2|3|1|68|R$ 621.280,69
216029|Apartamento de 80m² com 03 quartos à venda - City Ribeirão|City Ribeirão|3|2|1|80|R$ 622.667,57
148289|APARTAMENTO MOBILIADO NO JARDIM BOTÂNICO||3|4|2|105|R$ 626.000,00
206171|Apartamento de 82m² com 02 dormitórios sendo 01 suítes, rico em armários e totalmente climatizado, 02 vagas de garagens, para venda - Vila Florença, Bonfim Paulista.|Vila Florença Bonfim Paulista|2|2|2|82|R$ 629.000,00
175217|LANÇAMENTO APARTAMENTO NO JARDIM BOTÂNICO||3|2|2|77|R$ 629.990,00
162092|Apartamento de 101m² com 04 quartos à venda - Nova Aliança|Nova Aliança|4|3|2|101|R$ 599.000,00
244598|Apartamento de 107m² com 04 quartos para venda - Santa Cruz do José Jacques|Santa Cruz do José Jacques|4|3|3|107|R$ 630.000,00
222071|Apartamento de 100m² com 03 quartos sendo 01 suíte à venda - Centro|Centro|3|3|1|100|R$ 630.000,00
214580|Apartamento de 79m² com 02 quartos à venda - Jardim Olhos D`Água II|Jardim Olhos DÁgua II|2|2|2|79|R$ 630.000,00
206525|Apartamento de 81m² com 02 suítes para locação e venda - Nova Aliança|Nova Aliança|2|3|2|81|R$ 630.000,00
181454|Apartamento de 69m² com 02 quartos para locação - Jardim Olhos D´Água|Jardim Olhos D´Água|2|2|2|69|R$ 630.000,00
108911|APARTAMENTO NO VILA ANA MARIA||2|3|2|81|R$ 630.000,00
206708|Apartamento de 90m² com 03 quartos para locação e venda - Nova Aliança|Nova Aliança|3|2|2|90|R$ 590.000,00
209009|Apartamento mobiliado de 51m² com 01 quarto para locação e venda - Alto da Boa Vista|Alto da Boa Vista|1|1|1|51|R$ 636.000,00
197387|EXCELENTE APARTAMENTO PARA VENDA NO CENTRO DE RIBEIRÃO PRETO||3|4|2|124|R$ 636.000,00
59888|APARTAMENTO PRÓXIMO À AVENIDA JERÔNIMO GONÇALVES||3|2|2|99|R$ 636.000,00
54347|Apartamento de 125m² com 03 quartos||3|3|2|125|R$ 636.000,00
175214|Apartamento de 77m² com 03 quartos à venda - Jardim Botânico|Jardim Botânico|3|2|1|77|R$ 639.990,00
172223|Apartamento de 216m² com 03 quartos à venda - Centro|Centro|3|4|1|216|R$ 420.000,00
100991|Apartamento de 95m² com 03 quartos á venda - Bosque das Juritis|Bosque das Juritis|3|2|2|95|R$ 540.000,00
244958|Apartamento de 88m² com 02 quartos à venda - Bosque das Juritis|Bosque das Juritis|2|2|2|88|R$ 640.000,00
210212|Apartamento de 70m² com 02 quartos à venda - Ribeirânia|Ribeirânia|2|2|1|70|R$ 640.000,00
195059|Apartamento de 62m² com 02 quartos à venda - Ribeirânia|Ribeirânia|2|2|1|62|R$ 640.000,00
181025|APARTAMENTO NO CENTRO REFORMADO||3|3|1|134|R$ 640.000,00
112934|APARTAMENTO NO CENTRO||3|2|2|83|R$ 640.000,00
89165|Apartamento de 116m² com 03 quartos para locação e venda - Jardim Nova Aliança|Jardim Nova Aliança|3|2|2|116|R$ 640.000,00
207155|Apartamento de 122m² com 3 quartos, sendo 1 suíte - Centro|Centro|3|3|2|122|R$ 630.000,00
210884|Apartamento de 76m² com 02 suítes à venda - Nova Ribeirânia|Nova Ribeirânia|2|3|2|76|R$ 645.000,00
214700|Apartamento de 43m² com 02 quartos à venda - Valentina Figueiredo|Valentina Figueiredo|2|1|1|43|R$ 160.000,00
177725|Apartamento de 84m² à venda - Bonfim Paulista|Bonfim Paulista|3|2|2|84|R$ 590.000,00
118718|APARTAMENTO PRÓXIMO AO SHOPPING SANTA ÚRSULA||3|4|2|125|R$ 598.000,00
233651|Apartamento de 63m² com 02 quartos sendo 01 suíte à venda - Jardim Sumaré|Jardim Sumaré|2|2|1|63|R$ 600.000,00
245117|Apartamento de 64m² com 02 quartos sendo 01 suíte à venda - Quinta da Primavera|Quinta da Primavera|2|2|2|64|R$ 650.000,00
243377|Apartamento de 81m² com com 02 suítes à venda - Nova Aliança|Nova Aliança|2|3|2|81|R$ 650.000,00
243143|Apartamento de 54m² com 02 quartos à venda - Santa Cruz do José Jacques|Santa Cruz do José Jacques|2|1|1|54|R$ 650.000,00
242225|Apartamento - Padrão|Padrão|2|2|1|59|R$ 650.000,00
239852|Apartamento 173m² com 03 quartos à venda - Centro|Centro|3|5|2|173|R$ 650.000,00
235148|Apartamento de 95 m² com 3 quartos sendo 01 suíte 2 vagas à venda no Santa Cruz||3|3|2|95|R$ 650.000,00
207839|Apartamento de 124m com 03 quartos - Centro|Centro|4|3|2|122|R$ 650.000,00
204263|Apartamento de 77m² com 02 suítes - Nova Aliança|Nova Aliança|2|4|2|77|R$ 650.000,00
202541|Apartamento de 88m² com 02 quartos para locação - Bosque das Juritis|Bosque das Juritis|2|2|2|88|R$ 650.000,00
200228|BELÍSSIMO APTO NO NOVA ALIANÇA SUL||3|2|2|80|R$ 650.000,00
197126|Apartamento de 140 m² - 03 quartos à venda - Nova Aliança|"03 quartos à venda Nova Aliança"|3|2|2|140|R$ 650.000,00
196355|Apartamento decorado no Nova Aliança, opção com toda mobília||2|3|2|79|R$ 650.000,00
189272|Apartamento de 86m² com 03 quartos à venda - Jardim Irajá|Jardim Irajá|3|2|2|86|R$ 650.000,00
187886|Apartamento de 03 quartos para locação - Centro|Centro|3|1|1|216|R$ 650.000,00
187604|Excelente apartamento próximo a avenida Maurilio Biagi.||3|3|2|107|R$ 650.000,00
186209|Apartamento de 216m² com 03 quartos - Centro|Centro|3|4|1|216|R$ 650.000,00
184520|APARTAMENTO PRÓXIMO AO SHOPPING SANTA ÚRSULA||3|3|1|156|R$ 650.000,00
181451|Apartamento de 69m² com 02 quartos à venda - Jardim Olhos D`Água II|Jardim Olhos DÁgua II|2|2|2|69|R$ 650.000,00
181226|Apartamento reformado de 144m² com 03 suítes à venda ? Jardim Botânico Edifício Victoria||3|5|2|144|R$ 650.000,00
176849|APARTAMENTO NO JARDIM SUMARÉ||3|3|2|138|R$ 650.000,00
175925|Apartamento de 167m² com 04 quartos - Higienópolis|Higienópolis|4|4|2|167|R$ 650.000,00
166709|APARTAMENTO NO JARDIM PAULISTANO||3|3|2|128|R$ 650.000,00
154769|Apartamento de 76m² com 02 suítes para venda - Nova Ribeirânia|Nova Ribeirânia|2|3|2|76|R$ 650.000,00
147608|Apartamento de 118m² com 03 suítes para locação e venda - Jardim Botânico|Jardim Botânico|3|5|2|118|R$ 650.000,00
145604|Apartamento de 132m² com 02 suítes para locação e venda - Jardim Botânico|Jardim Botânico|2|4|2|132|R$ 650.000,00
140645|Apartamento de 142m² com 03 quartos sendo 01 suíte à venda - Centro|Centro|3|2|1|142|R$ 650.000,00
136283|APARTAMENTO DIFERENCIADO NO CENTRO||4|5|2|149|R$ 650.000,00
135935|Apartamento de 103m² com 03 quartos para locação - Vila Seixas|Vila Seixas|3|3|1|103|R$ 650.000,00
135848|APARTAMENTO NO CENTRO||4|3|2|125|R$ 650.000,00
135584|APARTAMENTO NO JARDIM BOTÂNICO||3|2|2|96|R$ 650.000,00
124268|Apartamento de 114m² com 03 quartos à venda - Jardim Paulista|Jardim Paulista|3|3|2|114|R$ 650.000,00
122450|APARTAMENTO COM 2 SUÍTES NO NOVA ALIANÇA||2|3|2|81|R$ 650.000,00
119381|Apartamento - Padrão|Padrão|4|3|2|370|R$ 650.000,00
119054|Apartamento - Padrão|Padrão|3|2|2|75|R$ 650.000,00
119051|Apartamento de 75m² com 03 quartos à venda - Jardim Botânico|Jardim Botânico|3|2|2|75|R$ 650.000,00
119048|Apartamento - Padrão|Padrão|3|2|2|75|R$ 650.000,00
119042|APARTAMENTO PRÓXIMO À AVENIDA CARLOS EDUARDO DE GASPERI CONSONI||3|2|2|75|R$ 650.000,00
119039|Apartamento - Padrão|Padrão|3|2|2|75|R$ 650.000,00
119033|APARTAMENTO NO JARDIM BOTÂNICO||3|2|2|75|R$ 650.000,00
108878|APARTAMENTO NO JARDIM SÃO LUIZ||2|2|2|78|R$ 650.000,00
104429|APARTAMENTO DIFERENCIADO NO BOTÂNICO||3|3|2|143|R$ 650.000,00
93695|Apartamento de 216m² com 03 quartos sendo 01 suíte à venda - Centro|Centro|3|4|1|216|R$ 650.000,00
90833|Apartamento de 112m² com 03 quartos à venda - Bosque das Juritis|Bosque das Juritis|3|3|2|112|R$ 650.000,00
86660|Apartamento de 111m² com 03 quartos para locação - Jardim Botânico|Jardim Botânico|3|3|2|111|R$ 650.000,00
85043|Apartamento de 106m² com 03 suítes à venda - Jardim Botânico|Jardim Botânico|3|4|2|106|R$ 650.000,00
81014|Apartamento de 146m² de 04 quartos à venda - Jardim São Luiz|Jardim São Luiz|4|4|2|146|R$ 650.000,00
48854|Apartamento de 151m² com 3 quartos - Santa Cruz do José Jacques|Santa Cruz do José Jacques|3|3|2|151|R$ 650.000,00
1919|Apartamento de 141m² com 03 quartos à venda - Centro|Centro|3|3|1|141|R$ 650.000,00
237893|Apartamento de 101m² com 03 quartos e sacada gourmet à venda - Nova Aliança|Nova Aliança|3|3|2|101|R$ 659.900,00
216338|Apartamento de 73m² com 02 quartos à venda - Bosque das Juritis|Bosque das Juritis|2|2|1|73|R$ 630.000,00
189236|Apartamento de 90m² com 02 quartos para locação e venda - Bosque das Juritis|Bosque das Juritis|2|2|2|90|R$ 650.000,00
190754|APARTAMENTO NOVISSÍMO JARDIM BOTÂNICO ANDAR ALTO||2|2|2|63|R$ 663.000,00
240299|Apartamento de 81m² com 02 suítes à venda - Nova Aliança|Nova Aliança|2|3|2|81|R$ 629.000,00
214310|Apartamento de 90m² com 02 quartos sendo 01 suíte à venda - Jardim Sumaré|Jardim Sumaré|2|2|2|90|R$ 670.000,00
147773|APARTAMENTO PRÓXIMO À UNIP||3|2|2|78|R$ 670.000,00
134018|Apartamento de 86m² com 03 quartos, sendo 01 suíte à venda - Quinta da Primavera|Quinta da Primavera|3|3|2|86|R$ 670.000,00
118313|Apartamento de 110m² com 03 quartos para venda - Jardim Paulista|Jardim Paulista|3|3|2|110|R$ 670.000,00
84719|Apartamento de 120m² com 02 quartos sendo 01 suíte para venda e locação - Bosque das Juritis|Bosque das Juritis|2|4|2|120|R$ 670.000,00
53240|APARTAMENTO NO SANTA CRUZ DO JOSÉ JACQUES||3|3|2|110|R$ 670.000,00
178262|Apartamento de 61m² com 02 suítes e 02 vagas de garagem à venda - Nova Aliança|Nova Aliança|2|3|2|61|R$ 670.038,58
243995|Apartamento de 90m² com 02 quartos sendo 01 suíte à venda - Jardim Sumaré|Jardim Sumaré|2|2|1|90|R$ 671.000,00
214964|Apartamento de 69m² com 02 quartos à venda - Jardim Olhos D`Água II|Jardim Olhos DÁgua II|2|2|2|69|R$ 673.006,00
178226|Apartamento de 73m² com 03 quartos à venda - Nova Aliança|Nova Aliança|3|3|1|73|R$ 673.012,15
239603|Apartamento de 59m² com 01 quarto à venda - Jardim Irajá|Jardim Irajá|1|1|1|59|R$ 679.000,00
240869|Apartamento de 95m² com 03 quartos à venda - Campos Elíseos|Campos Elíseos|3|2|2|95|R$ 595.000,00
65873|Apartamento para locação de 104m² com 03 suítes - Jardim Botânico|Jardim Botânico|3|4|2|104|R$ 630.000,00
221996|Apartamento de 144m² com 03 suítes à venda - Condomínio Itamaraty|Condomínio Itamaraty|3|5|2|144|R$ 650.000,00
244229|Apartamento de 78m² com 02 dormitórios para venda e locação - Jardim São Luiz|Jardim São Luiz|2|2|2|78|R$ 680.000,00
240254|Apartamento de 39m² com 01 quarto à venda - Jardim Sumaré|Jardim Sumaré|1|1|1|39|R$ 680.000,00
233810|Apartamento mobiliado de 90m² com 02 suítes para venda - Nova Aliança|Nova Aliança|2|3|1|90|R$ 680.000,00
228764|Apartamento de 81m² com 02 suítes à venda - Nova Aliança|Nova Aliança|2|3|2|81|R$ 680.000,00
204011|Apartamento de 150m² com 03 suítes para locação e venda - Centro|Centro|3|5|2|150|R$ 680.000,00
200339|Apartamento de 64m² com 02 quartos sendo 01 suíte para locação e venda - Quinta da Primavera|Quinta da Primavera|2|2|1|64|R$ 680.000,00
111536|Apartamento de 138m² com 03 quartos - Vila Seixas|Vila Seixas|3|2|1|138|R$ 680.000,00
108971|Apartamento - Padrão|Padrão|2|3|2|81|R$ 680.000,00
95540|Apartamento 03 Dormitórios a venda - Nova Aliança|Nova Aliança|3|4|3|114|R$ 680.000,00
91520|Apartamento - Padrão|Padrão|2|2|1|95|R$ 680.000,00
91166|Apartamento de 150m² com 03 suítes para locação - Centro|Centro|3|5|2|150|R$ 680.000,00
222266|Apartamento de 109m² com 03 suítes à venda - Jardim Botânico|Jardim Botânico|3|4|2|109|R$ 681.000,00
214505|Apartamento de 161m² com 03 quartos à venda - Ribeirânia|Ribeirânia|3|2|2|161|R$ 683.000,00
210974|Apartamento com 85m² com 2 suítes à venda - Vila do Golfe|Vila do Golfe|2|3|2|85|R$ 685.000,00
216476|Apartamento de 66m² com 02 quartos à venda - Condomínio Itamaraty|Condomínio Itamaraty|2|2|1|66|R$ 687.000,00
240374|Apartamento de 112m² com 03 quartos à venda - Santa Cruz do José Jacques|Santa Cruz do José Jacques|3|3|3|112|R$ 689.000,00
148814|Apartamento com 142 m² e 3 quartos - Jardim Sumaré|Jardim Sumaré|3|3|4|142|R$ 689.000,00
92465|Apartamento de 171m² com 04 quartos para venda e locação - Centro|Centro|4|2|2|171|R$ 689.000,00
212909|Apartamento de 42m² com 02 quartos à venda - Jardim João Rossi|Jardim João Rossi|2|1|1|42|R$ 69.000,00
231641|Apartamento de 60m² com 02 suítes para locação e venda - Vila do Golf.|Vila do Golf|2|3|1|60|R$ 560.000,00
231638|Apartamento de 60m² com 02 suítes para locação e venda - Vila do Golf.|Vila do Golf|2|3|1|60|R$ 560.000,00
193358|Apartamento de 140m² com 03 quartos para venda e locação - Nova Aliança|Nova Aliança|3|2|2|140|R$ 650.000,00
170342|Apartamento de 95m² com 03 quartos para venda - Campos Elíseos|Campos Elíseos|3|2|2|95|R$ 680.000,00
240386|Apartamento de 89m² com 02 quartos à venda - Bosque das Juritis|Bosque das Juritis|2|2|2|89|R$ 690.000,00
198227|APARTAMENTO NO CENTRO||4|4|2|232|R$ 690.000,00
185987|EXCELENTE APARTAMENTO NO CENTRO||4|4|1|200|R$ 690.000,00
172889|APARTAMENTO NO JARDIM BOTÂNICO||3|3|2|115|R$ 690.000,00
167774|Apartamento próximo ao Shopping Santa Úrsula||4|4|2|173|R$ 690.000,00
167018|Apartamento de 101m² com 04 quartos à venda - Jd. Nova Aliança|Jd Nova Aliança|4|3|2|101|R$ 690.000,00
165512|APARTAMENTO NO JARDIM IRAJÁ||3|3|2|127|R$ 690.000,00
117428|Apartamento de 112m² com 03 quartos à venda - Nova Aliança|Nova Aliança|3|3|2|112|R$ 690.000,00
113174|APARTAMENTO NO JARDIM PAULISTA||2|3|2|89|R$ 690.000,00
94547|Apartamento de 69m² com 02 quartos à venda - Vila Tibério|Vila Tibério|2|2|1|69|R$ 690.000,00
49688|Apartamento de 221m² com 03 quartos à venda - Centro|Centro|3|3|1|221|R$ 690.000,00
169799|Apartamento de 03 quartos para locação - Centro|Centro|3|2|2|173|R$ 692.000,00
196001|Apartamento de 83m² com 03 quartos à venda - Jardim Botânico|Jardim Botânico|3|3|1|83|R$ 692.131,58
234392|Apartamento de 93m² com 03 quartos à venda - Ribeirânia|Ribeirânia|3|3|2|93|R$ 695.000,00
87551|APARTAMENTO NO JARDIM BOTÂNICO||3|2|2|75|R$ 695.000,00
109001|Apartamento - Padrão|Padrão|2|3|2|81|R$ 697.000,00
235532|Apartamento de 134m² com 03 suítes para locação e venda - Jardim Olhos D`Água|Jardim Olhos DÁgua|3|5|2|134|R$ 1.325.000,00
120845|Apartamento de 160m² com 03 suítes para locação e venda - Bosque das Juritis|Bosque das Juritis|3|5|3|160|R$ 1.250.000,00
215360|Apartamento de 153m² com 03 suítes para locação e venda - Jardim Olhos D`Água|Jardim Olhos DÁgua|3|6|3|153|R$ 1.440.000,00
168203|Apartamento de 124m² com 03 suítes para locação e venda - Jardim Canadá|Jardim Canadá|3|4|3|124|R$ 1.350.000,00
239069|Apartamento de 186m² com 03 suítes para venda e locação - Jardim Nova Aliança|Jardim Nova Aliança|3|5|3|186|R$ 1.600.000,00
207326|Apartamento de 132m² com 02 suítes à venda - Bosque das Juritis|Bosque das Juritis|2|3|2|132|R$ 1.250.000,00
215537|Apartamento de 153m² com 03 suítes para locação e venda- Jardim Olhos D`Água|Jardim Olhos DÁgua|3|5|3|153|R$ 1.250.000,00
232256|Apartamento de 153m² com 03 suítes à venda - Jardim Olhos D`Água|Jardim Olhos DÁgua|3|6|3|153|R$ 1.390.000,00
227426|Apartamento de 156m² com 03 suítes para locação e venda - Jardim Botânico|Jardim Botânico|3|5|2|156|R$ 1.450.000,00
224861|Apartamento de 150m² com 03 suítes à venda - Jardim Olhos D`água|Jardim Olhos Dágua|3|4|3|150|R$ 1.490.000,00
232769|Apartamento com 153 m², 03 quartos, para venda e locação - Jardim Olhos D´Água.|Jardim Olhos D´Água|3|6|3|153|R$ 1.600.000,00
232460|Apartamento com 153 m², 03 quartos, para venda e locação - Jardim Olhos D´Água.|Jardim Olhos D´Água|3|6|3|153|R$ 1.600.000,00
200327|Apartamento de 168 m² com 03 quartos para locação - Alto do Ipê|Alto do Ipê|3|5|3|168|R$ 1.600.000,00
234401|Apartamento de 529m² com 04 suítes à venda - Jardim Botânico|Jardim Botânico|4|7|6|529|R$ 7.500.000,00
235976|Apartamento mobiliado de 83m² com 02 quartos sendo 01 suíte para locação e venda - Alamedas do Botânico|Alamedas do Botânico|2|2|2|83|R$ 880.000,00
244946|Apartamento de 42m² com 02 quartos à venda - Jardim José Wilson Tony|Jardim José Wilson Tony|2|1|1|42|R$ 70.000,00
230558|Apartamento de 42m² com 02 quartos para locação e venda - Vila Abranches|Vila Abranches|2|1|1|42|R$ 170.000,00
157247|Apartamento de 48m² com 02 quartos - Jardim Wilson Toni|Jardim Wilson Toni|2|1|1|48|R$ 170.000,00
239447|Apartamento de 75,32m² com 02 Suítes para venda ? Nova Aliança||2|3|1|32|R$ 636.000,00
202454|AMPLO APARTAMENTO NO CENTRO||3|4|2|206|R$ 650.000,00
17576|EXCELENTE OPORTUNIDADE DE APARTAMENTO REFORMADO NO CENTRO||3|4|2|173|R$ 650.000,00
203078|Apartamento de 128m² com 03 quartos para venda e locação - Vila Seixas|Vila Seixas|3|3|2|128|R$ 689.000,00
148514|AMPLO AP MOBILIADO NO JARDIM IRAJÁ||3|3|2|111|R$ 699.000,00
239981|Apartamento de 171m² com 04 quartos para locação e venda - Centro|Centro|4|4|2|171|R$ 700.000,00
238607|Apartamento de 196m² com 03 suítes à venda - City Ribeirão|City Ribeirão|3|4|3|196|R$ 700.000,00
231764|Apartamento de 156m² com 03 suítes à venda - Centro|Centro|3|5|2|156|R$ 700.000,00
228545|Apartamento de 125m² com 03 quartos sendo 01 suíte à venda - Jardim São Luiz|Jardim São Luiz|3|3|2|125|R$ 700.000,00
222218|Apartamento de 144m² com 03 suítes sendo 01 suíte à venda - Condomínio Itamaraty|Condomínio Itamaraty|3|5|2|144|R$ 700.000,00
218903|Apartamento de 64m² com 02 quartos para locação e venda - Quinta da Primavera|Quinta da Primavera|2|2|1|64|R$ 700.000,00
212015|Apartamento de 45m² com 01 quarto à venda - Vila do Golfe|Vila do Golfe|1|1|1|45|R$ 700.000,00
211739|Apartamento de 90m² com 03 quartos para locação e venda - Jardim Sumaré|Jardim Sumaré|3|2|2|90|R$ 700.000,00
207389|Apartamento de 110m² com 03 quartos para venda e locação - Bonfim Paulista|Bonfim Paulista|3|3|2|110|R$ 700.000,00
199676|Apartamento de 83m² com 03 quartos - Jardim Botânico|Jardim Botânico|3|2|1|83|R$ 700.000,00
198128|Apartamento de 61m² com 02 quartos à venda - Quinta da Primavera|Quinta da Primavera|2|2|2|61|R$ 700.000,00
197120|Apartamento de 110m² com 3 quartos à venda - Bonfim Paulista|Bonfim Paulista|2|3|2|110|R$ 700.000,00
187757|Apartamento de 261m² com 04 quartos à venda - Centro|Centro|4|5|2|261|R$ 700.000,00
183527|Apartamento de 173m² com 03 quartos à venda - Centro|Centro|3|5|2|173|R$ 700.000,00
142619|APARTAMENTO PRÓXIMO À AVENIDA TREZE DE MAIO||3|3|2|106|R$ 700.000,00
116684|Apartamento de 131m² com 03 suítes à venda - Jardim Botânico|Jardim Botânico|3|4|2|131|R$ 700.000,00
107618|Apartamento de 118m² com 03 suítes para venda - Jardim Botânico|Jardim Botânico|3|4|2|118|R$ 700.000,00
81779|Apartamento de 156m² com 05 quartos sendo 02 suítes para locação e venda - Centro|Centro|5|5|2|156|R$ 700.000,00
67448|Apartamento de 107m² com 03 suítes suíte para locação - Jardim Paulista|Jardim Paulista|3|4|2|107|R$ 700.000,00
176729|Apartamento de 84m² com 03 quartos à venda - Nova Aliança|Nova Aliança|3|3|2|84|R$ 701.062,29
238331|Apartamento de 71m² com 03 quartos para venda - Ribeirânia|Ribeirânia|3|2|2|71|R$ 670.000,00
178229|Apartamento de 73m² com 03 quartos à venda - Nova Aliança|Nova Aliança|3|3|1|73|R$ 711.691,01
109013|Apartamento de 81m² com 02 suítes - Vila Ana Maria|Vila Ana Maria|2|3|2|81|R$ 712.000,00
182159|Apartamento mobiliado de 90m² com 03 quartos à venda e locação- Nova Aliança|Nova Aliança|3|3|2|90|R$ 715.000,00
119714|Apartamento de 88m² com 02 suítes à venda - Quinta da Primavera|Quinta da Primavera|2|3|2|88|R$ 715.000,00
170309|Apartamento de 81m² com 2 suítes - Vila Ana Maria|Vila Ana Maria|2|2|2|81|R$ 715.500,00
193607|Apartamento de 69m² com 02 suítes à venda - Jardim Botânico|Jardim Botânico|2|3|1|69|R$ 716.600,00
240167|Apartamento de 71m² com 02 quartos sendo 01 suíte à venda - Jardim Irajá|Jardim Irajá|2|2|2|71|R$ 720.000,00
237815|Apartamento de 118 m² com 03 suítes para locação e venda - Jardim Botânico.|Jardim Botânico|3|5|2|118|R$ 720.000,00
211094|Apartamento de 150m² com 03 suítes - Centro|Centro|3|5|2|150|R$ 720.000,00
196061|Apartamento de 101m² com 03 quartos para locação - Jardim Nova Aliança|Jardim Nova Aliança|3|3|2|101|R$ 720.000,00
172997|Apartamento de 87m² com 02 suítes à venda - Jardim Olhos D`Água|Jardim Olhos DÁgua|2|3|2|87|R$ 720.145,00
193217|Apartamento de 85m² com 02 quartos à venda - Nova Aliança|Nova Aliança|2|3|2|85|R$ 720.604,00
193205|Apartamento de 85m² com 02 quartos à venda - Nova Aliança|Nova Aliança|2|3|2|85|R$ 720.604,00
119111|Apartamento de 74m² com 02 quartos à venda - Ribeirânia|Ribeirânia|2|2|2|74|R$ 721.000,00
176807|Apartamento de 79m² com 03 quartos à venda - Nova Aliança|Nova Aliança|3|3|2|79|R$ 722.363,68
229364|Apartamento de 81m² com 02 suítes à venda - Vila Ana Maria|Vila Ana Maria|2|3|2|81|R$ 722.925,00
108998|Apartamento - Padrão|Padrão|2|3|2|81|R$ 723.500,00
142523|Apartamento de 81m² com 2 suítes - Vila Ana Maria|Vila Ana Maria|2|3|2|81|R$ 684.000,00
82955|Apartamento de 148m² com 04 quartos para locação - Santa Cruz do José Jacques|Santa Cruz do José Jacques|4|4|3|148|R$ 725.000,00
229367|Apartamento de 81m² com 02 suítes à venda - Vila Ana Maria|Vila Ana Maria|2|3|2|81|R$ 727.125,00
245243|Apartamento de 85m² com 02 suítes para venda - Nova Aliança|Nova Aliança|2|3|2|85|R$ 728.000,00
242294|Lançamento: Novèl - Apartamento de 92m² com 03 quartos sendo 01 suíte à venda - Nova Aliança|Apartamento de 92m² com 03 quartos sendo 01 suíte à venda Nova Aliança|3|3|2|92|R$ 729.000,00
242417|Apartamento de 106m² com 03 quartos à venda - Nova Aliança|Nova Aliança|3|3|1|106|R$ 730.000,00
229376|Apartamento de 81m² com 02 suítes à venda - Vila Ana Maria|Vila Ana Maria|2|3|2|81|R$ 731.850,00
229379|Apartamento de 81m² com 02 suítes à venda - Vila Ana Maria|Vila Ana Maria|2|3|2|81|R$ 732.900,00
187511|Apartamento de 106m² com 03 quartos - Bosque da Juritis|Bosque da Juritis|3|3|2|106|R$ 735.000,00
211619|Apartamento de 90m² com 03 quartos à venda - Jardim Olhos D`Água II|Jardim Olhos DÁgua II|3|2|2|90|R$ 737.760,00
197708|Apartamento de 214m² com 03 quartos à venda - Centro|Centro|3|2|2|214|R$ 700.000,00
238817|Apartamento - Padrão|Padrão|2|2|1|90|R$ 740.000,00
134021|Apartamento de 106m² com 03 quartos para locação e venda - Jardim Nova Aliança|Jardim Nova Aliança|3|2|2|106|R$ 740.000,00
136496|Apartamento de 127m² com 04 quartos para locação - Bairro Jardim Irajá|Bairro Jardim Irajá|4|3|2|127|R$ 700.000,00
242252|Apartamento de 86m² com 03 quartos à venda - Quinta da Primavera|Quinta da Primavera|3|3|2|86|R$ 742.000,00
223943|Apartamento com 404m² com 06 quartos sendo 03 suítes à venda - Centro|Centro|6|5|2|404|R$ 742.000,00
176588|APARTAMENTO NO CENTRO||4|4|3|306|R$ 742.000,00
175901|Apartamento de 155m² com 03 quartos - Centro|Centro|3|2|1|155|R$ 742.000,00
164048|Apartamento de 146m² com 04 quartos para locação e venda - Jardim São Luiz|Jardim São Luiz|4|4|3|146|R$ 742.000,00
155198|EXCELENTE APARTAMENTO À VENDA EM BONFIM PAULISTA||2|3|2|110|R$ 742.000,00
155195|Apartamento de 110m² com 02 suítes - Bonfim Paulista|Bonfim Paulista|2|3|2|110|R$ 742.000,00
137456|APARTAMENTO NO JARDIM IRAJÁ||3|3|1|115|R$ 742.000,00
155228|Pronto para Morar: Magnólia - Apartamento de 82m² com 03 quartos com suíte à venda - Jardim Botânico|Apartamento de 82m² com 03 quartos com suíte à venda Jardim Botânico|2|2|1|82|R$ 743.191,27
160217|APARTAMENTO 3 DORMITÓRIOS PR[OXIMO SHOPPING IGUATEMI||3|3|2|97|R$ 744.000,00
178850|Apartamento de 88m² com 03 quartos à venda - Jardim Olhos D`Água II|Jardim Olhos DÁgua II|3|2|2|88|R$ 745.864,00
178256|Apartamento de 68m² com 02 suítes e 02 vagas de garagem à venda - Nova Aliança|Nova Aliança|2|3|2|68|R$ 746.644,59
110939|Apartamento de 76m² com 02 quartos para venda - Jardim Botânico|Jardim Botânico|2|2|2|76|R$ 747.000,00
242285|Lançamento: Novèl - Apartamento de 94m² com 03 quartos sendo 01 suíte à venda - Nova Aliança|Apartamento de 94m² com 03 quartos sendo 01 suíte à venda Nova Aliança|3|3|2|94|R$ 749.000,00
215345|Apartamento mobiliado de 81m² com 02 suítes para locação e venda - Nova Aliança|Nova Aliança|2|3|2|81|R$ 749.000,00
231473|Apartamento de 43m² com 02 quartos para locação e venda - Valentina Figueiredo|Valentina Figueiredo|2|1|1|43|R$ 120.000,00
160826|Apartamento de 43m² com 02 quartos para locação e venda - Jardim Diva Tarla de Carvalho|Jardim Diva Tarla de Carvalho|2|1|1|43|R$ 159.000,00
184652|Apartamento de 47m² com 2 quartos - Parque dos Lagos|Parque dos Lagos|2|1|1|47|R$ 150.000,00
102506|Apartamento 97m² à venda - Jardim Palma Travassos|Jardim Palma Travassos|3|2|1|97|R$ 520.000,00
219893|Apartamento de 125m² com 03 quartos à venda - Centro|Centro|3|4|2|125|R$ 650.000,00
110849|Apartamento de 86m² com 3 quartos à venda - Quinta da Primavera|Quinta da Primavera|3|3|2|86|R$ 690.000,00
117173|Apartamento de 196m² com 04 quartos à venda - City Ribeirão|City Ribeirão|4|3|3|196|R$ 695.000,00
203396|Apartamento de 106m² com 03 quartos - Nova Aliança|Nova Aliança|3|3|2|106|R$ 720.000,00
179564|Apartamento duplex de 184m² com 03 quartos - Centro|Centro|3|3|1|184|R$ 720.800,00
240521|Apartamento de 98m² com 03 quartos para locação - Quinta da Primavera|Quinta da Primavera|3|3|2|98|R$ 750.000,00
239696|Apartamento de 90m² com 02 suítes para venda e locação - Bosque das Juritis|Bosque das Juritis|2|3|2|90|R$ 750.000,00
237776|Apartamento de 88m² com 02 suítes para locação e venda - Quinta da Primavera|Quinta da Primavera|2|3|2|88|R$ 750.000,00
236741|Apartamento de 173m² com 03 quartos para venda - Santa Cruz dos Jacques|Santa Cruz dos Jacques|3|4|2|173|R$ 750.000,00
234389|Apartamento de 72,5m² com 02 quartos à venda - Jardim Olhos D`Água II|Jardim Olhos DÁgua II|2|2|2|5|R$ 750.000,00
226214|Apartamento de 90m² com 03 quartos à venda - Quinta da Primavera|Quinta da Primavera|3|2|2|90|R$ 750.000,00
224054|Apartamento de 88m² com 03 quartos sendo 01 suíte à venda - Vila Ana Maria|Vila Ana Maria|3|2|2|88|R$ 750.000,00
207392|Apartamento de 110m² com 02 suítes e varanda gourmet à venda - Bonfim Paulista|Bonfim Paulista|2|3|2|110|R$ 750.000,00
199466|Apartamento de 144m² com 03 suíte à venda - Jardim Irajá|Jardim Irajá|3|5|2|144|R$ 750.000,00
195797|Apartamento de 62m² com 02 quartos à venda - Jardim Botânico|Jardim Botânico|2|2|1|62|R$ 750.000,00
190508|Apartamento de 105m² com 02 suítes para venda - Nova Aliança|Nova Aliança|2|4|2|105|R$ 750.000,00
189518|Apartamento de 124m² com 03 quartos à venda - Centro|Centro|4|4|2|124|R$ 750.000,00
174320|APARTAMENTO NO CENTRO||3|5|2|152|R$ 750.000,00
167720|Apartamento de 138m² com 03 quartos - Vila Seixas|Vila Seixas|3|3|1|138|R$ 750.000,00
162065|Apartamento de 101m² de 03 quartos para locação e venda - Bairro Nova Aliança|Bairro Nova Aliança|3|3|2|101|R$ 750.000,00
149297|APARTAMENTO NO CENTRO||3|2|2|174|R$ 750.000,00
135860|Apartamento de 212m² com 03 quartos à venda - Centro|Centro|3|3|2|212|R$ 750.000,00
121676|Apartamento de 173m² com 04 quartos à venda em condomínio - Jardim São Luiz|Jardim São Luiz|4|5|2|173|R$ 750.000,00
108152|APARTAMENTO PRÓXIMO AO PARQUE CARLOS RAYA||3|5|2|117|R$ 750.000,00
107669|Apartamento de 170m² com 03 quartos à venda - Santa Cruz do José Jacques|Santa Cruz do José Jacques|3|5|3|170|R$ 750.000,00
100763|Apartamento de 125m² com 03 quartos á venda - Jardim Irajá|Jardim Irajá|3|3|2|125|R$ 750.000,00
85352|LINDO APARTAMENTO NO BOTÂNICO||3|4|2|142|R$ 750.000,00
34952|Apartamento de 170m² com 03 quartos à venda - Santa Cruz do José Jacques|Santa Cruz do José Jacques|3|5|3|170|R$ 750.000,00
245252|Apartamento de 85m² com 02 suítes para venda e locação - Nova Aliança|Nova Aliança|2|3|2|85|R$ 750.129,00
245366|Apartamento de 85m² com 02 suítes para venda - Nova Aliança|Nova Aliança|2|3|2|85|R$ 750.179,00
245342|Apartamento de 85m² com 02 suítes para venda - Nova Aliança|Nova Aliança|2|3|2|85|R$ 750.179,00
245339|Apartamento de 85m² com 02 suítes para venda - Nova Aliança|Nova Aliança|2|3|2|85|R$ 750.179,00
245333|Apartamento de 85m² com 02 suítes para venda - Nova Aliança|Nova Aliança|2|3|2|85|R$ 750.179,00
242507|Apartamento de 86m² com 02 suítes para locação e venda - Quinta da primavera|Quinta da primavera|2|3|2|86|R$ 751.000,00
122816|Apartamento de 127m² com 03 quartos à venda - Jardim Irajá|Jardim Irajá|3|3|2|127|R$ 751.000,00
170273|Apartamento à venda com 2 quartos - Jardim Olhos D`Água|Jardim Olhos DÁgua|2|2|2|74|R$ 751.248,00
225722|Apartamento de 90m² com 02 suítes para locação - Bosque das Juritis|Bosque das Juritis|2|3|2|90|R$ 755.000,00
178283|Apartamento de 75m² com 03 quartos à venda - Nova Aliança|Nova Aliança|3|3|1|75|R$ 756.840,15
243647|Apartamento de 69m² com 02 quartos à venda - Jardim Sumaré|Jardim Sumaré|2|2|2|69|R$ 759.000,00
229373|Apartamento de 81m² com 02 suítes à venda - Vila Ana Maria|Vila Ana Maria|2|3|2|81|R$ 759.675,00
177899|Apartamento mobiliado de 58m² com 02 quartos à venda - Jardim Sumaré|Jardim Sumaré|2|2|2|58|R$ 700.000,00
99581|Apartamento de 90m² com 03 quartos para locação e venda - Nova Aliança|Nova Aliança|3|3|2|90|R$ 760.000,00
16157|Apartamento - Padrão|Padrão|3|5|2|147|R$ 760.000,00
108983|Apartamento de 81m² com 02 suítes à venda - Vila Ana Maria|Vila Ana Maria|2|3|2|81|R$ 760.725,00
214577|Apartamento de 90m² com 03 quartos à venda - Jardim Olhos D`Água II|Jardim Olhos DÁgua II|3|2|2|90|R$ 763.000,00
234071|Apartamento de 114m² com 03 quartos- Jardim Irajá|Jardim Irajá|3|3|2|114|R$ 765.000,00
239009|Apartamento de 90m² com 03 quartos à venda - Jardim Olhos d´agua|Jardim Olhos d´agua|3|2|2|90|R$ 765.651,19
239006|Apartamento de 90m² com 03 quartos à venda - Jardim Olhos d´agua|Jardim Olhos d´agua|3|2|2|90|R$ 765.651,19
239003|Apartamento de 90m² com 03 quartos à venda - Jardim Olhos d´agua|Jardim Olhos d´agua|3|2|2|90|R$ 765.651,19
239000|Apartamento de 90m² com 03 quartos à venda - Jardim Olhos d´agua|Jardim Olhos d´agua|3|2|2|90|R$ 765.651,19
236120|Apartamento de 204m² com 03 quartos para venda - Centro|Centro|3|3|2|204|R$ 690.000,00
158216|Apartamento de 151m² com 03 quartos à venda - Santa Cruz do José Jacques|Santa Cruz do José Jacques|3|4|2|151|R$ 690.000,00
238658|Apartamento de 51m² com 01 quartos para a locação e venda - Alto da Boa Vista|Alto da Boa Vista|1|1|1|51|R$ 770.000,00
224222|Apartamento de 124m² com 03 quartos sendo 02 suítes à venda - Centro|Centro|4|4|2|124|R$ 770.000,00
236108|Apartamento de 123m² com 03 quartos à venda - Jardim Paulista|Jardim Paulista|3|3|2|123|R$ 775.000,00
229316|Apartamento de 146m² com 03 suítes à venda - Santa Cruz do José Jacques|Santa Cruz do José Jacques|3|5|3|146|R$ 775.000,00
245405|Apartamento de 85m² com 02 suítes para venda - Nova Aliança|Nova Aliança|2|3|2|85|R$ 776.382,00
245402|Apartamento de 85m² com 02 suítes para venda - Nova Aliança|Nova Aliança|2|3|2|85|R$ 776.382,00
245357|Apartamento de 85m² com 02 suítes para venda - Nova Aliança|Nova Aliança|2|3|2|85|R$ 776.382,00
245258|Apartamento de 85m² com 02 suítes para venda - Nova Aliança|Nova Aliança|2|3|2|85|R$ 776.382,00
136400|Apartamento de 317m² com 04 suítes à venda - Centro|Centro|5|5|3|317|R$ 590.000,00
188069|Apartamento de 86m² com 02 suítes à venda - Bosque das Juritis|Bosque das Juritis|2|2|2|86|R$ 713.000,00
227915|Apartamento de 111m² com 03 quartos à venda - Jardim Nova Aliança Sul|Jardim Nova Aliança Sul|3|3|2|111|R$ 750.000,00
240647|Apartamento à venda de 111m² com 04 quartos - Jardim Nova Aliança Sul|Jardim Nova Aliança Sul|4|2|2|111|R$ 780.000,00
235061|Apartamento de 90m² com 02 suítes para venda e locação - Quinta da Primavera|Quinta da Primavera|2|3|2|90|R$ 780.000,00
219836|Apartamento de 60m² com 02 quartos sendo 01 suíte para locação e venda - Jardim Sumaré|Jardim Sumaré|2|2|2|60|R$ 780.000,00
213821|Apartamento de 111m² com 02 suítes à venda - Nova Aliança|Nova Aliança|2|3|2|111|R$ 780.000,00
124403|Apartamento de 73m² com 02 suítes à venda - Bosque das Juritis|Bosque das Juritis|2|3|1|73|R$ 780.000,00
239015|Apartamento de 90m² com 03 quartos à venda - Jardim Olhos d´agua|Jardim Olhos d´agua|3|2|2|90|R$ 788.222,67
239012|Apartamento de 90m² com 03 quartos à venda - Jardim Olhos d´agua|Jardim Olhos d´agua|3|2|2|90|R$ 788.222,67
178280|Apartamento de 75m² com 03 quartos à venda - Nova Aliança|Nova Aliança|3|3|1|75|R$ 788.375,15
229157|Apartamento de 107m² com 03 quartos à venda - Jardim Paulista|Jardim Paulista|3|2|2|107|R$ 790.000,00
210059|Apartamento de 68m² com 02 quartos à venda - Vila do Golfe|Vila do Golfe|2|2|1|68|R$ 790.000,00
159314|Apartamento de 98m² com 03 quartos sendo 01 suíte à venda - Quinta da Primavera|Quinta da Primavera|3|3|2|98|R$ 790.000,00
245360|Apartamento de 85m² com 02 suítes para venda - Nova Aliança|Nova Aliança|2|3|2|85|R$ 791.955,00
245348|Apartamento de 85m² com 02 suítes para venda - Nova Aliança|Nova Aliança|2|3|2|85|R$ 791.955,00
245336|Apartamento de 85m² com 02 suítes para venda - Nova Aliança|Nova Aliança|2|3|2|85|R$ 791.955,00
245264|Apartamento de 85m² com 02 suítes para venda - Nova Aliança|Nova Aliança|2|3|2|85|R$ 791.955,00
245261|Apartamento de 85m² com 02 suítes para venda - Nova Aliança|Nova Aliança|2|3|2|85|R$ 791.955,00
245255|Apartamento de 85m² com 02 suítes para venda - Nova Aliança|Nova Aliança|2|3|2|85|R$ 791.955,00
245297|Apartamento de 85m² com 02 suítes à venda - Nova Aliança|Nova Aliança|2|3|2|85|R$ 792.000,00
88916|Apartamento de 161m² com 04 quartos à venda - Ribeirânia|Ribeirânia|4|4|2|161|R$ 764.000,00
236810|Apartamento mobiliado de 56m² com 01 suíte para locação e venda - Jardim Botânico|Jardim Botânico|1|2|1|56|R$ 795.000,00
230150|Apartamento de 111m² com 03 quartos à venda - Jardim Nova Aliança Sul|Jardim Nova Aliança Sul|3|3|2|111|R$ 795.000,00
175850|APARTAMENTO NO CENTRO||4|4|2|367|R$ 795.000,00
151157|Apartamento de 151m² com 03 quartos - Santa Cruz do José Jacques|Santa Cruz do José Jacques|3|3|2|151|R$ 795.000,00
116159|Apartamento de 122m² com 03 suítes à venda - Jardim Botânico|Jardim Botânico|3|5|2|122|R$ 795.000,00
176867|Apartamento de 81m² com 02 suítes à venda - Nova Aliança|Nova Aliança|2|3|2|81|R$ 797.300,56
165212|Apartamento de 114m² com 03 quartos à venda - Jardim Botânico|Jardim Botânico|3|4|2|114|R$ 798.000,00
227693|Apartamento de 153m² com 04 suítes à venda - Jardim Olhos D`Água|Jardim Olhos DÁgua|4|6|3|153|R$ 1.218.186,00
236285|Apartamento de 160m² com 03 quartos para venda e locação - Jardim Botânico|Jardim Botânico|3|5|3|160|R$ 1.300.000,00
241745|Apartamento de 170m² com 03 suítes para locação e venda - Vila do Golf|Vila do Golf|3|5|3|170|R$ 1.350.000,00
213446|Apartamento de 154m² com 03 suítes à venda - Jardim Olhos D`Água|Jardim Olhos DÁgua|3|5|3|154|R$ 1.600.000,00
215531|Apartamento de 153m² com 03 suítes para locação e venda - Jardim Olhos D`Água|Jardim Olhos DÁgua|3|5|3|153|R$ 1.400.000,00
231668|Apartamento de 170 m² com 03 suítes para locação e venda - Vila do Golfe.|Vila do Golfe|3|6|3|170|R$ 1.299.000,00
241283|Apartamento de 227m² com 04 suítes para locação e venda - Jardim Botânico|Jardim Botânico|4|6|3|227|R$ 1.590.000,00
210236|Apartamento de 227m² com 03 suítes para venda e locação - Jardim Botânico|Jardim Botânico|3|5|4|227|R$ 1.683.000,00
241181|Apartamento de 124m² com 03 suítes para a venda e locação - Jardim Olhos D`Água|Jardim Olhos DÁgua|3|4|3|124|R$ 1.780.000,00
229214|Apartamento de 214m² com 03 suítes à venda - Bosque das Juritis|Bosque das Juritis|3|5|3|214|R$ 1.800.000,00
198350|Apartamento de 42m² com 02 quartos á venda - Jardim José Wilson Toni|Jardim José Wilson Toni|2|1|1|42|R$ 80.000,00
180608|APARTAMENTO NO WILSON TONI||2|1|1|42|R$ 80.000,00
147218|APARTAMENTO NO RESIDENCIAL WILSON TONI||2|1|1|42|R$ 80.000,00
243845|Apartamento de 39m² com 02 quartos para locação e venda - Residencial das Américas|Residencial das Américas|2|1|1|39|R$ 119.000,00
224003|Apartamento de 42m² com 02 quartos para locação e venda - Jardim Heitor Rigon|Jardim Heitor Rigon|2|1|1|42|R$ 115.000,00
225161|Apartamento de 43m² com 02 quartos à venda - Jardim Florestan Fernandes|Jardim Florestan Fernandes|2|1|1|43|R$ 155.000,00
146696|APARTAMENTO PRÓXIMO À RUA JAVARI||2|1|1|46|R$ 160.000,00
222593|Apartamento de 43m² com 02 quartos à venda - Reserva Macaúba|Reserva Macaúba|2|1|1|43|R$ 150.000,00
189065|Apartamento de 48m² com 02 quartos para locação e venda - Quintino Facci II|Quintino Facci II|2|1|1|48|R$ 175.000,00
185177|Apartamento de 47m² com 02 quartos - Ipiranga|Ipiranga|2|1|1|47|R$ 190.000,00
244706|Apartamento de 58m² com 02 quartos à venda - Ribeirânia|Ribeirânia|2|2|1|58|R$ 580.000,00
191078|Apartamento de 172m² com 03 suítes à venda - Centro|Centro|3|4|2|172|R$ 600.000,00
241328|Apartamento de 101m² com 03 quartos à venda - Bairro Jardim Nova Aliança Sul|Bairro Jardim Nova Aliança Sul|3|3|2|101|R$ 759.000,00
41057|Apartamento de 173m² com 04 quartos à venda - Centro|Centro|4|5|2|173|R$ 775.000,00
237779|Apartamento de 84m² com 02 suítes à venda - Quinta da Primavera|Quinta da Primavera|2|3|2|84|R$ 800.000,00
236150|Apartamento de 63m² com 02 quartos para locação - Alamedas do Botânico|Alamedas do Botânico|2|2|2|63|R$ 800.000,00
232193|Apartamento de 147 m² com 04 quartos para locação - Santa Cruz do José Jacques.|Santa Cruz do José Jacques|4|5|2|147|R$ 800.000,00
232145|Apartamento de 63m² com 01 suíte para venda e locação - Nova Aliança|Nova Aliança|1|2|1|63|R$ 800.000,00
230891|Apartamento de 111m² com 03 quartos para locação e venda - Nova Aliança|Nova Aliança|3|3|2|111|R$ 800.000,00
225536|Apartamento de 90m² com 02 suítes à venda - Quinta da Primavera|Quinta da Primavera|2|3|2|90|R$ 800.000,00
213371|Apartamento de 71m² com 03 quartos à venda - Ribeirânia|Ribeirânia|3|2|2|71|R$ 800.000,00
194123|Apartamento de 04 quartos para locação e venda - Centro|Centro|4|2|2|150|R$ 800.000,00
179615|Apartamento de 368m² com 04 quartos à venda - Centro|Centro|4|5|2|368|R$ 800.000,00
153059|Apartamento de 87m² com 03 quartos à venda - Jardim América|Jardim América|3|3|2|87|R$ 800.000,00
137660|Apartamento de 105m² com 03 suítes à venda - Quinta da Primavera|Quinta da Primavera|3|4|2|105|R$ 800.000,00
240554|Apartamento de 114m² com 03 quartos à venda - Jardim Botânico|Jardim Botânico|3|4|2|114|R$ 812.000,00
148430|Apartamento de 86m² com 03 quartos sendo 01 suíte à venda - Quinta da Primavera|Quinta da Primavera|3|3|2|86|R$ 740.000,00
154019|Apartamento de 131m² com 03 quartos à venda - Jardim Irajá|Jardim Irajá|3|4|2|131|R$ 780.000,00
198242|Apartamento de 118m² com 03 suítes à venda - Jardim Olhos D`Água II|Jardim Olhos DÁgua II|3|4|2|118|R$ 820.000,00
179948|Apartamento de 111m² com 02 suítes - Jardim Nova Aliança|Jardim Nova Aliança|2|3|2|111|R$ 820.000,00
126623|Apartamento de 128m² com 03 suítes para locação e venda - Jardim Canadá|Jardim Canadá|3|5|2|128|R$ 820.000,00
120044|Apartamento de 127M² com 03 Quartos a venda - Jardim Iraja|Jardim Iraja|3|4|2|127|R$ 820.000,00
219779|Apartamento de 93m² com 03 quartos sendo 01 suíte à venda - Jardim Botânico|Jardim Botânico|3|3|2|93|R$ 820.000,00
197792|Apartamento de 137m² com 03 quartos à venda - Jardim Botânico|Jardim Botânico|3|5|2|137|R$ 830.000,00
155231|Pronto para Morar: Magnólia - Apartamento de 82m² com 03 quartos com suíte à venda - Jardim Botânico|Apartamento de 82m² com 03 quartos com suíte à venda Jardim Botânico|3|2|2|82|R$ 832.522,56
155222|Pronto para Morar: Magnólia - Apartamento de 82m² com 03 quartos com suíte à venda - Jardim Botânico|Apartamento de 82m² com 03 quartos com suíte à venda Jardim Botânico|3|2|2|82|R$ 835.442,19
225869|Apartamento de 42m² com 02 quartos para locação - Jardim Itaú|Jardim Itaú|2|1|1|42|R$ 145.000,00
162713|Apartamento mobiliado de 119m² com 02 suítes para venda - Jardim Paulista|Jardim Paulista|3|3|2|119|R$ 840.000,00
134153|Apartamento de 114m² com 03 quartos à venda - Jardim Botânico|Jardim Botânico|3|4|2|114|R$ 845.250,00
189797|Apartamento de 173m² com 03 quartos para a locação - Centro|Centro|3|4|2|173|R$ 848.000,00
112940|Apartamento de 96m² com 03 quartos para locação - Jardim Irajá|Jardim Irajá|3|3|2|96|R$ 848.000,00
152639|Apartamento de 42m² com 02 quartos à venda - Jardim Javari|Jardim Javari|2|1|1|42|R$ 85.000,00
210926|Apartamento de 43m² com 02 quartos à venda - Jardim Diva Tarlá de Carvalho|Jardim Diva Tarlá de Carvalho|2|1|1|43|R$ 140.000,00
153563|Apartamento de 46m² com 02 quartos para locação e venda - Ipiranga|Ipiranga|2|1|1|46|R$ 170.000,00
150656|Apartamento de 41m² com 02 quartos para locação e venda - Reserva Real|Reserva Real|2|1|1|41|R$ 190.000,00
80789|APARTAMENTO NO JARDIM SÃO LUIZ||1|1|1|46|R$ 220.000,00
100196|Apartamento de 317m² com 04 quartos à venda - Centro|Centro|4|6|3|317|R$ 550.000,00
86036|Apartamento de 117m² à venda - Jardim Botânico|Jardim Botânico|3|4|2|117|R$ 780.000,00
182090|Apartamento com 110m² com 02 suítes para locação e venda - Bonfim Paulista|Bonfim Paulista|2|3|2|110|R$ 800.000,00
212912|Apartamento de 153m² com 03 suítes à venda - Centro|Centro|3|4|2|153|R$ 830.000,00
240722|Apartamento de 128m² com 03 suítes à venda - Jardim Canadá|Jardim Canadá|3|5|2|128|R$ 850.000,00
238829|Apartamento de 79m² com 02 quartos à venda - Jardim Sumaré|Jardim Sumaré|2|2|2|79|R$ 850.000,00
235553|Apartamento de 109m² com 03 suítes á venda - Jardim Olhos D´Água|Jardim Olhos D´Água|3|4|2|109|R$ 850.000,00
230345|Apartamento de 86m² com 02 suítes para venda e locação - Bosque das Juritis|Bosque das Juritis|2|3|2|86|R$ 850.000,00
229301|Apartamento de 114m² com 04 quartos à venda - Jardim Irajá|Jardim Irajá|4|2|1|114|R$ 850.000,00
224945|Apartamento mobiliado de 63m² com 01 suíte - Nova aliança|Nova aliança|1|2|1|63|R$ 850.000,00
220247|Apartamento de 81m² com 02 suítes à venda - Vila Ana Maria|Vila Ana Maria|2|3|2|81|R$ 850.000,00
218699|Apartamento de 110m² com 02 suítes à venda - Bonfim Paulista|Bonfim Paulista|2|3|2|110|R$ 850.000,00
218210|Apartamento de 87m² com 03 quartos para locação - Jardim Olhos D`Água|Jardim Olhos DÁgua|3|3|1|87|R$ 850.000,00
208430|Apartamento de 118m² com 03 quartos à venda - Jardim Botânico|Jardim Botânico|3|2|2|118|R$ 850.000,00
198245|Apartamento duplex de 118m² com 03 suítes à venda - Jardim Olhos D`Água II|Jardim Olhos DÁgua II|3|4|2|118|R$ 850.000,00
193022|Apartamento de 118m² com 02 quartos à venda - Jardim Botânico|Jardim Botânico|2|3|2|118|R$ 850.000,00
176096|APARTAMENTO COM VISTA LIVRE NO JARDIM BOTÂNICO||3|4|2|114|R$ 850.000,00
147785|Apartamento de 90m² semi mobiliado com 02 suítes para locação - Bosque das Juritis|Bosque das Juritis|2|3|2|90|R$ 850.000,00
143288|Apartamento de 159m² com 03 quartos à venda - Centro|Centro|3|3|2|159|R$ 850.000,00
142256|Apartamento de 146m² com 04 quartos à venda - Jardim São Luiz|Jardim São Luiz|4|4|2|146|R$ 850.000,00
132263|Apartamento de 232m² com 04 quartos à venda - Centro|Centro|4|5|2|232|R$ 850.000,00
119045|Apartamento de 75m² com 03 quartos à venda - Jardim Botânico|Jardim Botânico|3|2|2|75|R$ 850.000,00
109112|Apartamento de 03 quartos para locação - Bosque das Juritis|Bosque das Juritis|3|2|2|80|R$ 850.000,00
100919|Apartamento de 90m² com 02 suítes à venda - Bosque das Juritis|Bosque das Juritis|2|3|2|90|R$ 850.000,00
80996|Apartamento de 147m² com 03 quartos á venda - Jardim São Luiz|Jardim São Luiz|3|4|2|147|R$ 850.000,00
201503|Apartamento de 97m² com 02 suítes à venda - Jardim Irajá|Jardim Irajá|2|3|2|97|R$ 816.510,82
225842|Apartamento de 135m² com 03 suítes à venda - Bosque das Juritis|Bosque das Juritis|4|5|2|135|R$ 860.000,00
218537|Apartamento de 432m² com 06 quartos para locação e venda- Centro|Centro|6|5|4|432|R$ 860.000,00
203426|Apartamento de 131m² com 03 quartos para locação e venda - Jardim Irajá|Jardim Irajá|3|4|2|131|R$ 860.000,00
210983|Apartamento de 108m² com 03 suítes à venda - Vila do Golfe|Vila do Golfe|3|4|2|108|R$ 862.405,00
214952|Apartamento de 87m² com 02 suítes à venda - Jardim Olhos D`Água II|Jardim Olhos DÁgua II|2|3|2|87|R$ 864.974,00
163190|Apartamento de 114m² com 03 quartos à venda - Jardim Botânico|Jardim Botânico|3|4|2|114|R$ 868.350,00
186617|APARTAMENTO NO RESIDENCIAL DAS AMÉRICAS||2|1|1|65|R$ 87.000,00
224444|Apartamento de 133m² com 03 quartos sendo 01 suíte à venda - Jardim Nova Aliança Sul|Jardim Nova Aliança Sul|3|4|3|133|R$ 870.000,00
210287|Apartamento de 80m² com 02 suítes à venda - Jardim Olhos D`água|Jardim Olhos Dágua|2|3|2|80|R$ 870.000,00
210284|Apartamento de 80m² com 02 suítes à venda - Jardim Olhos D`água|Jardim Olhos Dágua|2|3|2|80|R$ 870.000,00
188750|APARTAMENTO NO JARDIM OLHOS D´ÁGUA II||3|3|2|88|R$ 870.000,00
165437|Apartamento de 133m² com 03 quartos à venda - Jardim Nova Aliança Sul|Jardim Nova Aliança Sul|3|2|2|133|R$ 870.000,00
239342|Apartamento de 95m² com 03 quartos para venda - Bosque das Juritis|Bosque das Juritis|3|3|2|95|R$ 874.500,00
116249|Apartamento de 86m² com 02 suítes para venda - Bosque das Juritis|Bosque das Juritis|2|3|2|86|R$ 790.000,00
197921|APARTAMENTO NO BAIRRO JARDIM BOTÂNICO||3|4|2|120|R$ 875.000,00
225710|Apartamento de 133m² com 03 quartos para venda - Jardim Nova Aliança Sul|Jardim Nova Aliança Sul|3|4|2|133|R$ 879.000,00
202469|Apartamento de 97m² com 03 dormitórios - Jardim Irajá|Jardim Irajá|3|3|2|97|R$ 879.802,29
233513|Apartamento de 80m² com 02 suítes à venda - Jardim Olhos D`água|Jardim Olhos Dágua|2|3|2|80|R$ 800.000,00
244412|Apartamento de 108m² com 03 quartos para venda e locação - Jardim Botânico|Jardim Botânico|3|4|2|108|R$ 880.000,00
239399|Apartamento de 75m² com 02 suítes à venda - Nova Aliança|Nova Aliança|2|3|2|75|R$ 880.000,00
235181|Apartamento de 140² com 03 suítes a venda - Nova Aliança|Nova Aliança|3|5|2|140|R$ 880.000,00
195998|Apartamento de 83m² com 03 quartos à venda - Jardim Botânico|Jardim Botânico|3|3|1|83|R$ 881.961,63
172853|Apartamento de 114m² com 03 suítes à venda - Vila Ana Maria|Vila Ana Maria|3|4|2|114|R$ 889.667,43
243752|Apartamento de 93m² com 02 suítes à venda - Jardim Botânico|Jardim Botânico|2|3|2|93|R$ 890.000,00
240608|Apartamento de 432m² com 03 suítes à venda - Centro|Centro|3|5|4|432|R$ 890.000,00
207230|Apartamento de 442m² com 04 quartos à venda - Centro|Centro|4|5|4|442|R$ 890.000,00
206444|Apartamento de 183m² com 03 quartos à venda - Santa Cruz do José Jacques|Santa Cruz do José Jacques|3|3|2|183|R$ 890.000,00
218570|Apartamento de 218m² com 03 suítes e varanda gourmet para locação e venda - Bosque das Juritis|Bosque das Juritis|3|5|3|218|R$ 1.800.000,00
168002|APARTAMENTO NO PLANALTO VERDE||2|1|1|42|R$ 90.000,00
184742|Apartamento de 41m² com 02 quartos para venda e locação - Sílvio Passalacqua|Sílvio Passalacqua|2|1|1|41|R$ 138.000,00
238469|Apartamento de 42m² com 02 quartos à venda - Jardim João Rossi|Jardim João Rossi|2|1|1|42|R$ 120.000,00
229652|Apartamento de 43m² com 02 quartos para locação e venda - Jardim Heitor Rigon|Jardim Heitor Rigon|2|1|1|43|R$ 133.000,00
208799|Apartamento de 45m² com 02 quartos à venda - Vila Abranches|Vila Abranches|2|1|1|45|R$ 120.000,00
231347|Apartamento de 43m² com 02 quartos para locação e venda - Jardim Heitor Rigon|Jardim Heitor Rigon|2|1|1|43|R$ 140.000,00
226559|Apartamento de 42m² com 02 quartos para locação e venda - Valentina Figueiredo|Valentina Figueiredo|2|1|1|42|R$ 130.000,00
216671|Apartamento de 40m² com 02 quartos para locação e venda - Jardim Ouro Branco|Jardim Ouro Branco|2|1|1|40|R$ 150.000,00
214121|Apartamento de 43m² com 02 quartos à venda - Reserva Macaúba|Reserva Macaúba|2|1|1|43|R$ 160.000,00
213248|Apartamento de 41m² com 02 quartos à venda - Reserva Real|Reserva Real|2|1|1|41|R$ 165.000,00
225014|Apartamento de 42m² com 02 quartos à venda - Jardim João Rossi|Jardim João Rossi|2|1|1|42|R$ 120.000,00
181610|Apartamento de 55m² 2 quartos para locação - Vila Virginia|Vila Virginia|2|1|1|55|R$ 180.000,00
37400|Apartamento de 34m² com 01 suíte para locação - Jardim Palma Travassos|Jardim Palma Travassos|1|1|1|34|R$ 180.000,00
155255|Apartamento de 80m² com 03 quartos à venda - Bosque das Juritis|Bosque das Juritis|3|2|2|80|R$ 649.000,00
122186|Apartamento de 173m² com 04 quartos à venda - Centro|Centro|4|4|2|173|R$ 750.000,00
86573|Apartamento de 144m² com 03 suítes à venda - Jardim Irajá|Jardim Irajá|3|4|2|144|R$ 750.000,00
218789|Apartamento de 180m² com 04 quartos à venda - Jardim São Luiz|Jardim São Luiz|4|5|3|180|R$ 850.000,00
134846|APARTAMENTO NO HIGIENÓPOLIS||4|6|4|318|R$ 870.000,00
243371|Apartamento de 108m² com 3 quartos sendo 1 suíte à venda - Bosque das Juritis|Bosque das Juritis|3|3|2|108|R$ 900.000,00
243344|Apartamento de 108m² com 03 suítes à venda - Bosque das Juritis|Bosque das Juritis|3|4|3|108|R$ 900.000,00
232313|Apartamento de 131m² com 03 suítes à venda - Nova Aliança|Nova Aliança|3|5|2|131|R$ 900.000,00
222260|Apartamento 99m² com 03 suítes para locação - Jardim Botânico|Jardim Botânico|3|5|2|99|R$ 900.000,00
203414|EXCELENTE APARTAMENTO NO BAIRRO JARDIM IRAJÁ||3|4|2|131|R$ 900.000,00
198911|Apartamento de 90 m² com 02 quartos para locação - Quinta da Primavera|Quinta da Primavera|2|3|2|90|R$ 900.000,00
193055|Apartamento de 156m² com 04 quartos para locação e venda - Centro|Centro|4|4|2|156|R$ 900.000,00
174080|Apartamento de 180m² com 04 quartos à venda - Jardim São Luiz|Jardim São Luiz|4|5|3|180|R$ 900.000,00
151652|Apartamento de 108m² com 03 quartos para locação e venda - Jardim Olhos D`Água|Jardim Olhos DÁgua|3|3|2|108|R$ 900.000,00
147698|Apartamento com 128m² com 03 quartos - Vila do Golf.|Vila do Golf|3|4|2|128|R$ 900.000,00
101741|Apartamento com 135m² de 03 suítes à venda - Jardim Botânico|Jardim Botânico|3|5|2|135|R$ 900.000,00
72767|Apartamento de 131m² com 04 quartos para locação - Jardim Irajá|Jardim Irajá|4|4|2|131|R$ 900.000,00
72509|Apartamento de 79m² com 03 quartos para venda - Jardim Nova Aliança Sul|Jardim Nova Aliança Sul|3|2|2|79|R$ 900.000,00
233183|Apartamento de 56m² mobiliado com 01 suíte para locação e venda - Jardim Botânico|Jardim Botânico|1|2|1|56|R$ 901.000,00
233003|Apartamento de 56m² mobiliado com 01 suíte para locação e venda - Jardim Botânico|Jardim Botânico|1|2|1|56|R$ 901.000,00
231671|Apartamento de 56m² mobiliado com 01 suíte para locação - Jardim Botânico|Jardim Botânico|1|2|1|56|R$ 901.000,00
188036|Apartamento de 92m² com 02 quartos à venda - Jardim Ilhas do Sul|Jardim Ilhas do Sul|2|3|2|92|R$ 898.799,28
92033|Apartamento de 212m² com 3 quartos à venda - Centro|Centro|3|4|2|212|R$ 910.000,00
182780|Apartamento de 87m² com 02 suítes à venda - Jardim Olhos D`água|Jardim Olhos Dágua|2|3|2|87|R$ 866.600,00
178853|Apartamento de 88m² com 02 suítes à venda - Jardim Olhos D`Água II|Jardim Olhos DÁgua II|2|3|2|88|R$ 912.189,00
99848|Apartamento de 133m² com 04 quartos à venda - Jardim Nova Aliança Sul|Jardim Nova Aliança Sul|4|4|2|133|R$ 899.000,00
213962|Apartamento de 121m² com 03 suítes para locação e venda - Nova Aliança|Nova Aliança|3|4|2|121|R$ 915.000,00
191678|Apartamento mobiliado de 93m² com 02 suítes para venda - Jardim Botânico|Jardim Botânico|2|3|2|93|R$ 915.000,00
173000|Apartamento de 113m² com 03 suítes à venda - Jardim Olhos d´agua|Jardim Olhos d´agua|3|4|2|113|R$ 918.799,00
180194|Apartamento de 221m² com 03 quartos para locação e venda - Centro|Centro|3|4|2|221|R$ 800.000,00
204710|Apartamento 130m² com 02 quartos para locação - Campos Elíseos|Campos Elíseos|2|2|1|130|R$ 923.000,00
163280|Apartamento de 111m² com 03 suítes à venda - Jardim Olhos D`Água|Jardim Olhos DÁgua|3|4|2|111|R$ 924.620,00
116243|Apartamento de 86m² com 02 suítes à venda - Bosque das Juritis|Bosque das Juritis|2|3|2|86|R$ 820.000,00
223658|Apartamento de 113m² com 03 suítes à venda - Jardim Olhos D`Água|Jardim Olhos DÁgua|3|4|2|113|R$ 938.629,00
243950|Apartamento de 132m² com 03 suítes à venda - Jardim Botânico|Jardim Botânico|3|5|2|132|R$ 949.000,00
191348|Apartamento de 100m² com 03 quartos à venda - Jardim Irajá|Jardim Irajá|3|3|2|100|R$ 899.000,00
130190|Apartamento - Padrão|Padrão|2|1|1|42|R$ 95.500,00
203540|Apartamento de 46m² com 02 quartos para locação e venda - Parque São Sebastião|Parque São Sebastião|2|1|1|46|R$ 180.000,00
157217|Apartamento de 42m² com 02 quartos à venda - Jardim João Rossi|Jardim João Rossi|2|1|1|42|R$ 110.000,00
146312|APARTAMENTO PRÓXIMO À AVENIDA DOUTOR FRANCISCO JUNQUEIRA||2|1|1|52|R$ 143.000,00
227864|Apartamento de 40m² com 02 quartos para locação e venda - Jardim Ouro Branco|Jardim Ouro Branco|2|1|1|40|R$ 150.000,00
226583|Apartamento de 41m² com 02 quartos para venda e locação - Jardim Silvio Passalacqua|Jardim Silvio Passalacqua|2|1|1|41|R$ 165.000,00
210218|Apartamento de 42m² com 02 quartos para venda e locação - Quintino Facci II|Quintino Facci II|2|1|1|42|R$ 175.000,00
236978|Apartamento de 173m² mobiliado com 04 quartos à venda - Jardim São Luiz|Jardim São Luiz|4|5|3|173|R$ 900.000,00
234419|Apartamento de 124m² com 03 suítes para venda - Jardim Olhos D`água|Jardim Olhos Dágua|3|4|2|124|R$ 950.000,00
231395|Apartamento de 137m² com 03 suítes à venda - Jardim São Luiz|Jardim São Luiz|3|4|2|137|R$ 950.000,00
222170|Apartamento com 109m² com 03 suítes para locação e venda - Plazas de España|Plazas de España|3|4|2|109|R$ 950.000,00
215912|Apartamento de 100m² com 02 suítes à venda - Jardim Botânico|Jardim Botânico|2|3|2|100|R$ 950.000,00
207749|Apartamento de 106m² com 03 suítes à venda - Jardim Botânico|Jardim Botânico|3|4|2|106|R$ 950.000,00
187151|Apartamento de 131m² com 03 suítes à venda - Nova Aliança|Nova Aliança|3|3|2|131|R$ 950.000,00
127421|Apartamento de 107m² com 03 quartos para locação e venda - Santa Cruz do José Jacques|Santa Cruz do José Jacques|3|3|3|107|R$ 950.000,00
117782|Apartamento de 264m² com 03 suítes para locação - Centro|Centro|3|5|3|264|R$ 950.000,00
109256|Apartamento de 137m² com 03 suítes para locação - Jardim Botânico|Jardim Botânico|3|3|2|137|R$ 950.000,00
107387|Apartamento de 108m² com 03 quartos para locação e venda - Jardim Olhos D`Água|Jardim Olhos DÁgua|3|2|2|108|R$ 950.000,00
88007|Apartamento de 187m² com 05 quartos à venda - Vila Seixas|Vila Seixas|5|5|3|187|R$ 950.000,00
80879|Apartamento - Padrão|Padrão|4|5|3|200|R$ 950.000,00
187847|Apartamento de 114m² com 03 quartos para venda - Jardim Irajá|Jardim Irajá|4|2|2|114|R$ 954.000,00
96437|Ótimo apartamento próximo à Avenida João Fiúsa||4|4|3|202|R$ 954.000,00
204365|Apartamento de 127m² com 03 suítes à venda - Nova Aliança|Nova Aliança|3|4|2|127|R$ 910.000,00
236357|Apartamento de 133m² com 03 suítes à venda - Nova Aliança|Nova Aliança|3|5|1|133|R$ 955.000,00
186317|Apartamento de 59m² com 02 quartos á venda - Ribeirânia|Ribeirânia|2|2|1|59|R$ 955.000,00
224471|Apartamento de 126m² com 03 suítes à venda - Jardim Olhos D`Água|Jardim Olhos DÁgua|3|4|2|126|R$ 956.437,00
223661|Apartamento de 113m² com 03 suítes à venda - Jardim Olhos D`Água|Jardim Olhos DÁgua|3|4|2|113|R$ 958.460,00
236996|Apartamento de 42m² com 02 quartos à venda - Ipiranga|Ipiranga|2|1|1|42|R$ 96.000,00
166925|APARTAMENTONO RESIDENCIAL DAS AMÉRICAS||2|1|1|42|R$ 96.000,00
177218|Apartamento de 314m² com 04 quartos - Centro|Centro|4|4|3|314|R$ 630.000,00
218189|Apartamento mobiliado de 143m² com 03 quartos para venda e locação - Jardim Irajá|Jardim Irajá|3|4|2|143|R$ 899.000,00
223928|Apartamento de 131m² com 03 suítes à venda - Nova Aliança|Nova Aliança|3|5|2|131|R$ 960.000,00
212876|Apartamento de 109m² com 03 quartos à venda - Jardim Olhos D`Água|Jardim Olhos DÁgua|3|4|2|109|R$ 960.000,00
208853|Apartamento mobiliado de 90m² com 03 quartos à venda - Nova Aliança|Nova Aliança|3|3|2|90|R$ 960.000,00
98015|Apartamento de 106m² com 03 quartos para venda e locação - Jardim Botânico|Jardim Botânico|3|4|3|106|R$ 960.000,00
172862|Apartamento de 126m² com 03 suítes à venda - Vila Ana Maria|Vila Ana Maria|3|4|2|126|R$ 962.242,62
224486|Apartamento de 126m² com 03 suítes à venda - Jardim Olhos D`Água|Jardim Olhos DÁgua|3|4|4|126|R$ 968.542,00
240269|Apartamento de 45m² com 02 quartos para venda - João Rossi|João Rossi|2|1|1|45|R$ 97.000,00
207908|Apartamento de 144m² com 03 suítes à venda - Jardim Botânico|Jardim Botânico|3|4|2|144|R$ 970.000,00
114152|Apartamento de 131m² com 03 suítes para locação e venda - Nova Aliança|Nova Aliança|3|5|2|131|R$ 970.000,00
120743|Apartamento - Padrão|Padrão|3|4|2|124|R$ 926.000,00
170474|Apartamento de 134m² com 03 quartos à venda - Jardim Olhos D`Água II|Jardim Olhos DÁgua II|3|4|2|134|R$ 974.700,00
172844|Apartamento de 114m² com 03 suítes à venda - Vila Ana Maria|Vila Ana Maria|3|4|2|114|R$ 975.106,24
188039|Apartamento de 92m² com 02 quartos à venda - Jardim Ilhas do Sul|Jardim Ilhas do Sul|2|3|2|92|R$ 978.000,00
206672|Apartamento de 132m² com 03 suítes à venda - Residencial Alto do Ipê|Residencial Alto do Ipê|3|4|2|132|R$ 950.000,00
133790|Apartamento - Padrão|Padrão|2|1|1|42|R$ 98.000,00
54779|Apartamento de 34m² com 01 quarto para locação - Vila Monte Alegre|Vila Monte Alegre|1|1|1|34|R$ 245.000,00
100814|Apartamento de 86m² com 02 suítes para locação e venda - Jardim Botânico|Jardim Botânico|2|3|2|86|R$ 890.000,00
240314|Apartamento de 97m² com 02 suítes à venda - Jardim Olhos D`Água|Jardim Olhos DÁgua|2|3|2|97|R$ 980.000,00
228407|Apartamento de 100m² com 02 quartos sendo 01 suíte à venda - Jardim Irajá|Jardim Irajá|2|2|2|100|R$ 980.000,00
212879|Apartamento de 100m² com 02 suítes para locação e venda- Jardim Botânico|Jardim Botânico|2|3|2|100|R$ 980.000,00
163511|Apartamento de 126m² com 03 quartos à venda - Jardim Olhos D`Água II|Jardim Olhos DÁgua II|3|4|2|126|R$ 980.000,00
115685|Apartamento com 54m² com 2 quartos à venda - Jardim Anhanguera|Jardim Anhanguera|2|1|1|54|R$ 183.000,00
107879|Apartamento de 100m² com 03 quartos à venda - Condomínio Domaine Botanique|Condomínio Domaine Botanique|3|3|2|100|R$ 950.000,00
233639|Apartamento de 144 m² com 03 suítes à venda - Jardim Botânico.|Jardim Botânico|3|5|2|144|R$ 990.000,00
216818|Apartamento de 84m² com 02 suítes para venda e locação - Jardim Irajá|Jardim Irajá|2|3|1|84|R$ 990.000,00
210917|Apartamento de 100m² com 03 quartos à venda - Jardim Botânico|Jardim Botânico|3|3|2|100|R$ 990.000,00
204839|Apartamento de 95m² com 03 quartos à venda - Bosque das Juritis|Bosque das Juritis|3|3|2|95|R$ 990.000,00
204074|Apartamento de 107m² com 03 quartos à venda - Jardim Botânico|Jardim Botânico|3|3|2|107|R$ 990.000,00
145538|Apartamento de 127m² com 03 suítes à venda - Nova Aliança|Nova Aliança|3|4|2|127|R$ 990.000,00
196367|Apartamento de 97m² com 02 suítes à venda - Jardim Olhos D`Água|Jardim Olhos DÁgua|2|3|2|97|R$ 995.000,00
224468|Apartamento de 126m² com 03 suítes à venda - Jardim Olhos D`Água|Jardim Olhos DÁgua|3|4|2|126|R$ 996.475,00
236822|Apartamento de 132m² com 02 suítes á venda - Jardim Botânico|Jardim Botânico|2|4|2|132|R$ 998.000,00
