codigo,apartamento,qtd_quartos,qtd_banheiros,qtd_garagem,metragem,bairro,valor_venda
231179.0,Apartamento de 80m² 02 quartos à venda   Campos Elíseos,2.0,2.0,1.0,80.0,Campos Eliseos,470000.0
171476.0,APARTAMENTO NA PRESIDENTE MEDICI,3.0,3.0,1.0,114.0,Presidente Medici,424000.0
214892.0,Apartamento de 166m² com 03 suítes   Jardim Olhos d´agua,3.0,5.0,2.0,166.0,Jardim Olhos DAgua,1504192.26
176777.0,Apartamento de 48m² com 02 quartos para venda   Jardim Paulistano,2.0,1.0,1.0,48.0,Jardim Paulistano,260000.0
199400.0,EXCELENTE APARTAMENTO TÉRREO PARA VENDA EM CONDOMÍNIO FECHADO,2.0,1.0,1.0,41.0,Reserva Real,170000.0
224333.0,Apartamento de 42m² com 02 quartos para venda   Quintino Facci II,2.0,1.0,1.0,42.0,Quintino Facci II,130000.0
130424.0,APARTAMENTO NA AV. CARAMURU,3.0,2.0,1.0,80.0,Alto da Boa Vista,375000.0
245603.0,Apartamento de 135m² com 03 suítes à venda   Bosque das Juritis,4.0,5.0,2.0,135.0,Bosque das Juritis,1100000.0
104597.0,"Apartamento de 46,36 m² com 02 quartos para locação e venda   Jardim Itaú",2.0,1.0,1.0,36.0,Jardim Itau,200000.0
199799.0,LINDO APARTAMENTO NA ZONA NORTE,2.0,1.0,1.0,41.0,Parque dos Pinus,180000.0
199583.0,APARTAMENTO COM ELEVADOR NO VITTA PRAÇAS DO IPIRANGA,2.0,1.0,1.0,46.0,Ipiranga,180000.0
177224.0,APARTAMENTO NO CENTRO,3.0,3.0,2.0,131.0,Centro,550000.0
185984.0,Apartamento de 02 quartos á venda   Pq. São Sebastião,2.0,1.0,1.0,45.0,Parque Sao Sebastiao,165000.0
189365.0,OPORTUNIDADE VITTA VILA VIRGINIA I,2.0,1.0,1.0,49.0,Vila Virginia,145000.0
207326.0,Apartamento de 132m² com 02 suítes à venda   Bosque das Juritis,2.0,3.0,2.0,132.0,Jardim Botanico,1250000.0
66170.0,Apartamento de 60m² com 02 quartos para venda   Planalto verde,2.0,1.0,1.0,60.0,Planalto Verde,191000.0
224588.0,Apartamento de 42m² com 02 quartos à venda   Ipiranga,2.0,1.0,1.0,42.0,Ipiranga,140000.0
241166.0,Apartamento de 63m² com 02 quartos para locação   Jardim Botânico,2.0,1.0,1.0,63.0,Jardim Botanico,310000.0
236747.0,Apartamento de 47m² com 02 quartos á venda   Ipiranga,2.0,1.0,1.0,47.0,Ipiranga,260000.0
185987.0,EXCELENTE APARTAMENTO NO CENTRO,4.0,4.0,1.0,200.0,Centro,690000.0
233894.0,Apartamento de 53m² com 02 quartos á venda   Quinta da Primavera,2.0,1.0,1.0,53.0,Condominio Mirante Sul,250000.0
118466.0,Apartamento de 02 quartos   Jd. Heitor Rigon,2.0,1.0,1.0,48.0,Jardim Heitor Rigon,150000.0
111728.0,Apartamento de 118m² com 03 suítes à venda   Jardim Saint Gerard,4.0,3.0,2.0,118.0,Jardim Saint Gerard,1200000.0
96422.0,Apartamento de 65m² com 02 quartos à venda   Centro,2.0,2.0,1.0,65.0,Centro,403000.0
166721.0,Apartamento de 74m² com 02 quartos à venda   Parque dos Bandeirantes,2.0,2.0,1.0,74.0,Parque dos Bandeirantes,220000.0
205451.0,Apartamento de 45m² com 02 quartos à venda   Parque São Sebastião,2.0,1.0,1.0,45.0,Parque Sao Sebastiao,145000.0
238874.0,Apartamento de 46m² com 02 quartos à venda   Parque São Sebastião,2.0,1.0,1.0,46.0,Parque Sao Sebastiao,235000.0
224852.0,Apartamento de 46m² com 02 quartos para locação e venda   Reserva Sul Condomínio,2.0,1.0,1.0,46.0,Reserva Sul Condominio,220000.0
159314.0,Apartamento de 98m² com 03 quartos sendo 01 suíte à venda   Quinta da Primavera,3.0,3.0,2.0,98.0,Quinta da Primavera,790000.0
220796.0,Apartamento mobiliado de 46m² com 02 quartos à venda   Nova Aliança,2.0,2.0,1.0,46.0,Nova Alianca,265000.0
214004.0,Apartamento de 42m² 02 quarto para locação   Avelino Alves Palma,2.0,1.0,1.0,42.0,Quintino Facci II,185000.0
236357.0,Apartamento de 133m² com 03 suítes à venda   Nova Aliança,3.0,5.0,1.0,133.0,Nova Alianca,955000.0
118250.0,Apartamento de 69m² com 03 quartos à venda   Jardim Paulista,3.0,2.0,1.0,69.0,Jardim Paulista,235000.0
129893.0,APARTAMENTO NO JARDIM JOÃO ROSSI,2.0,1.0,1.0,45.0,Jardim Joao Rossi,107000.0
183491.0,Excelente Apartamento no Residencial Palmares,3.0,2.0,2.0,78.0,Residencial e Comercial Palmares,375000.0
241826.0,Apartamento de 46m² com 2 quartos para locação e venda   Ipiranga,2.0,1.0,1.0,46.0,Ipiranga,200000.0
232982.0,Apartamento de 50m² com 02 quartos à venda   Residencial Monterrey,2.0,1.0,1.0,50.0,Residencial Monterrey,450000.0
230963.0,Apartamento de 43m² com 02 quartos á venda e locação   Vitta Heitor Rigon III,2.0,1.0,1.0,43.0,Jardim Heitor Rigon,120000.0
218537.0,Apartamento de 432m² com 06 quartos para locação e venda  Centro,6.0,5.0,4.0,432.0,Centro,860000.0
218699.0,Apartamento de 110m² com 02 suítes à venda   Bonfim Paulista,2.0,3.0,2.0,110.0,Bonfim Paulista,850000.0
224927.0,Apartamento de 41m² com 02 quartos à venda   Ipiranga,2.0,1.0,1.0,41.0,Ipiranga,150000.0
242012.0,Apartamento de 44m² com 02 quartos à venda   Ribeirânia,2.0,1.0,1.0,44.0,Ribeirania,230000.0
159005.0,APARTAMENTO PRÓXIMO À RODOVIA ANHANGUERA,2.0,1.0,1.0,46.0,Residencial Greenville,200000.0
170303.0,Apartamento de 92m² com 03 quartos para locação   Jardim Sumaré,3.0,3.0,1.0,92.0,Jardim Sumare,300000.0
195428.0,Apartamento de 68m² com 02 quartos à venda   Centro,2.0,1.0,1.0,68.0,Centro,340000.0
232607.0,Apartamento Terreo na zona sul   Santa Cruz do José Jacques,2.0,1.0,1.0,97.0,Santa Cruz do Jose Jacques,320000.0
220316.0,Apartamento de 43m² com 02 quartos à venda   Jardim Heitor Rigon lll,2.0,1.0,1.0,43.0,Jardim Heitor Rigon,130000.0
228029.0,Apartamento de 227m² com 04 suítes à venda   Jardim Ilhas do Sul,4.0,6.0,4.0,227.0,Jardim Ilhas do Sul,1850000.0
238742.0,Apartamento de 166m² com 03 suítes   Jardim Olhos d´agua,3.0,5.0,2.0,166.0,Jardim Olhos DAgua,1400000.0
189518.0,Apartamento de 124m² com 03 quartos à venda   Centro,4.0,4.0,2.0,124.0,Centro,750000.0
230138.0,Apartamento de 65m² com 02 quartos à venda   Parque Anhanguera,2.0,1.0,1.0,65.0,Parque Anhanguera,250000.0
161900.0,APARTAMENTO PRÓXIMO À AVENIDA ANTÔNIO E HELENA ZERRENER,2.0,1.0,1.0,46.0,Sumarezinho,190000.0
126362.0,Apartamento de 123m² com 03 suíte para locação e venda   Jardim Botânico,3.0,4.0,2.0,123.0,Jardim Botanico,970000.0
86573.0,Apartamento de 144m² com 03 suítes à venda   Jardim Irajá,3.0,4.0,2.0,144.0,Jardim Iraja,750000.0
67448.0,Apartamento de 107m² com 03 suítes suíte para locação   Jardim Paulista,3.0,4.0,2.0,107.0,Jardim Paulista,700000.0
128363.0,APARTAMENTO NO GRAND PRIVILEGE,4.0,6.0,2.0,310.0,Jardim Botanico,2699000.0
199217.0,APARTAMENTO NO CENTRO,2.0,2.0,1.0,132.0,Centro,460000.0
239669.0,Apartamento de 42m² com 02 quartos à venda   Jardim Heitor Rigon,2.0,1.0,1.0,42.0,Jardim Heitor Rigon,140000.0
211940.0,Apartamento de 44m² com 01 suíte para locação,1.0,1.0,1.0,44.0,Jardim Recreio,375000.0
151436.0,Apartamento de 69m² com 02 quartos à venda   Jardim Macedo,2.0,1.0,1.0,69.0,Jardim Macedo,210000.0
234635.0,Apartamento de 47m² com 02 quartos para venda,2.0,1.0,1.0,47.0,Reserva Sul Condominio,225000.0
201455.0,APARTAMENTO NA VILA TIBERIO,2.0,2.0,2.0,80.0,Vila Tiberio,390000.0
108875.0,Apartamento de 46 m² com 02 quartos   Parque São Sebastião,2.0,1.0,1.0,46.0,Parque Sao Sebastiao,150000.0
214490.0,Apartamento de 46m² com 01 suíte para locação e venda   Jardim Botânico,1.0,1.0,1.0,46.0,Jardim Botanico,210000.0
240278.0,Apartamento de 49m² com 02 quartos à venda   Residencial Monterrey,2.0,1.0,1.0,49.0,Residencial Monterrey,334000.0
86036.0,Apartamento de 117m² à venda   Jardim Botânico,3.0,4.0,2.0,117.0,Jardim Botanico,780000.0
192653.0,EXCELENTE APARTAMENTO EM BONFIM PAULISTA,2.0,2.0,1.0,42.0,Jardim Santa Cecilia,195000.0
235289.0,Apartamento de 104m² com 03 quartos   Lagoinha,3.0,3.0,2.0,104.0,Lagoinha,480000.0
223838.0,Apartamento de 66m² com 02 quartos sendo 01 suíte à venda   Parque Industrial Lagoinha,2.0,2.0,1.0,66.0,Parque Industrial Lagoinha,265000.0
226157.0,Apartamento de 41m² com 02 quartos à venda   Reserva Real,2.0,1.0,1.0,41.0,Reserva Real,220000.0
217985.0,Apartamento térreo de 104m² com 03 quartos à venda   Campos Elíseos,3.0,2.0,1.0,104.0,Campos Eliseos,290000.0
232517.0,Apartamento de 39m² com 01 quarto à venda   Jardim Sumaré,1.0,1.0,1.0,39.0,Jardim Sumare,446000.0
157934.0,Apartamento de 65m² com 03 quartos à venda   Jardim Palma Travassos,3.0,2.0,1.0,65.0,Jardim Palma Travassos,275000.0
245579.0,Apartamento de 85m² com 02 quartos para venda   Jardim Botânico,2.0,2.0,1.0,85.0,Jardim Botanico,379000.0
196787.0,APARTAMENTO EM EXCELENTE LOCALIZAÇÃO NO CENTRO,1.0,1.0,1.0,52.0,Centro,260000.0
187748.0,Apartamento de 40m² com 02 quartos para locação   Recreio das Acácios,2.0,1.0,1.0,40.0,Recreio das Acacias,223000.0
87194.0,EXCELENTE APARTAMENTO PARA LOCAÇÃO E VENDA NO CAMPOS ELÍSEOS,2.0,1.0,1.0,46.0,Campos Eliseos,180000.0
185282.0,Apartamento   Padrão,2.0,2.0,1.0,72.0,Centro,280000.0
97001.0,apartamento de 37m² com 01 quarto   Centro,1.0,1.0,1.0,37.0,Centro,200000.0
209105.0,Apartamento de 129 m² com 03 quartos para venda   Centro,3.0,3.0,1.0,129.0,Centro,610000.0
68408.0,Apartamento de 02 quartos para venda   Jardim Botânico,2.0,2.0,2.0,83.0,Jardim Botanico,460000.0
187610.0,Apartamento de 41m² com 02 quartos para locação e venda   Reserva Imperial,2.0,1.0,1.0,41.0,Reserva Real,230000.0
191342.0,Apartamento com 02 quartos sendo 01 suíte à venda   Ipiranga,2.0,1.0,1.0,61.0,Ipiranga,270000.0
57818.0,Apartamento de 51m² com 01 quarto   Centro,1.0,1.0,1.0,51.0,Centro,371000.0
122207.0,Apartamento de 75m² com 02 quartos à venda   Vila Tibério,2.0,2.0,2.0,75.0,Vila Tiberio,499000.0
167183.0,APARTAMENTO NO NOVA ALIANÇA,1.0,1.0,1.0,45.0,Nova Alianca,350000.0
155255.0,Apartamento de 80m² com 03 quartos à venda   Bosque das Juritis,3.0,2.0,2.0,80.0,Bosque das Juritis,649000.0
210428.0,Apartamento de 47m² com 01 quarto à venda   Vila Seixas,1.0,1.0,1.0,47.0,Centro,300000.0
189110.0,IMÓVEL NO IPIRANGA,2.0,1.0,1.0,48.0,Ipiranga,170000.0
151097.0,APARTAMENTO PRÓXIMO À AVENIDA BARÃO DO BANANAL,2.0,1.0,1.0,42.0,Parque Industrial Lagoinha,185500.0
177446.0,APARTAMENTO NA AVENIDA CARAMURU,2.0,1.0,1.0,57.0,Republica,186000.0
82664.0,Apartamento   Padrão,3.0,3.0,2.0,96.0,Higienopolis,460000.0
230201.0,Apartamento padrão de 158m² com 03 suítes à venda   Jardim Botânico,3.0,5.0,2.0,158.0,Jardim Botanico,1150000.0
203888.0,Apartamento novo de 51m² com 02 quartos à venda   Jardim Novo Mundo,2.0,1.0,1.0,51.0,Jardim Novo Mundo,263500.79
77309.0,Apartamento de 48m² com 02 quartos para locação e venda   Vila Maria Luiza,2.0,1.0,2.0,48.0,Vila Maria Luiza,240000.0
197120.0,Apartamento de 110m² com 3 quartos à venda   Bonfim Paulista,2.0,3.0,2.0,110.0,Bonfim Paulista,700000.0
198242.0,Apartamento de 118m² com 03 suítes à venda   Jardim Olhos D`Água II,3.0,4.0,2.0,118.0,Jardim Olhos DAgua,820000.0
154964.0,APARTAMENTO PRÓXIMO À AVENIDA MARECHAL COSTA E SILVA,2.0,1.0,1.0,42.0,Campos Eliseos,175000.0
87446.0,Apartamento   Padrão,2.0,1.0,1.0,50.0,Vila Virginia,150000.0
229679.0,Apartamento de 46m² com 02 quartos à   Ipiranga,2.0,1.0,1.0,46.0,Ipiranga,200000.0
244901.0,Apartamento de 42m² com 02 quartos à venda   Jardim José Wilson Toni,2.0,1.0,1.0,42.0,Jardim Jose Wilson Toni,195000.0
86636.0,APARTAMENTO NO BAIRRO JARDIM IRAJÁ,1.0,1.0,2.0,34.0,Jardim Iraja,265000.0
181682.0,APARTAMENTO ALTO PADRÃO PRÓXIMO À AVENIDA BRAZ OLAIA ACOSTA OTIMA OPORTUNIDADE,3.0,4.0,2.0,171.0,Nova Alianca,1600000.0
138836.0,Apartamento de 46m² 01 quarto para locação e venda   Jardim Paulista,1.0,1.0,1.0,46.0,Jardim Paulista,202000.0
219434.0,Apartamento de 65m² com 02 quartos sendo 01 suíte para locação   Nova Aliança,2.0,2.0,2.0,65.0,Nova Alianca,420000.0
175463.0,APARTAMENTO NO RESERVA REAL,2.0,1.0,1.0,41.0,Reserva Real,212000.0
167114.0,APARTAMENTO NA VILA SEIXAS,2.0,2.0,1.0,35.0,Centro,260000.0
170258.0,APARTAMENTO NOVO NO BAIRRO VILA MONTE ALEGRE,2.0,2.0,1.0,61.0,Vila Monte Alegre,275000.0
201746.0,KITNET NO JARDIM CALIFORNIA,1.0,1.0,1.0,25.0,Jardim California,280000.0
172697.0,APARTAMENTO NO QUINTINO FACCI II,2.0,1.0,1.0,42.0,Quintino Facci II,161000.0
245294.0,Apartamento de 50 m² com 2 quartos e Piscina para venda no Jardim Anhanguera.,2.0,1.0,1.0,50.0,Jardim Anhanguera,199000.0
106412.0,Apartamento de 60m² com 01 suíte para locação   City Ribeirão,1.0,2.0,1.0,60.0,City Ribeirao,420000.0
153845.0,LINDO APARTAMENTO NO JARDIM IRAJÁ,2.0,2.0,1.0,82.0,Jardim Iraja,425000.0
92876.0,APARTAMENTO PRÓXIMO À CATEDRAL,2.0,1.0,1.0,65.0,Centro,280000.0
169862.0,APARTAMENTO NO JARDIM INTERLAGOS,2.0,1.0,1.0,43.0,Jardim Interlagos,160000.0
47612.0,Apartamento de 79m² com 03 quartos   Parque Industrial Lagoinha,3.0,2.0,2.0,79.0,Parque Industrial Lagoinha,335000.0
207305.0,Apartamento de 48m² com 2 quartos   Quali NK Residencial,2.0,1.0,1.0,48.0,Jardim Sao Fernando,180000.0
205520.0,Apartamento de 62m² com 02 quartos para locação e venda   Jardim Botânico,2.0,2.0,2.0,62.0,Alamedas do Botanico,780000.0
235439.0,Apartamento de 42m² com 02 quartos para locação e venda   Jardim Heitor Rigon,2.0,1.0,1.0,42.0,Jardim Heitor Rigon,199000.0
177239.0,APARTAMENTO NO RESIDENCIAL GREENVILE,2.0,1.0,1.0,44.0,Residencial Greenville,191000.0
230150.0,Apartamento de 111m² com 03 quartos à venda   Jardim Nova Aliança Sul,3.0,3.0,2.0,111.0,Jardim Nova Alianca Sul,795000.0
238772.0,Apartamento de 47m² com 02 quartos à venda   Alto do Ipiranga,2.0,1.0,1.0,47.0,Alto do Ipiranga,245000.0
243557.0,Apartamento de 49m² com 02 quartos à venda   Sumarezinho,2.0,1.0,1.0,49.0,Sumarezinho,210000.0
100763.0,Apartamento de 125m² com 03 quartos á venda   Jardim Irajá,3.0,3.0,2.0,125.0,Jardim Iraja,750000.0
170300.0,APARTAMENTO NO JARDIM ANHANGUERA,2.0,1.0,1.0,52.0,Jardim Anhanguera,248000.0
132866.0,Apartamento de 48m² com 02 quartos para venda   Parque São Sebastião,2.0,1.0,1.0,48.0,Parque Sao Sebastiao,165000.0
132671.0,APARTAMENTO NO CENTRO 3 DORMITÓRIOS,3.0,4.0,1.0,165.0,Centro,530000.0
142583.0,Apartamento de 63m² com 03 quartos à venda   Jardim Interlagos,3.0,1.0,1.0,63.0,Jardim Interlagos,220000.0
212864.0,Apartamento de 45m² com 02 quartos a venda   Parque Renascer,2.0,1.0,1.0,45.0,Jardim Manoel Penna,160000.0
200228.0,BELÍSSIMO APTO NO NOVA ALIANÇA SUL,3.0,2.0,2.0,80.0,Jardim Nova Alianca Sul,650000.0
244271.0,Apartamento de 85m² com 02 suítes para venda e locação   Nova Aliança,2.0,3.0,2.0,85.0,Nova Alianca,750129.0
137801.0,APARTAMENTO NO VILA VIRGINÍA,2.0,1.0,1.0,55.0,Vila Virginia,138000.0
233303.0,Apartamento de 78m² com 03 quartos para venda   Parque dos Lagos,3.0,2.0,1.0,78.0,Parque dos Lagos,360000.0
90590.0,Apartamento de 99m² com 02 quartos para locação   Centro,2.0,3.0,1.0,99.0,Centro,310000.0
222575.0,Apartamento de 32m² com 01 quarto à venda   Bonfim Paulista,1.0,1.0,1.0,32.0,Loteamento Santa Marta,210000.0
229565.0,Apartamento de 237m² com 03 suítes para venda e locação   Ilhas do Sul,3.0,5.0,4.0,237.0,Jardim Ilhas do Sul,2400000.0
195134.0,Apartamento de 47m² com 02 quartos à venda   Vila Virgínia,2.0,1.0,1.0,47.0,Vila Virginia,260000.0
241172.0,Apartamento de 44m² com 02 quartos à venda   Reserva São José,2.0,1.0,1.0,44.0,Reserva Sao Jose,270000.0
132497.0,Apartamento de 80m² com 03 quartos sendo 1 suíte à venda   Alto da Boa Vista,3.0,2.0,1.0,80.0,Alto da Boa Vista,365000.0
183398.0,APARTAMENTO PARQUE DOS LAGOS,2.0,1.0,1.0,45.0,Parque dos Lagos,197000.0
244703.0,Apartamento de 41m² com 02 quartos para venda e locação   Conjunto Habitacional Sílvio Passalacqua,2.0,1.0,1.0,41.0,Conjunto Habitacional Silvio Passalacqua,150000.0
50009.0,APARTAMENTO NA LAGOINHA,1.0,1.0,1.0,45.0,Parque Industrial Lagoinha,225000.0
134651.0,Apartamento de 02 quartos para venda   Heitor Rigon,2.0,1.0,1.0,42.0,Jardim Heitor Rigon,165000.0
243647.0,Apartamento de 69m² com 02 quartos à venda   Jardim Sumaré,2.0,2.0,2.0,69.0,Jardim Sumare,759000.0
152216.0,APARTAMENTO TÉRREO PRÓXIMO À AVENIDA BARÃO DO BANANAL,2.0,2.0,2.0,64.0,Residencial e Comercial Palmares,250000.0
232412.0,Apartamento 49m² com 02 quartos à venda   Parque Industrial Lagoinha,2.0,2.0,1.0,49.0,Parque Industrial Lagoinha,255000.0
239165.0,Apartamento de 47m² com 01 quarto e varanda gourmet à venda   Vila Monte Alegre,1.0,1.0,1.0,47.0,Vila Monte Alegre,440000.0
181703.0,APARTAMENTO NO RESIDENCIAL DAS AMERICAS,2.0,1.0,1.0,43.0,Residencial das Americas,130000.0
200282.0,Apartamento   Padrão,2.0,2.0,2.0,90.0,Bosque das Juritis,529000.0
192305.0,Apartamento de 46m² com 02 quartos e varanda no térreo à venda no Ipiranga.,2.0,1.0,1.0,46.0,Ipiranga,160000.0
188390.0,APARTAMENTO CENRTO   PRÓXIMO A CATEDRAL ALUGADO!,3.0,3.0,1.0,141.0,Centro,370000.0
232898.0,Apartamento mobiliado de 127m² com 03 suítes para locação e venda   Nova Aliança,3.0,4.0,2.0,127.0,Nova Alianca,1200000.0
82289.0,Apartamento   Padrão,2.0,1.0,1.0,55.0,Vila Virginia,130000.0
236177.0,Apartamento de 97m² com 3 quartos à venda   Jardim Irajá.,3.0,1.0,1.0,97.0,Jardim Iraja,404500.0
151808.0,Apartamento de 46m² com 02 quartos à venda   Ribeirânia,2.0,1.0,1.0,46.0,Ribeirania,215000.0
217361.0,Apartamento de 88m² com 03 quartos à venda   Centro,3.0,2.0,1.0,88.0,Centro,403000.0
207722.0,Apartamento de 237m² com 03 suítes à venda   Ilhas do Sul,3.0,5.0,4.0,237.0,Jardim Ilhas do Sul,1900000.0
216410.0,Apartamento de 77m² com 02 quartos para locação   Jardim Nova Aliança Sul,2.0,2.0,1.0,77.0,Jardim Nova Alianca Sul,520000.0
118373.0,Apartamento   Padrão,2.0,2.0,1.0,55.0,Jardim Zara,192000.0
234233.0,Apartamento de 345m² com 04 suítes à venda   Residencial Morro do Ipê,3.0,5.0,4.0,345.0,Residencial Morro do Ipe,3500000.0
227678.0,Apartamento de 153m² com 04 suítes à venda   Jardim Olhos D`Água,4.0,6.0,3.0,153.0,Jardim Olhos DAgua,1156374.0
231989.0,Apartamento de 71m² com 02 quartos à venda   Bosque das Juritis,2.0,2.0,2.0,71.0,Bosque das Juritis,620000.0
82700.0,Apartamento de 109m² com 03 quartos para venda   Centro,3.0,2.0,1.0,109.0,Centro,330000.0
178529.0,Apartamento de 68m² com 03 quartos á venda e para locação   Centro,3.0,2.0,1.0,68.0,Alto da Boa Vista,340000.0
104780.0,Apartamento de 75m² com 03 quartos sendo 01 suíte à venda  Planalto Verde,3.0,2.0,1.0,75.0,Planalto Verde,270000.0
178496.0,Apartamento   Padrão,2.0,1.0,1.0,42.0,Jardim Jose Wilson Toni,190000.0
26963.0,Apartamento de 39m² com 01 suíte para venda   Vila Seixas,1.0,1.0,1.0,39.0,Vila Seixas,185000.0
105659.0,Apartamento de 02 quartos para locação   Jardim Sumaré,2.0,1.0,1.0,49.0,Jardim Sumare,190000.0
213689.0,Apartamento térreo de 43m² com 02 quartos à venda   Jardim Interlagos,2.0,1.0,1.0,43.0,Jardim Interlagos,225000.0
201431.0,APARTAMENTO NO JARDIM SUMARÉ,3.0,2.0,1.0,59.0,Jardim Sumare,220000.0
137177.0,APARTAMENTO NOS CAMPOS ELÍSEOS,3.0,2.0,1.0,47.0,Campos Eliseos,160000.0
174860.0,EXCELENTE APARTAMENTO RESIDENCIAL VITTA II   HEITOR RIGON,2.0,1.0,1.0,43.0,Jardim Heitor Rigon,165000.0
211187.0,Apartamento de 87m² 02 quartos à venda   Jardim Zara,2.0,2.0,1.0,87.0,Jardim Zara,320000.0
113390.0,Apartamento   Padrão,2.0,1.0,1.0,42.0,Ribeirao Verde,150000.0
203882.0,Apartamento novo de 49m² com 02 quartos à venda   Jardim Novo Mundo,2.0,1.0,1.0,49.0,Jardim Novo Mundo,275923.33
171122.0,APARTAMENTO NP JARDIM PALMA TRAVASSOS,2.0,1.0,1.0,52.0,Jardim Palma Travassos,186000.0
111671.0,Apartamento de 118m² com 03 suítes à venda   Jardim Saint Gerard,4.0,3.0,2.0,118.0,Jardim Saint Gerard,1200000.0
128372.0,Apartamento de 310m² com 04 quartos à venda   Jardim Botânico,4.0,7.0,2.0,310.0,Jardim Botanico,3040000.0
120941.0,Apartamento de 75m² com 2 quartos à venda no Parque Industrial Lagoinha.,2.0,2.0,1.0,75.0,Parque Industrial Lagoinha,400000.0
103598.0,Apartamento de 30m² com 01 quarto e varanda à venda   Nova Aliança,1.0,1.0,1.0,30.0,Nova Alianca,260000.0
164552.0,APARTAMENTO EM ÓTIMA LOCALIZAÇÃO PRÓXIMO AO ATACADÃO,2.0,1.0,1.0,42.0,Quintino Facci II,170000.0
33935.0,APARTAMENTO PRÓXIMO À AVENIDA CARAMURU,1.0,1.0,1.0,42.0,Centro,135000.0
159908.0,Apartamento de 45m² com 02 quartos para venda mobiliado   João Rossi,2.0,1.0,4.0,45.0,Nova Alianca,129000.0
178154.0,APARTAMENTO QUINTINO FACCI II,2.0,1.0,1.0,48.0,Quintino Facci II,120000.0
132023.0,Apartamento de 60m² com 03 quartos à venda no Jardim Palma Travassos,3.0,2.0,2.0,60.0,Jardim Palma Travassos,299000.0
167921.0,Apartamento de 113m² com 03quartos para venda   Jardim Olhos d`água,3.0,3.0,2.0,113.0,Jardim Olhos DAgua,1100000.0
179345.0,Apartamento de 49m² com 02 quartos à venda   City Ribeirão,2.0,1.0,1.0,49.0,City Ribeirao,401428.0
170273.0,Apartamento à venda com 2 quartos   Jardim Olhos D`Água,2.0,2.0,2.0,74.0,Bonfim Paulista,751248.0
212750.0,Apartamento de 298m² com 04 suítes à venda   Jardim Olhos D`Água,4.0,7.0,4.0,298.0,Jardim Olhos DAgua,2490000.0
182717.0,APARTAMENTO PRÓXIMO À AVENIDA 9 DE JULHO,3.0,3.0,1.0,139.0,Centro,330000.0
134900.0,APARTAMENTO JARDIM MANOEL PENNA,2.0,1.0,1.0,46.0,Jardim Manoel Penna,200000.0
216779.0,Apartamento de 107m² com 03 quartos à venda   Centro,3.0,3.0,1.0,107.0,Centro,285000.0
118277.0,Apartamento de 183m² com 03 suítes à venda   Jardim Botânico,3.0,5.0,3.0,183.0,Jardim Botanico,1420000.0
120887.0,Apartamento de 58m² com 02 quartos para locação   Ribeirânia,2.0,2.0,1.0,58.0,Ribeirania,500000.0
179333.0,ÓTIMO APARTAMENTO NO MONTE ALEGRE,2.0,2.0,1.0,84.0,Vila Monte Alegre,310000.0
206240.0,Apartamento duplex de 78m² com 01 suíte à venda   Jardim São Luiz,1.0,2.0,1.0,78.0,Jardim Sao Luiz,300000.0
176894.0,APARTAMENTO NO JARDIM DIVA TARLÁ DE CARVALHO,2.0,1.0,1.0,43.0,Jardim Diva Tarla de Carvalho,150000.0
188615.0,Apartamento de 02 quartos para locação   Ipiranga,2.0,1.0,1.0,42.0,Ipiranga,195000.0
163787.0,APARTAMENTO NO JARDIM HELENA,2.0,1.0,1.0,40.0,Reserva Real,135000.0
93527.0,Apartamento   Padrão,2.0,1.0,1.0,55.0,Vila Virginia,190000.0
232124.0,Apartamento de 49m² com 1 quarto para locação   Ribeirânia,1.0,1.0,1.0,49.0,Ribeirania,450000.0
116132.0,"Apartamento de 86m² com 02 quartos à venda   516,98",3.0,2.0,1.0,86.0,Jardim Interlagos,300000.0
209798.0,Apartamento de 72m² com 03 quartos à venda   Vila Mariana,3.0,2.0,2.0,72.0,Independencia,330000.0
225893.0,Apartamento novo de 42 m² com 02 quartos à venda   Quintino Facci II,2.0,1.0,1.0,42.0,Quintino Facci II,185000.0
76943.0,APARTAMENTO NO JARDIM PALMA TRAVASSOS,3.0,2.0,1.0,130.0,Jardim Palma Travassos,371000.0
139487.0,APARTAMENTO NO PARQUE DOS LAGOS,2.0,1.0,1.0,45.0,Parque dos Lagos,139000.0
203729.0,APARTAMENTO NO BAIRRO BOSQUE DAS JURITIS,1.0,1.0,1.0,40.0,Bosque das Juritis,340000.0
98009.0,Apartamento de 98m² com 02 quartos à venda   Alto da Boa Vista,2.0,1.0,1.0,98.0,Alto da Boa Vista,390000.0
15893.0,Apartamento de 37m² com 01 quarto à venda   Jardim Nova Aliança,1.0,1.0,1.0,37.0,Nova Alianca,200000.0
215432.0,Apartamento de 252m² com 03 suítes à venda   Centro,4.0,5.0,3.0,252.0,Centro,1250000.0
196370.0,APARTAMENTO NO JARDIM PAULISTA,2.0,2.0,1.0,72.0,Jardim Paulista,380000.0
150962.0,APARTAMENTO PRÓXIMO À AVENIDA JOSÉ ANTÔNIO FERRARI,2.0,1.0,1.0,41.0,Reserva Real,223000.0
218867.0,Apartamento de 53m² com 02 quartos à venda   Jardim Paulista,2.0,2.0,1.0,53.0,Jardim Paulista,333000.0
111902.0,LINDO APARTAMENTO PRÓXIMO AO SHOPPING SANTA ÚRSULA,2.0,2.0,1.0,129.0,Centro,400000.0
107666.0,Apartamento de 46m² com 01 quartos para locação   Vila Seixas,1.0,1.0,1.0,46.0,Vila Seixas,255000.0
137939.0,Apartamento de 82m² com 03 quartos para venda   Jardim Palma Travassos,3.0,2.0,1.0,82.0,Jardim Castelo Branco,370000.0
157889.0,Apartamento de 51m² com 02 quartos para venda   Presidente Médici,2.0,1.0,1.0,51.0,Presidente Medici,240000.0
121874.0,EXCELENTE APARTAMENTO NA ZONA SUL,1.0,1.0,1.0,46.0,Jardim Botanico,280000.0
240062.0,Apartamento de 63m² com 02 quartos à venda  Jardim Interlagos,2.0,1.0,1.0,63.0,Jardim Interlagos,220000.0
229214.0,Apartamento de 214m² com 03 suítes à venda   Bosque das Juritis,3.0,5.0,3.0,214.0,Bosque das Juritis,1800000.0
211505.0,Apartamento de 132m² com 03 suítes à venda   Jardim Botânico,3.0,5.0,2.0,132.0,Jardim Botanico,1275000.0
68102.0,Apartamento   Padrão,1.0,1.0,1.0,40.0,Jardim America,280000.0
135893.0,APARTAMENTO NO CENTRO,3.0,2.0,1.0,107.0,Alto da Boa Vista,360000.0
59174.0,Apartamento de 81m² com 02 quartos para venda   Jardim Paulista,2.0,1.0,2.0,81.0,Jardim Paulista,435000.0
98822.0,Apartamento de 110m² com 03 quartos à venda   Jardim Paulista,3.0,2.0,2.0,110.0,Jardim Paulista,450000.0
89939.0,Apartamento de 69m² 02 quarto sendo 01 suíte para locação e venda   Nova Aliança,2.0,2.0,1.0,69.0,Nova Alianca,370000.0
226349.0,Apartamento de 44m² com 02 quartos à venda   Residencial Greenville,2.0,1.0,1.0,44.0,Residencial Greenville,210000.0
22439.0,Apartamento com 92m² com 3 quartos à venda   Jardim Irajá,3.0,2.0,1.0,92.0,Jardim Iraja,350000.0
138995.0,Apartamento de 134m² com 03 suítes à venda   Jardim Olhos D`Água II,3.0,3.0,2.0,134.0,Jardim Olhos DAgua,1115775.0
216275.0,Apartamento térreo de 71m² com 03 quartos à venda   Jardim Irajá,3.0,2.0,1.0,71.0,Condominio Itamaraty,349900.0
159512.0,Apartamento de 57m² com 2 quartos   Jardim Nova Aliança.,2.0,2.0,1.0,57.0,Nova Alianca,540000.0
99629.0,APARTAMENTO NO JARDIM PAULISTA,2.0,3.0,1.0,72.0,Jardim Paulista,265000.0
232688.0,Apartamento de 43m² com 02 quartos à venda   Parque dos Lagos,2.0,1.0,1.0,43.0,Jardim Interlagos,250000.0
157772.0,Apartamento de 92m² com 03 quartos à venda   Parque dos Bandeirantes,3.0,2.0,1.0,92.0,Parque dos Bandeirantes,340000.0
214952.0,Apartamento de 87m² com 02 suítes à venda   Jardim Olhos D`Água II,2.0,3.0,2.0,87.0,Jardim Olhos DAgua,864974.0
241670.0,Apartamento de 42m² com 02 quartos à venda   Planalto Verde,2.0,1.0,1.0,42.0,Planalto Verde,175000.0
208883.0,Apartamento de 160m² com 03 suítes para locação   Jardim Botânico,4.0,5.0,3.0,160.0,Jardim Botanico,1250000.0
160217.0,APARTAMENTO 3 DORMITÓRIOS PR[OXIMO SHOPPING IGUATEMI,3.0,3.0,2.0,97.0,Jardim Nova Alianca Sul,744000.0
84452.0,Apartamento mobiliado de 38m² com 01 quarto para locação e venda   Jardim Botânico,1.0,1.0,1.0,38.0,Jardim Botanico,320000.0
220331.0,Apartamento de 127m² com 03 quartos à venda   Centro,3.0,3.0,1.0,127.0,Vila Seixas,449000.0
226289.0,Apartamento de 61m² com 02 quartos à venda   Quinta da Primavera,2.0,2.0,1.0,61.0,Quinta da Primavera,530000.0
128867.0,*****LINDO APARTAMENTO******,2.0,1.0,1.0,45.0,Jardim Interlagos,170000.0
236363.0,Apartamento de 302m² com 04 suítes para venda e locação   Mirante Morro do Ipê,4.0,6.0,4.0,302.0,Residencial Morro do Ipe,2700000.0
224279.0,Apartamento de 60m² com 02 quartos para locação   Planalto Verde,2.0,1.0,1.0,60.0,Planalto Verde,220000.0
103847.0,Apartamento   Padrão,2.0,1.0,1.0,46.0,Jardim das Palmeiras,120000.0
152702.0,Apartamento de 02 quartos para locação   Vila Virginia,2.0,1.0,1.0,42.0,Vila Virginia,158000.0
244274.0,Apartamento de 85m² com 03 quartos para venda e locação   Nova Aliança,2.0,3.0,2.0,85.0,Nova Alianca,750179.0
215060.0,Apartamento de 61m² com 02 quartos à venda   Reserva San Pedro,2.0,2.0,1.0,61.0,Loteamento Santa Marta,365430.26
238073.0,Apartamento de 75m² com 02 quartos à venda   Presidente Médici,2.0,1.0,1.0,75.0,Presidente Medici,280000.0
166331.0,Apartamento de 47m² com 01 quarto   Vila Seixas,1.0,1.0,1.0,47.0,Vila Seixas,250000.0
98000.0,APARTAMENTO NO JARDIM CALIFÓRNIA,1.0,1.0,1.0,36.0,Jardim California,215000.0
183074.0,APARTAMENTO PRÓXIMO À UNIVERSIDADE BARÃO DE MAUÁ,2.0,1.0,1.0,52.0,Jardim Palma Travassos,145000.0
93056.0,Apartamento de 71m² com 03 quartos para locação e venda   Jardim Independência,3.0,1.0,1.0,71.0,Independencia,300000.0
234419.0,Apartamento de 124m² com 03 suítes para venda   Jardim Olhos D`água,3.0,4.0,2.0,124.0,Bonfim Paulista,950000.0
121670.0,"KIT NO CENTRO, PRÓXIMO AO COC",1.0,1.0,1.0,34.0,Centro,140000.0
124829.0,Apartamento   Padrão,2.0,1.0,1.0,42.0,Jardim Heitor Rigon,130000.0
178514.0,OPORTUNIDADE APARTAMENTO NA LAFAEITE VILA SEIXAS,3.0,2.0,1.0,102.0,Vila Seixas,430000.0
214226.0,Apartamento térreo de 43m² com 02 quartos à venda   Sumarezinho,2.0,1.0,1.0,43.0,Sumarezinho,235000.0
141920.0,Apartamento de 75m² com 02 quartos para locação e venda   Jardim Nova Aliança,2.0,2.0,2.0,75.0,Nova Alianca,510000.0
182714.0,Apartamento de 46m² com 02 quartos à venda e locação   Ipiranga,2.0,1.0,1.0,46.0,Ipiranga,190000.0
212678.0,Apartamento de 51m² com 02 quartos para locação e venda   Jardim Novo Mundo,2.0,1.0,1.0,51.0,Jardim Novo Mundo,295000.0
121772.0,APARTAMENTO NO IRAJA,3.0,2.0,1.0,85.0,Jardim Iraja,393000.0
214568.0,Apartamento de 49m² com 01 quarto à venda   Jardim Castelo Branco,1.0,1.0,1.0,49.0,Jardim Castelo Branco,106000.0
92798.0,APARTAMENTO NO CENTRO!,3.0,2.0,1.0,103.0,Centro,310000.0
239516.0,Apartamento de 227m² com 04 suítes à venda   Jardim Ilhas do Sul,3.0,5.0,4.0,227.0,Jardim Ilhas do Sul,1800000.0
141107.0,Apartamento de 71m² com 02 quartos sendo 01 suíte á venda   Centro,2.0,2.0,1.0,71.0,Bonfim Paulista,510000.0
150029.0,APARTAMENTO COM LAZER COMPLETO,2.0,1.0,1.0,46.0,Vila Virginia,180000.0
158054.0,Apartamento de 44m² com 02 quartos para locação e venda   Quintas de São José,2.0,1.0,1.0,44.0,Quintas de Sao Jose,335000.0
130055.0,Apartamento de 40m² com 01 quartos à venda   Jardim Califórnia,1.0,1.0,1.0,40.0,Jardim California,190000.0
86588.0,Apartamento de 37m² com 01 quarto para locação   Jardim Irajá,1.0,1.0,1.0,37.0,Jardim Iraja,200000.0
153569.0,Apartamento de 70m² com 03 quartos à venda   Planalto Verde,3.0,2.0,1.0,70.0,Planalto Verde,300000.0
223835.0,Apartamento de 65m² com 02 quartos sendo 01 suíte à venda   Jardim Botânico,2.0,2.0,1.0,65.0,Jardim Botanico,330000.0
241160.0,Apartamento de 40m com 01 quarto à venda   Parque dos Bandeirantes,1.0,1.0,1.0,40.0,Parque dos Bandeirantes,187000.0
85400.0,Apartamento de 98m² com 03 quartos à venda   Santa Cruz do José Jacques,3.0,3.0,2.0,98.0,Santa Cruz do Jose Jacques,541000.0
239342.0,Apartamento de 95m² com 03 quartos para venda   Bosque das Juritis,3.0,3.0,2.0,95.0,Bosque das Juritis,874500.0
146696.0,APARTAMENTO PRÓXIMO À RUA JAVARI,2.0,1.0,1.0,46.0,Residencial das Americas,160000.0
221678.0,Apartamento de 218m² com 03 suítes à venda   Bosque das Juritis,3.0,5.0,3.0,218.0,Bosque das Juritis,1860000.0
242795.0,Apartamento terreo de 42m² com 02 quartos à venda   Jardim Santa Cecilia,2.0,1.0,1.0,42.0,Jardim Santa Cecilia,190000.0
202586.0,Apartamento de 62m² com 02 quartos para locação e venda   Palmares,2.0,2.0,1.0,62.0,Residencial e Comercial Palmares,218000.0
232268.0,Apartamento de 227m² com 03 suítes à venda   Ilhas do Sul,3.0,5.0,2.0,227.0,Jardim Ilhas do Sul,1895000.0
237476.0,Apartamento de 132m² com 03 suítes à venda  Jardim Botânico,3.0,4.0,2.0,132.0,Jardim Botanico,1150000.0
239996.0,Apartamento de 138 m² com 03 quartos à venda  Jardim Sumaré.,3.0,4.0,3.0,138.0,Jardim Sumare,539000.0
223892.0,Apartamento de 42m² com 02 quartos à venda   Jardim José Wilson Toni,2.0,1.0,1.0,42.0,Jardim Jose Wilson Toni,149000.0
58454.0,Apartamento de 45m² com 01 suíte   Jardim Paulista,1.0,1.0,1.0,45.0,Jardim Paulista,300000.0
170801.0,APARTAMENTO NO PARQUE INDUSTRIAL LAGOINHA,3.0,2.0,1.0,66.0,Parque Industrial Lagoinha,270000.0
57284.0,Apartamento de 43m² com 01 quarto para locação e venda   Vila Seixas,1.0,1.0,1.0,43.0,Vila Seixas,215000.0
218714.0,Apartamento de 152m² com 04 quartos para locação e venda   Nova Aliança,4.0,5.0,3.0,152.0,Nova Alianca,1300000.0
183395.0,Exclusividade   Apartamento de 02 dormitórios para locação   Residencial das Américas,2.0,1.0,1.0,46.0,Residencial das Americas,145000.0
67151.0,Apartamento de 41m² com 01 quarto à venda   Vila Amélia,1.0,1.0,1.0,41.0,Vila Amelia,195000.0
207230.0,Apartamento de 442m² com 04 quartos à venda   Centro,4.0,5.0,4.0,442.0,Centro,890000.0
79994.0,Apartamento de 78m² com 02 quartos para locação e venda   Centro,2.0,3.0,1.0,78.0,Centro,250000.0
210080.0,Apartamento de 129m² com 03 quartos à venda   Centro,3.0,2.0,1.0,129.0,Centro,520000.0
137456.0,APARTAMENTO NO JARDIM IRAJÁ,3.0,3.0,1.0,115.0,Jardim Iraja,742000.0
122978.0,Apartamento de 01 quarto para locação   Jardim Paulista,1.0,1.0,1.0,51.0,Jardim Paulistano,170000.0
98003.0,APARTAMENTO NO JARDIM BOTÂNICO,1.0,1.0,1.0,40.0,Bosque das Juritis,310000.0
144266.0,APARTAMENTO PRÓXIMO À RODOVIA ANHANGUERA,2.0,1.0,1.0,42.0,Ribeirao Verde,155000.0
213872.0,Apartamento de 77m² com 02 quartos à venda   Campos Elíseos,2.0,1.0,1.0,77.0,Campos Eliseos,220000.0
201044.0,Excelente apartamento na Zona Sul,2.0,2.0,1.0,52.0,Quintas de Sao Jose,320000.0
240815.0,Apartamento de 44m² com 02 quartos para venda   Recreio das Acácias,2.0,1.0,1.0,44.0,Recreio das Acacias,219999.0
172091.0,Apartamento de 48m² com 02 quartos   Bonfim Paulista,2.0,1.0,1.0,48.0,Jardim Sao Fernando,170000.0
189911.0,APARTAMENTO NO RESIDENCIAL JEQUITIBA,2.0,1.0,1.0,41.0,Residencial Jequitiba,215000.0
242699.0,Apartamento de 40m² com 02 quartos à venda   Jardim Cybelli,2.0,1.0,1.0,40.0,Jardim Cybelli,180000.0
127049.0,Apartamento de 70m² com 03 quartos para venda   Nova Ribeirânia,3.0,2.0,1.0,70.0,Nova Ribeirania,300000.0
178841.0,Apartamento de 52m² com 02 quartos à venda   Jardim José Figueira,2.0,1.0,1.0,52.0,Jardim Jose Figueira,155000.0
213521.0,Apartamento de 72m² com 02 quartos à venda   Sumarezinho,2.0,2.0,1.0,72.0,Sumarezinho,490000.0
167729.0,APARTAMENTO NO CENTRO,4.0,3.0,1.0,119.0,Centro,370000.0
115805.0,APARTAMENTO PRÓXIMO À USP,2.0,1.0,1.0,46.0,Sumarezinho,195000.0
196025.0,Apartamento mobiliado de 35m² com 01 quarto à venda   Vila Amélia,1.0,1.0,1.0,35.0,Vila Amelia,500000.0
241328.0,Apartamento de 101m² com 03 quartos à venda   Bairro Jardim Nova Aliança Sul,3.0,3.0,2.0,101.0,Jardim Nova Alianca Sul,759000.0
87896.0,Apartamento de 99m² com 03 quatos sendo 01 suíte para venda   Vila Tibério,3.0,2.0,1.0,99.0,Vila Tiberio,350000.0
231095.0,Apartamento de 43m² com 02 quartos à venda   Reserva Macaúba,2.0,1.0,1.0,43.0,Reserva Macauba,145000.0
137681.0,Apartamento de 47 m² com 02 quartos à venda   Condomínio Mirante Sul.,2.0,1.0,1.0,47.0,Condominio Mirante Sul,239000.0
95558.0,APARTAMENTO TÉRREO PRÓXIMO A JAVARI,2.0,1.0,2.0,61.0,Ipiranga,170000.0
218942.0,Apartamento mobiliado de 123 m² com 03 suítes à venda   Jardim Botânico,3.0,4.0,2.0,123.0,Jardim Botanico,1350000.0
122186.0,Apartamento de 173m² com 04 quartos à venda   Centro,4.0,4.0,2.0,173.0,Centro,750000.0
221204.0,Apartamento de 43m² com 02 quartos para locação   Jardim Diva Tarlá de Carvalho,2.0,1.0,1.0,43.0,Jardim Diva Tarla de Carvalho,160000.0
174887.0,Apartamento de 67m² com 02 quartos   Jardim Irajá,2.0,1.0,1.0,67.0,Jardim Iraja,450000.0
216764.0,Apartamento de 107m² com 04 quartos para locação   Jardim Botânico,4.0,3.0,2.0,107.0,Jardim Botanico,1100000.0
224300.0,Apartamento de 42m² com 02 quartos para venda   Jardim Florestan Fernandes,2.0,1.0,1.0,42.0,Jardim Florestan Fernandes,179000.0
219914.0,Apartamento de 48m² com 02 quartos à venda   Quintino Facci II,2.0,1.0,1.0,48.0,Quintino Facci II,170000.0
28643.0,Apartamento de 03 quartos para locação   Jardim Irajá,3.0,2.0,1.0,91.0,Jardim Iraja,325000.0
180518.0,Apartamento   Padrão,3.0,2.0,1.0,85.0,Residencial e Comercial Palmares,250000.0
176480.0,APARTAMENTO NO JARDIM PAULISTANO,3.0,4.0,1.0,135.0,Jardim Paulistano,450000.0
126713.0,Apartamento de 74m² com 03 quartos à venda   Centro,2.0,3.0,2.0,74.0,Centro,500000.0
225410.0,Apartamento de 43m² com 02 quartos à venda   Reserva Macaúba,2.0,1.0,1.0,43.0,Reserva Macauba,235000.0
164939.0,Apartamento   Padrão,2.0,1.0,1.0,48.0,Geraldo Correia de Carvalho,165000.0
145007.0,Apartamento de 82m² com 02 quartos à venda   Jardim Paulista,2.0,2.0,2.0,82.0,Jardim Paulista,450000.0
219164.0,Apartamento de 103m² com 03 quartos sendo 01 suíte à venda   Centro,3.0,3.0,1.0,103.0,Centro,420000.0
207194.0,Apartamento de 92m² com 03 quartos   Centro,3.0,2.0,1.0,92.0,Centro,320000.0
142502.0,EXCELENTE APARTAMENTO PARA LOCAÇÃO NO JARDIM INTERLAGOS,2.0,2.0,1.0,57.0,Jardim Interlagos,355000.0
214811.0,Apartamento de 239m² com 04 suítes   Jardim Botânico,4.0,5.0,3.0,239.0,Jardim Botanico,1811110.0
135644.0,APARTAMENTO NO JARDIM INTERLAGOS,3.0,1.0,1.0,63.0,Jardim Interlagos,225000.0
67538.0,Apartamento de 44m² com 01 quarto à venda   Jardim Sumaré,1.0,1.0,1.0,44.0,Jardim Sumare,280000.0
197279.0,Apartamento de 46m² com 01 quarto para locação   Nova Aliança,1.0,1.0,1.0,46.0,Nova Alianca,430000.0
163211.0,Apartamento de 53m² com 02 quartos à venda   Parque São Sebastião,2.0,1.0,1.0,53.0,Parque Sao Sebastiao,270900.0
204839.0,Apartamento de 95m² com 03 quartos à venda   Bosque das Juritis,3.0,3.0,2.0,95.0,Bosque das Juritis,990000.0
105053.0,Apartamento   Padrão,3.0,4.0,2.0,118.0,Jardim Botanico,530000.0
180332.0,Apartamento de 35m² com 01 quartos para locação e venda   Vila Seixas,1.0,1.0,1.0,35.0,Vila Seixas,290000.0
105878.0,EXCELENTE APARTAMENTO CENTRO 1 DORMITÓRIO,1.0,1.0,1.0,37.0,Vila Seixas,190000.0
208622.0,Apartamento de 42m² com 02 quartos   Parque Industrial Lagoinha,2.0,1.0,1.0,42.0,Parque Industrial Lagoinha,200000.0
179804.0,Apartamento de 58m² com 02 quartos   Campos Eliseos,2.0,1.0,1.0,58.0,Campos Eliseos,250000.0
200123.0,APARTAMENTO NO CAMPOS ELÍSEOS,2.0,1.0,1.0,120.0,Campos Eliseos,650000.0
204995.0,Apartamento de 47m² com 02 quartos à venda   Alto do Ipiranga,2.0,1.0,1.0,47.0,Alto do Ipiranga,215000.0
169436.0,APARTAMENTO NO JARDIM PALMA TRAVASSOS,3.0,3.0,1.0,88.0,Jardim Palma Travassos,360000.0
137660.0,Apartamento de 105m² com 03 suítes à venda   Quinta da Primavera,3.0,4.0,2.0,105.0,Quinta da Primavera,800000.0
120785.0,Apartamento de 02 quartos para locação   Campos Elíseos,2.0,1.0,1.0,47.0,Campos Eliseos,260000.0
242924.0,Apartamento de 48m² com 02 quartos à venda   Residencial Jequitibá,2.0,1.0,1.0,48.0,Residencial Jequitiba,192000.0
242612.0,Apartamento de 42m² com 02 quartos à venda   Valentina Figueiredo,2.0,1.0,1.0,42.0,Valentina Figueiredo,220000.0
187016.0,"LINDO APARTAMENTO , NO PARQUE DOS LAGO",2.0,1.0,1.0,49.0,Parque dos Lagos,200000.0
243143.0,Apartamento de 54m² com 02 quartos à venda   Santa Cruz do José Jacques,2.0,1.0,1.0,54.0,Santa Cruz do Jose Jacques,650000.0
235889.0,Apartamento de 80m² com 03 suítes para venda   Jardim Olhos D`água,3.0,4.0,1.0,80.0,Bonfim Paulista,1700000.0
198740.0,Apartamento de 847m² com 03 quartos para locação   Jardim Sumaré,3.0,2.0,2.0,84.32,Jardim Sumare,340000.0
244520.0,Apartamento de 43m² com 02 quartos à venda   Valentina Figueiredo,2.0,1.0,1.0,43.0,Valentina Figueiredo,195000.0
240986.0,Apartamento de 145m² com 03 suítes planejadas à venda   Jardim Irajá,3.0,5.0,2.0,145.0,Jardim Iraja,1200000.0
155357.0,Apartamento de 79m² com 03 quartos para venda   Jardim Mosteiro,3.0,2.0,1.0,79.0,Jardim Mosteiro,250000.0
182480.0,Apartamento Porteira fechada de 170m² com 03 suítes à venda   Vila do Golfe,3.0,5.0,3.0,170.0,Vila do Golf,1950000.0
164522.0,Apartamento de 64m² com 02 quartos para locação e venda   Vila Monte Alegre,2.0,2.0,1.0,64.0,Vila Monte Alegre,390000.0
238769.0,Apartamento de 69m² com 02 quartos à venda   Jardim Olhos D´Água,2.0,2.0,1.0,69.0,Jardim Olhos DAgua,565000.0
201686.0,APARTAMENTO NA VILA TAMANDARÉ,3.0,2.0,1.0,97.0,Vila Tamandare,265000.0
227486.0,Apartamento de 54m² com 02 quartos para locação e venda   Jardim Palma Travassos,2.0,2.0,1.0,54.0,Jardim Palma Travassos,384000.0
172223.0,Apartamento de 216m² com 03 quartos à venda   Centro,3.0,4.0,1.0,216.0,Vila Seixas,420000.0
141116.0,Apartamento de 69m² com 03 quartos sendo 01 suíte à venda   Centro,3.0,3.0,1.0,69.0,Centro,250000.0
146567.0,Apartamento de 42m² com 02 quartos para locação   Jardim Santa Cecilia,2.0,1.0,1.0,42.0,Jardim Santa Cecilia,170000.0
69947.0,Apartamento de 65 m² com 2 quartos  Centro,2.0,2.0,1.0,65.0,Centro,250000.0
234503.0,Apartamento de 51m² com 2 quartos à venda   Residencial Greenville,2.0,1.0,1.0,51.0,Residencial Greenville,225000.0
239141.0,Apartamento de 75m² com 03 quartos sendo 01 suíte à venda   Jardim Botanico,3.0,2.0,2.0,75.0,Jardim Botanico,460000.0
229883.0,Apartamento de 49m² com 02 quartos para venda   Jardim Palma Travassos,2.0,1.0,1.0,49.0,Jardim Palma Travassos,185000.0
201161.0,Apartamento de 34m² com 01 quarto à venda e locação   Vila Monte Alegre,1.0,1.0,1.0,34.0,Vila Monte Alegre,160000.0
129674.0,APARTAMENTO REFORMADO NO CENTRO,3.0,4.0,1.0,168.0,Centro,365000.0
134441.0,Apartamento de 49m² com 02 quartos para locação e venda   Jardim Irajá,2.0,1.0,1.0,49.0,Jardim Iraja,310000.0
112700.0,APARTAMENTO NO SUMAREZINHO,2.0,2.0,1.0,65.0,Vila Maria Luiza,300000.0
170471.0,APARTAMENTO NO CENTRO,4.0,4.0,2.0,59.0,Centro,410000.0
205598.0,Apartamento térreo de 48m² com 02 quartos à venda   Jardim Heitor Rigon,2.0,1.0,1.0,48.0,Jardim Heitor Rigon,148400.0
178997.0,Apartamento de 01 quarto para locação   Vila Amélia,1.0,1.0,1.0,34.0,Vila Monte Alegre,160000.0
103469.0,Apartamento de 60m² com 02 quartos   Jardim Botânico,2.0,2.0,1.0,60.0,Jardim Botanico,380000.0
133931.0,Apartamento de 126m² com 03 suítes à venda   Jardim Botânico,3.0,4.0,2.0,126.0,Jardim Botanico,1049000.0
209693.0,Apartamento de 155m² com 03 suítes à venda   Bosque das Juritis,3.0,4.0,3.0,155.0,Bosque das Juritis,1550000.0
242693.0,Apartamento de 73m² com 02 quartos 02 banheiros para venda   Nova Ribeiraria,2.0,2.0,1.0,73.0,Nova Ribeirania,339900.0
228608.0,Apartamento de 47m² com 02 quartos à venda   Jardim José Figueira,2.0,1.0,1.0,47.0,Jardim Jose Figueira,140000.0
220775.0,Apartamento de 169m² com 03 suítes e porteira fechada à venda   Jardim Botânico,3.0,4.0,3.0,169.0,Jardim Botanico,1500000.0
62921.0,APARTAMENTO PRÓXIMO À UNAERP,3.0,3.0,1.0,118.0,Jardim Palma Travassos,480000.0
207113.0,Apartamento de 55m com 01 quarto   Centro,1.0,1.0,1.0,55.0,Centro,320000.0
227963.0,Apartamento de 42 m² com 02 quartos à venda   Vila Virgínia,2.0,1.0,1.0,42.0,Vila Virginia,200000.0
205715.0,Apartamento de 52m² com 02 quartos à venda   Jardim Zara,2.0,2.0,1.0,52.0,Jardim Zara,269900.0
232847.0,Apartamento a venda   02 quartos no bairro Jardim Palma Travassos,2.0,2.0,1.0,62.0,Jardim Palma Travassos,380000.0
216215.0,Apartamento de 42m² com 02 quartos para locação   Ribeirão Verde,2.0,1.0,1.0,42.0,Ribeirao Verde,130000.0
127706.0,Apartamento de 50m² com 02 quartos à venda   Jardim Anhanguera,2.0,1.0,1.0,50.0,Jardim Anhanguera,310000.0
85481.0,APARTAMENTO NO CENTRO COM 2 DORMITÓRIOS,2.0,2.0,1.0,65.0,Centro,280000.0
220742.0,Apartamento de 47m² com 02 quartos à venda   Campos Elíseos,2.0,1.0,1.0,47.0,Campos Eliseos,230000.0
220370.0,Apartamento de 45m² com 02 quartos à venda   Jardim Anhanguera,2.0,1.0,1.0,45.0,Jardim Zara,150000.0
187271.0,Apartamento de 131m² com 03 quartos   Centro,3.0,2.0,1.0,131.0,Centro,430000.0
222395.0,Apartamento de 43m² com 02 quartos à venda   Parque São Sebastião,2.0,1.0,1.0,43.0,Parque Sao Sebastiao,165000.0
225146.0,"Apartamento de 100,93m² com 03 quartos à venda   Jardim Paulista",3.0,2.0,1.0,93.0,Jardim Paulista,325000.0
204314.0,APARTAMENTO À VENDA NO BAIRRO RIBEIRÃO VERDE,2.0,1.0,1.0,42.0,Jardim Florestan Fernandes,265000.0
224771.0,Apartamento de 40m² com 02 quartos para venda   Jardim Itaú,2.0,1.0,1.0,40.0,Jardim Itau,155000.0
165419.0,APARTAMENTO MOBILIADO,2.0,1.0,1.0,46.0,Jardim Jose Wilson Toni,206700.0
232778.0,Apartamento de 106m² com 03 quartos à venda   Santa Cruz do José Jacques,3.0,3.0,2.0,106.0,Santa Cruz do Jose Jacques,480000.0
97280.0,Apartamento de 56m² com 01 quarto para venda   Centro,1.0,1.0,1.0,56.0,Centro,200000.0
89543.0,Ótimo apartamento próximo à UNIP,1.0,1.0,1.0,45.0,Nova Alianca,360000.0
127424.0,APARTAMENTO PRÓXIMO À UNAERP,1.0,1.0,1.0,37.0,Presidente Medici,212000.0
204302.0,Apartamento duplex com 02 quartos à venda   Jardim Zara,2.0,2.0,1.0,150.0,Jardim Zara,240000.0
139550.0,Apartamento térreo de 52m² com 02 quartos para locação e venda   Quintas de São José,2.0,2.0,1.0,52.0,Quintas de Sao Jose,360000.0
157397.0,Apartamento de 82m² com 02 quartos à venda   Campos Elíseos,2.0,2.0,1.0,82.0,Campos Eliseos,212000.0
239339.0,Apartamento de 76m² com 02 quartos à venda   Residencial Flórida,2.0,2.0,1.0,76.0,Residencial Florida,299000.0
207596.0,Apartamento de 84m² com 03 quartos à venda   Bonfim Paulista,3.0,2.0,2.0,84.0,Bonfim Paulista,575000.0
197699.0,Apartamento de 239m² com 03 suítes PARA para venda e locação   Jardim Canadá,3.0,5.0,3.0,239.0,Jardim Canada,1500000.0
200339.0,Apartamento de 64m² com 02 quartos sendo 01 suíte para locação e venda   Quinta da Primavera,2.0,2.0,1.0,64.0,Quinta da Primavera,680000.0
191078.0,Apartamento de 172m² com 03 suítes à venda   Centro,3.0,4.0,2.0,172.0,Centro,600000.0
196091.0,APARTAMENTO NA RIBEIRÂNIA,2.0,1.0,1.0,46.0,Ribeirania,212000.0
153644.0,APARTAMENTO TÉRREO PRÓXIMO À JOSÉ ANTÔNIO FERRAREZI,2.0,1.0,1.0,48.0,Reserva Real,220000.0
216314.0,Apartamento de 61m² com 02 quartos à venda   Bosque das Caviúnas,2.0,1.0,2.0,61.0,Jardim Sao Jose,430000.0
92561.0,APARTAMENTO PRÓXIMO À AVENIDA CARAMURU,2.0,1.0,1.0,106.0,Centro,250000.0
243464.0,Apartamento de 43m² com 02 quartos para Venda   Adelino Simioni,2.0,1.0,1.0,43.0,Adelino Simioni,169000.0
134630.0,APARTAMENTO PRÓXIMO À UNAERP,2.0,1.0,1.0,55.0,Presidente Medici,200000.0
243158.0,Apartamento de 41m² com 01 quarto à venda   Nova Aliança,1.0,1.0,1.0,41.0,Nova Alianca,150000.0
137588.0,Apartamento à venda de 109m²   Jardim Irajá   3 quartos sendo 1 suíte,3.0,2.0,1.0,109.0,Jardim Iraja,400000.0
219224.0,Apartamento de 52m² com 02 quartos à venda   Jardim Anhanguera,2.0,1.0,1.0,52.0,Jardim Anhanguera,300000.0
222698.0,Apartamento de 49m² com 02 quartos à venda   Jequitibá,2.0,1.0,1.0,49.0,Residencial Jequitiba,182000.0
229157.0,Apartamento de 107m² com 03 quartos à venda   Jardim Paulista,3.0,2.0,2.0,107.0,Jardim Paulista,790000.0
83384.0,Apartamento de 95m² com 03 quartos para locação e venda   Jardim Botânico,3.0,2.0,2.0,95.0,Jardim Botanico,800000.0
188132.0,MARAVILHOSO APARTAMENTO NO JARDIM IRAJÁ,3.0,5.0,4.0,239.0,Jardim Iraja,1500000.0
116243.0,Apartamento de 86m² com 02 suítes à venda   Bosque das Juritis,2.0,3.0,2.0,86.0,Bosque das Juritis,820000.0
245039.0,Apartamento de 62m² com 02 quartos à venda   Ribeirânia,2.0,2.0,1.0,62.0,Ribeirania,520000.0
171659.0,Apartamento de 103m² com 03 quartos à venda   Centro,3.0,2.0,1.0,103.0,Centro,330000.0
128900.0,Apartamento de 59m² com 02 quartos para locação e venda   Jardim Paulista,2.0,2.0,1.0,59.0,Jardim Paulista,400000.0
180833.0,APARTAMENTO NO GREENVILLE,2.0,1.0,1.0,44.0,Residencial Greenville,180000.0
239321.0,Apartamento de 95m² 03 quartos sendo 01 suíte no Jardim Irajá,3.0,2.0,2.0,95.0,Jardim Iraja,350000.0
220157.0,Apartamento térreo de 34m² com 01 quarto à venda   Bonfim Paulista,1.0,1.0,1.0,34.0,Quintas de Sao Jose,240000.0
213434.0,Apartamento de 154m² com 03 suítes à venda   Jardim Olhos D`Água,3.0,5.0,3.0,154.0,Jardim Olhos DAgua,1440000.0
82820.0,ÓTIMO APARTAMENTO NO JARDIM BOTÂNICO,2.0,3.0,2.0,57.0,Jardim Botanico,350000.0
135578.0,APARTAMENTO NO JARDIM PAULISTANO,3.0,2.0,1.0,87.0,Jardim Paulistano,275000.0
237809.0,Apartamento de 48 m² 2 quartos   a venda no Ipiranga,2.0,1.0,1.0,48.0,Ipiranga,190000.0
20465.0,APARTAMENTO PRÓXIMO AO SHOPPING SANTA ÚRSULA,3.0,3.0,1.0,90.0,Centro,380000.0
135707.0,Apartamento de 119m² com 03 quartos à venda   Centro,3.0,2.0,1.0,119.0,Centro,420000.0
222368.0,Apartamento de 40m² com 02 quartos para locação e venda   Reserva Real,2.0,1.0,1.0,40.0,Reserva Real,159000.0
92015.0,APARTAMENTO PRÓXIMO À AVENIDA BARÃO DO BANANAL,2.0,2.0,1.0,62.0,Jardim Zara,249900.0
202001.0,Apartamento de 46m² com 2 quartos à   Parque São Sebastião,2.0,1.0,1.0,46.0,Parque Sao Sebastiao,140000.0
130514.0,Apartamento de 43m² com 02 quartos para venda   Residencial Parque dos Servidores,2.0,1.0,1.0,43.0,Residencial Parque dos Servidores,210000.0
98024.0,Apartamento de 69m² com 02 quartos à venda   Jardim Palma Travassos,2.0,2.0,1.0,69.0,Jardim Palma Travassos,340000.0
205076.0,Apartamento térreo reformado à venda   Santa Cruz do José Jacques,1.0,1.0,1.0,54.0,Santa Cruz do Jose Jacques,550000.0
106214.0,Apartamento   Padrão,2.0,1.0,1.0,49.0,Quintino Facci II,115000.0
181646.0,Apartamento de 90m² com 03 quartos à venda   Jardim Antártica,3.0,1.0,2.0,90.0,Jardim Antartica,340000.0
113564.0,Apartamento de 73m² com 02 quartos à venda   Jardim Paulista,2.0,2.0,1.0,73.0,Jardim Paulista,335000.0
238946.0,Apartamento de 52m² com 02 quartos à venda   Jardim Palma Travassos,2.0,1.0,1.0,52.0,Jardim Palma Travassos,202000.0
190607.0,EXCELENTE OPORTUNIDADE DE APARTAMENTO NO CENTRO,3.0,3.0,1.0,127.0,Centro,450000.0
215285.0,Apartamento de 154m² com 03 suítes à venda   Jardim Olhos D`Água,3.0,5.0,3.0,154.0,Jardim Olhos DAgua,1280000.0
245273.0,Apartamento de 73m² com 03 quartos para venda   Residencial Lívia,3.0,2.0,1.0,73.0,Parque dos Bandeirantes,250000.0
146858.0,Apartamento/Padrão   Residencial   No bairro Ipiranga  ,3.0,1.0,1.0,70.0,Ipiranga,230000.0
220466.0,Apartamento de 34m² com 01 quarto para locação e venda   Quintas de São José,1.0,1.0,1.0,34.0,Quintas de Sao Jose,223000.0
154622.0,APARTAMENTO PRÓXIMO À AVENIDA BARÃO DO BANANAL,2.0,2.0,1.0,50.0,Jardim Itapora,170000.0
88268.0,Apartamento de 69m² com 02 quarto sendo 01 suíte à venda   Independência,2.0,2.0,1.0,69.0,Independencia,220000.0
74990.0,Apartamento   Padrão,2.0,1.0,1.0,60.0,City Ribeirao,225000.0
241943.0,Apartamento de 77m² com 03 quartos à venda   Nova Aliança,3.0,2.0,2.0,77.0,Nova Alianca,550000.0
106151.0,Apartamento de 62m² com 02 quartos para locação e venda   Palmares,2.0,2.0,2.0,62.0,Residencial e Comercial Palmares,270000.0
194123.0,Apartamento de 04 quartos para locação e venda   Centro,4.0,2.0,2.0,150.0,Centro,800000.0
223517.0,Apartamento de 76m² com 02 quartos à venda   Centro,2.0,3.0,1.0,76.0,Centro,270000.0
172019.0,Apartamento de 128m² para venda   Centro,3.0,3.0,1.0,128.0,Centro,480000.0
187613.0,APARTAMENTO NO RESIDENCIAL DAS AMÉRICAS,2.0,1.0,1.0,39.0,Residencial das Americas,130000.0
163955.0,Apartamento térrea de 53m² com 02 quartos para venda   Jardim Manoel Penna,2.0,2.0,1.0,53.0,Residencial Greenville,260000.0
210491.0,Apartamento de 34m² com 01 suíte à venda   Jardim Irajá,1.0,2.0,2.0,34.0,Jardim Iraja,245000.0
90941.0,APARTAMENTO NO BAIRRO ANA MARIA,1.0,1.0,1.0,39.0,Vila Ana Maria,235000.0
108983.0,Apartamento de 81m² com 02 suítes à venda   Vila Ana Maria,2.0,3.0,2.0,81.0,Vila Ana Maria,760725.0
210389.0,Apartamento de 51m² com 01 quarto para locação   Centro,1.0,1.0,1.0,51.0,Centro,371000.0
106112.0,Apartamento de 56 m² com 01 quarto para locação   Centro,1.0,1.0,1.0,56.0,Centro,210000.0
179672.0,APARTAMENTO NO QUINTINO FACCI II,2.0,2.0,1.0,56.0,Chacaras Pedro Correa de Carvalho,224400.0
190043.0,Apartamento de 67m² com 02 quartos para venda e locação   Iguatemi,2.0,2.0,1.0,67.0,Iguatemi,300000.0
163142.0,Apartamento de 298m² com 04 quartos à venda   Jardim Olhos D`Água II,4.0,5.0,4.0,298.0,Jardim Olhos DAgua,2479791.0
184574.0,APARTAMENTO NO JARDIM ANHANGUERA,2.0,2.0,1.0,67.0,Jardim Formoso,255000.0
147317.0,Apartamento do 48m² com 02 quartos para a locação   Campos Elíseos,2.0,1.0,1.0,48.0,Campos Eliseos,239000.0
128381.0,Apartamento de 43m² com 02 quartos para venda   Residencial Parque dos Servidores,2.0,1.0,1.0,43.0,Residencial Parque dos Servidores,170000.0
146153.0,APARTAMENTO PRÓXIMO À AV. JOÃO FIÚSA,2.0,1.0,1.0,66.0,Republica,220000.0
196271.0,Apartamento de 69m² com 01 quarto para locação   Centro,1.0,1.0,1.0,69.0,Centro,248000.0
201380.0,Apartamento de 59m² com 02 quartos para locação e venda   Jardim Sumaré,2.0,2.0,2.0,59.0,Jardim Sumare,850000.0
142490.0,Apartamento de 141m² com 03 quartos à venda   Centro,3.0,3.0,1.0,141.0,Centro,340000.0
86660.0,Apartamento de 111m² com 03 quartos para locação   Jardim Botânico,3.0,3.0,2.0,111.0,Jardim Botanico,650000.0
188342.0,Apartamento de 42m² com 02 quartos para locação   Campos Elíseos,2.0,1.0,1.0,42.0,Campos Eliseos,191000.0
199181.0,Apartamento de 02 quartos para locação   Jardim Florida,2.0,2.0,1.0,79.0,Residencial Florida,330000.0
224216.0,Apartamento de 38m² com 01 quarto para venda   Parque Industrial Lagoinha,1.0,1.0,1.0,38.0,Parque Industrial Lagoinha,181000.0
163190.0,Apartamento de 114m² com 03 quartos à venda   Jardim Botânico,3.0,4.0,2.0,114.0,Jardim Botanico,868350.0
105092.0,Apartamento   Padrão,3.0,2.0,1.0,98.0,Parque dos Bandeirantes,290000.0
209180.0,Apartamento térreo de 42 m² com 01 quarto   Jardim Irajá.,1.0,1.0,1.0,42.0,Jardim Iraja,280000.0
201974.0,APARTAMENTO TÉRREO JARDIM MANOEL PENNA,2.0,1.0,1.0,47.0,Jardim Manoel Penna,179000.0
176729.0,Apartamento de 84m² com 03 quartos à venda   Nova Aliança,3.0,3.0,2.0,84.0,Nova Alianca,701062.29
90563.0,Apartamento de 56m² com 02 quartos para locação   Centro,2.0,1.0,1.0,56.0,Centro,160000.0
145619.0,APARTAMENTO PRÓXIMO À RUA CAMILO DE MATTOS,2.0,2.0,2.0,59.0,Jardim Paulista,350000.0
226316.0,Apartamento de 56m² com 02 quartos à venda   Jardim Manoel Penna,2.0,2.0,1.0,56.0,Jardim Manoel Penna,350000.0
152903.0,EXCELENTE APARTAMENTO NA AV ANTÔNIO DIEDERICHSEN,2.0,3.0,2.0,87.0,Jardim America,590000.0
132716.0,Apartamento   Padrão,2.0,1.0,1.0,40.0,Parque dos Pinus,186000.0
186803.0,Apartamento de 218m² com 03 suítes à venda   Bosque das Juritis,3.0,5.0,3.0,218.0,Bosque das Juritis,1400000.0
160079.0,Apartamento de 102m² com 03 quartos para venda   Centro,3.0,3.0,1.0,102.0,Centro,420000.0
179555.0,APARTAMENTO NO JARDIM AMÉRICA,3.0,3.0,1.0,87.0,Jardim America,600000.0
90020.0,Apartamento   Padrão,3.0,2.0,2.0,107.0,Jardim Iraja,485000.0
226751.0,Apartamento de 54m² com 02 quartos à venda   Santa Cruz do José Jacques,2.0,1.0,1.0,54.0,Santa Cruz do Jose Jacques,530000.0
196283.0,Apartamento   Padrão,2.0,2.0,1.0,62.0,Ribeirania,450000.0
142676.0,Apartamento de 91m² com 03 quartos à venda   Ribeirânia,3.0,3.0,2.0,91.0,Ribeirania,575000.0
179723.0,ÓTIMO APARTAMENTO NO BAIRRO CAMPOS ELÍSEOS,1.0,1.0,1.0,44.0,Campos Eliseos,180000.0
158915.0,Apartamento de 97m² com 03 quartos à venda   Jardim Paulistano,3.0,2.0,1.0,97.0,Jardim Paulistano,292000.0
212930.0,Apartamento de 59M² com 02 quartos   Quinta da Primavera,2.0,2.0,2.0,59.0,Quinta da Primavera,515000.0
205367.0,Apartamento de 51m² com 02 quartos à venda   Quintas de São José,2.0,2.0,1.0,51.0,Quintas de Sao Jose,350000.0
178535.0,Apartamento de 43m² com 01 quarto para locação   Quinta da Primavera,1.0,1.0,1.0,43.0,Quinta da Primavera,550000.0
243107.0,Apartamento de 42m² com 02 quartos à venda   Jardim Itaú,2.0,1.0,1.0,42.0,Jardim Itau,180000.0
221300.0,Apartamento de 54m² com 02 quartos à venda   Dom Bernardo José Mielle,2.0,1.0,1.0,54.0,Dom Bernardo Jose Mielle,399000.0
146309.0,Apartamento de 82m² com 02 Quartos a venda   Jardim Paulista,2.0,2.0,2.0,82.0,Jardim Paulista,490000.0
99806.0,Apartamento de 48m² com 01 quarto para locação   Jardim botânico,1.0,1.0,1.0,48.0,Jardim Botanico,287000.0
194318.0,EXCELENTE APARTAMENTO COM SUITE E ELEVADOR   OPORTUNIDADE,2.0,2.0,2.0,58.0,Jardim Zara,235000.0
237185.0,Apartamento de 60m² com 02 quartos à venda   Jardim Mosteiro,2.0,1.0,1.0,60.0,Jardim Mosteiro,300000.0
230762.0,Apartamento/Padrão   Residencial   No bairro Campos Elíseos   Edifício Palazzo Itália,3.0,3.0,1.0,121.0,Campos Eliseos,340000.0
235241.0,Apartamento de 41m² com 02 quartos para venda e locação   Conjunto Habitacional Sílvio Passalacqua,2.0,1.0,1.0,41.0,Conjunto Habitacional Silvio Passalacqua,160000.0
191456.0,Apartamento de 02 quartos para locação   Vila Tibério,2.0,1.0,1.0,46.0,Jardim Antartica,280000.0
150986.0,APARTAMENTO PARA ALUGAR NO RIBEIRÃO VERDE,2.0,1.0,1.0,42.0,Jardim Florestan Fernandes,170000.0
226238.0,Apartamento de 52m² com 02 quartos à venda   Jardim Paulistano,2.0,2.0,1.0,52.0,Jardim Paulistano,230000.0
186806.0,APARTAMENTO NO CAMPOS ELÍSEOS,2.0,2.0,1.0,60.0,Campos Eliseos,285000.0
220154.0,Apartamento térreo de 59m² com 02 quartos para venda e locação   Parque Anhanguera,2.0,1.0,1.0,59.0,Parque Anhanguera,220000.0
113537.0,APARTAMENTO PRÓXIMO À AVENIDA INDEPENDÊNCIA,1.0,1.0,1.0,40.0,Vila Ana Maria,224000.0
182927.0,Apartamento de 49m² com 02 quartos   Santa Marta,2.0,2.0,1.0,49.0,Loteamento Santa Marta,290000.0
218789.0,Apartamento de 180m² com 04 quartos à venda   Jardim São Luiz,4.0,5.0,3.0,180.0,Jardim Sao Luiz,850000.0
186788.0,Apartamento de 218m² com 03 suítes à venda   Bosque das Juritis,3.0,5.0,3.0,218.0,Bosque das Juritis,1400000.0
44561.0,Apartamento de 46m² com 02 quartos para locação e venda   Jardim Paulistano,2.0,1.0,1.0,46.0,Jardim Paulistano,222000.0
210167.0,Apartamento de 132m² com 03 suítes à venda   Jardim Botânico,3.0,5.0,2.0,132.0,Jardim Botanico,1220000.0
229313.0,Apartamento de 160m² com 03 suítes à venda   Bosque das Juritis,3.0,5.0,3.0,160.0,Bosque das Juritis,1350000.0
159920.0,Apartamento de 56 m² com 02 quartos   Parque São Sebastião,2.0,1.0,1.0,56.0,Parque Sao Sebastiao,265000.0
96665.0,Apartamento   Padrão,2.0,1.0,1.0,65.0,Vila Ana Maria,300000.0
200600.0,Apartamento de 41m² com 02 quartos à venda   Reserva Imperial,2.0,1.0,1.0,41.0,Reserva Real,165000.0
150650.0,APARTAMENTO PRÓXIMO À RUA JAVARI,2.0,1.0,1.0,40.0,Ipiranga,180000.0
239999.0,Apartamento de 83m² com 02 quartos para locação e venda   Nova Aliança,2.0,2.0,2.0,83.0,Nova Alianca,425000.0
115316.0,Apartamento   Padrão,2.0,1.0,1.0,56.0,Reserva Sul Condominio,205000.0
73220.0,Apartamento de 03 quartos para locação   Nova Aliança,3.0,2.0,2.0,77.0,Nova Alianca,540000.0
218210.0,Apartamento de 87m² com 03 quartos para locação   Jardim Olhos D`Água,3.0,3.0,1.0,87.0,Jardim Olhos DAgua,850000.0
147179.0,APARTAMENTO PRÓXIMO À RUA ANDRÉ VELONI,3.0,3.0,2.0,99.0,Parque dos Bandeirantes,350000.0
101606.0,Apartamento 96m² 02 quartos para venda   Centro.,2.0,2.0,1.0,96.0,Centro,371000.0
191972.0,Apartamento de 89m² com 03 quartos à venda   Jardim Paulista,3.0,2.0,1.0,89.0,Jardim Paulista,269000.0
119978.0,Apartamento de 55m com 01 quarto   Centro,1.0,1.0,1.0,55.0,Centro,300000.0
215369.0,Apartamento de 45m² com 01 quarto para locação e venda   Nova Aliança,1.0,1.0,1.0,45.0,Nova Alianca,280000.0
133595.0,Apartamento de 92m² com 02 suítes para locação e venda   Jardim Botânico,2.0,2.0,1.0,92.0,Jardim Botanico,530000.0
202613.0,APARTAMENTO NA VILA TIBERIO,3.0,2.0,2.0,80.0,Vila Tiberio,390000.0
242291.0,Apartamento de 73m² com 02 quartos à venda   Jardim Paulista,2.0,2.0,2.0,73.0,Jardim Paulista,369000.0
196991.0,Apartamento de 40m² com 02 quartos à venda   Jardim do Trêvo,2.0,1.0,1.0,40.0,Jardim do Trevo,185000.0
150086.0,Apartamento de 42m² com 02 quartos à venda   Jardim Javari,2.0,1.0,1.0,42.0,Jardim Javari,100000.0
221561.0,Apartamento de 46m² com 02 quartos à venda   Jardim Manoel Penna,2.0,1.0,1.0,46.0,Jardim Manoel Penna,350000.0
166865.0,Apartamento mobiliado de 55m² com 01 quarto para locação   Centro,1.0,1.0,1.0,55.0,Vila Seixas,350000.0
163220.0,Apartamento de 158m² com 03 suítes à venda   Jardim Olhos D´Água,3.0,4.0,2.0,158.0,Jardim Olhos DAgua,1312977.0
187190.0,****APARTAMENTO NO JOSE FIGUEIRA****,2.0,1.0,1.0,47.0,Jardim Jose Figueira,210000.0
210071.0,Apartamento de 61m² com 02 quartos à venda   Vila Monte Alegre,2.0,2.0,1.0,61.0,Vila Monte Alegre,330000.0
212876.0,Apartamento de 109m² com 03 quartos à venda   Jardim Olhos D`Água,3.0,4.0,2.0,109.0,Plazas de Espana,960000.0
195632.0,APARTAMENTO NO IPIRANGA,2.0,1.0,1.0,48.0,Ipiranga,165000.0
213914.0,Apartamento de 43m² com 02 quartos à venda   Jardim dos Flamboyants,2.0,1.0,1.0,43.0,Loteamento Santa Marta,175000.0
203759.0,Apartamento de 314m² com 04 quartos para locação e venda   Centro,4.0,4.0,4.0,314.0,Centro,1060000.0
195569.0,"APARTAMENTO PADRÃO, JARDIM FLORESTAN FERNANDES, RIBEIRÃO PRETO SP",2.0,1.0,1.0,43.0,Jardim Florestan Fernandes,170000.0
178877.0,Apartamento de 151m² com 03 suítes à venda   Jardim Olhos D`Água II,3.0,5.0,2.0,151.0,Jardim Olhos DAgua,1211830.0
217421.0,Apartamento de 70m² com 02 quartos à venda   Jardim Palma Travassos,2.0,2.0,2.0,70.0,Presidente Medici,600000.0
176096.0,APARTAMENTO COM VISTA LIVRE NO JARDIM BOTÂNICO,3.0,4.0,2.0,114.0,Jardim Botanico,850000.0
218117.0,Apartamento de 56m² com 02 quartos à venda   Chácaras Pedro Corrêa de Carvalho,2.0,2.0,1.0,56.0,Chacaras Pedro Correa de Carvalho,265000.0
174947.0,Apartamento de 03 quartos para venda   Jardim Sumaré,3.0,2.0,1.0,58.0,Jardim Sumare,212000.0
242882.0,Apartamento de 45m² com 01 quarto para venda   Jardim Nova Aliança,1.0,1.0,1.0,45.0,Nova Alianca,240000.0
231965.0,Apartamento de 75m² com 02 quartos à venda   Bosque das Juritis,2.0,2.0,2.0,75.0,Bosque das Juritis,530000.0
86711.0,Apartamento de 137m² com 03 suítes para locação   Jardim São Luiz,3.0,4.0,2.0,137.0,Jardim Sao Luiz,1200000.0
235994.0,Apartamento de 97m² com 03 quartos para locação e venda   Centro,3.0,2.0,1.0,97.0,Centro,380000.0
214505.0,Apartamento de 161m² com 03 quartos à venda   Ribeirânia,3.0,2.0,2.0,161.0,Ribeirania,683000.0
133811.0,Apartamento   Padrão,1.0,1.0,1.0,45.0,Ribeirania,350000.0
237473.0,Apartamento de 66m² com 03 quartos sendo 01 suíte à venda   Parque dos Lagos,3.0,2.0,1.0,66.0,Parque dos Lagos,339990.0
233621.0,Apartamento/Padrão   Residencial   No bairro Jardim das Palmeiras   Vitta Recanto da Mata,2.0,1.0,1.0,48.0,Jardim das Palmeiras,198000.0
204209.0,Apartamento de 118m² com 03 suítes para venda e locação   Jardim Olhos D`Água,3.0,4.0,2.0,118.0,Jardim Olhos DAgua,1300000.0
84506.0,Apartamento de 64m² com 02 quartos à venda   Residencial Flórida,2.0,2.0,1.0,64.0,Residencial Florida,320000.0
94250.0,Apartamento de 54m² com 2 quartos   Jardim São Luiz,2.0,1.0,1.0,54.0,Jardim Sao Luiz,290000.0
174044.0,APARTAMENTO NO RESIDENCIAL GREENVILLE,2.0,1.0,1.0,44.0,Residencial Greenville,191000.0
240167.0,Apartamento de 71m² com 02 quartos sendo 01 suíte à venda   Jardim Irajá,2.0,2.0,2.0,71.0,Jardim Iraja,720000.0
208868.0,Apartamento de 107m² com 03 quartos para locação e venda   Bairro Centro,3.0,2.0,1.0,107.0,Centro,400000.0
141053.0,Apartamento de 42m² com 02 quartos à venda   Ipiranga,2.0,1.0,1.0,42.0,Ipiranga,145000.0
200399.0,LINDO APARTAMENTO NO JARDIM ZARA,2.0,1.0,1.0,58.0,Jardim Zara,210000.0
220127.0,Apartamento de 56m² com 02 quartos à venda   Chácaras Pedro Corrêa de Carvalho,2.0,2.0,1.0,56.0,Chacaras Pedro Correa de Carvalho,185000.0
98540.0,Apartamento de 43m² com 01 quarto para venda   Jardim Irajá,1.0,1.0,1.0,43.0,Jardim Iraja,250000.0
85607.0,Apartamento de 73m² com 03 quartos para locação e venda   Bonfim Paulista,3.0,2.0,2.0,73.0,Jardim Zaneti,420000.0
97874.0,Apartamento de 180m² com 03 quartos para locação e venda   Jardim Irajá,3.0,4.0,3.0,180.0,Jardim Iraja,1290000.0
177014.0,Apartamento de 150m² com 03 quartos para venda e locação   Centro,3.0,4.0,2.0,150.0,Centro,499000.0
147218.0,APARTAMENTO NO RESIDENCIAL WILSON TONI,2.0,1.0,1.0,42.0,Jardim Jose Wilson Toni,80000.0
230393.0,Apartamento de 47m² com 02 quartos à venda   Parque dos Bandeirantes,2.0,2.0,1.0,47.0,Parque dos Bandeirantes,220000.0
44570.0,APARTAMENTO PRÓXIMO À AVENIDA CASTELO BRANCO,2.0,1.0,1.0,65.0,Iguatemi,234000.0
118910.0,Apartamento de 133m² com 03 quartos à venda   Nova Aliança,3.0,5.0,2.0,133.0,Nova Alianca,1066000.0
196835.0,APARTAMENTO NO RESERVA MACAÙBA,2.0,1.0,1.0,43.0,Reserva Macauba,175000.0
196601.0,OPORTUNIDADE NO CONDOMÍNIO VITTA VIA NORTE II,2.0,1.0,1.0,43.0,Valentina Figueiredo,160000.0
216671.0,Apartamento de 40m² com 02 quartos para locação e venda   Jardim Ouro Branco,2.0,1.0,1.0,40.0,Jardim Ouro Branco,150000.0
192785.0,APARTAMENTO LOCALIZADO NA AV. CARAMURU,2.0,1.0,1.0,48.0,Alto da Boa Vista,210000.0
212540.0,Apartamento com 48m² com 2 quartos  No Bairro Ipiranga.,2.0,1.0,1.0,48.0,Ipiranga,140000.0
86117.0,APARTAMENTO NO RESIDENCIAL GREENVILLE,2.0,2.0,1.0,60.0,Residencial Greenville,234000.0
174905.0,APARTAMENTO NO RESIDENCIAL DAS AMÉRICAS,2.0,1.0,1.0,42.0,Residencial das Americas,100000.0
100373.0,Apartamento   Padrão,2.0,1.0,1.0,66.0,Sumarezinho,280000.0
158648.0,Apartamento de 106m² com 03 quartos à venda   City Ribeirão,3.0,2.0,2.0,106.0,City Ribeirao,360000.0
195623.0,APARTAMENTO NO EDIFÍCIO MONTEREY EM BONFIM PAULISTA,2.0,1.0,1.0,50.0,Residencial Monterrey,360000.0
181451.0,Apartamento de 69m² com 02 quartos à venda   Jardim Olhos D`Água II,2.0,2.0,2.0,69.0,Jardim Olhos DAgua,650000.0
98582.0,Apartamento de 42m² com 02 quartos à venda   Vila Virgínia,2.0,1.0,1.0,42.0,Vila Virginia,240000.0
242618.0,Apartamento Térreo de 101m² com 03 quartos para venda   Jardim Irajá,3.0,2.0,1.0,101.0,Jardim Iraja,300000.0
86228.0,Apartamento de 46m² com 01 quarto para locação e venda   Centro,1.0,1.0,1.0,46.0,Centro,230000.0
80747.0,Apartamento de 70m² com 03 quartos para locação e venda   Jardim Independência,3.0,2.0,1.0,70.0,Independencia,300000.0
236204.0,Apartamento de 43m² com 02 quartos para locação   Vitta Heitor Rigon III,2.0,1.0,1.0,43.0,Jardim Heitor Rigon,180200.0
197369.0,APARTAMENTO NA VILA AMÉLIA,2.0,1.0,1.0,53.0,Vila Amelia,350000.0
186935.0,Apartamento de 195m² com 03 suítes à venda   Residencial Alto do Ipê,3.0,4.0,4.0,195.0,Residencial Alto do Ipe,1450000.0
225692.0,Apartamento de 40m² com 02 quartos à venda   Jardim Ouro Branco,2.0,1.0,2.0,40.0,Jardim Ouro Branco,170000.0
176150.0,APARTAMENTO NA VILA MONTE ALEGRE,1.0,1.0,1.0,33.0,Vila Monte Alegre,170000.0
166364.0,Apartamento de 101m² com 03 quartos à venda   Jardim Paulistano,3.0,2.0,2.0,101.0,Jardim Paulistano,403000.0
243374.0,Apartamento de 31m² com 01 quarto à venda   Vila Virgínia,1.0,1.0,1.0,31.0,Vila Virginia,159000.0
99227.0,APARTAMENTO NO JOSÉ SAMPAIO,2.0,1.0,1.0,48.0,Jardim Jose Sampaio Junior,144000.0
235298.0,Apartamento de 507m² com 04 suítes à venda   Morro do Ypê,4.0,6.0,5.0,507.0,Residencial Morro do Ipe,6150000.0
240458.0,Apartamento de 197m² com 03 suítes à venda   Jardim Olhos D`Água,3.0,4.0,3.0,197.0,Jardim Olhos DAgua,1990000.0
173735.0,Apartamento de 53m² com 2 quartos à venda   Condomínio Mirante Sul,2.0,2.0,1.0,53.0,Condominio Mirante Sul,240000.0
83981.0,APARTAMENTO PRÓXIMO Á NOVE DE JULHO,1.0,1.0,1.0,50.0,Centro,170000.0
230768.0,Apartamento de 213m² com 03 quartos   Jardim América,3.0,3.0,1.0,213.0,Jardim America,425000.0
194084.0,Apartamento 3 dormitórios no Interlagos.!,3.0,2.0,2.0,67.0,Parque Sao Sebastiao,240000.0
179606.0,APARTAMENTO EM BONFIM PAULISTA,2.0,1.0,1.0,42.0,Jardim Santa Cecilia,190000.0
207803.0,Apartamento com 02 quartos à venda   Recanto das Palmeiras,2.0,1.0,1.0,42.0,Recanto das Palmeiras,145000.0
218240.0,Apartamento de 42m² com 02 quartos à venda   Chácaras Pedro Corrêa de Carvalho,2.0,1.0,1.0,42.0,Valentina Figueiredo,150000.0
86462.0,Apartamento de 87m² com 02 quartos á venda   Residencial Greenville,2.0,2.0,1.0,87.0,Residencial Greenville,300000.0
206723.0,Apartamento de 47m² com 01 quarto à venda   Centro,1.0,1.0,1.0,47.0,Centro,270000.0
195299.0,"EXCELENTE APARTAMENTO, NOVO, PARA LOCAÇÃO E VENDA NA AVENIDA BARÃO DO BANANAL",2.0,1.0,1.0,50.0,Jardim Anhanguera,265000.0
173036.0,Apartamento de 39m² com 01 quarto à venda   Jardim Paulista,1.0,1.0,1.0,39.0,Jardim Paulista,190000.0
83234.0,Apartamento de 232m² com 03 suítes à venda   Jardim Irajá,3.0,5.0,4.0,232.0,Jardim Canada,1490000.0
178406.0,APARTAMENTO EM BONFIM PAULISTA,2.0,1.0,1.0,43.0,Loteamento Santa Marta,180000.0
206618.0,Apartamento de 40m² com 02 quartos à venda   Jardim Heitor Rigon,2.0,1.0,1.0,40.0,Jardim Heitor Rigon,170000.0
221366.0,Apartamento de 47m² com 02 quartos para locação   City Ribeirão,2.0,1.0,1.0,47.0,City Ribeirao,240000.0
227219.0,Apartamento de 82m² com 02 quartos com 01 suíte   Sumarezinho,2.0,2.0,1.0,82.0,Sumarezinho,420000.0
148994.0,APARTAMENTO PRÓXIMO À RODOVIA ALEXANDRE BALBO,2.0,1.0,1.0,42.0,Jardim Heitor Rigon,140000.0
85124.0,APARTAMENTO DIFERENCIADO,3.0,3.0,2.0,111.0,Republica,450000.0
200363.0,APARTAMENTO NO JARDIM PALMA TRAVASSOS,1.0,1.0,1.0,39.0,Jardim Palma Travassos,308000.0
218426.0,Apartamento de 64m² com 02 quartos à venda   Jardim Paulista,2.0,2.0,1.0,64.0,Jardim Paulista,402000.0
174740.0,Apartamento com 42m²   Residencial das Américas,2.0,1.0,1.0,42.0,Residencial das Americas,129000.0
229892.0,Apartamento de 81m² com 03 quartos sendo 01 suíte para Venda   Jardim Nova Aliança Sul,3.0,2.0,2.0,81.0,Jardim Nova Alianca Sul,565000.0
184715.0,APARTAMENTO NO JARDIM CALIFÓRNIA,1.0,1.0,1.0,39.0,Vila Ana Maria,190000.0
162875.0,APARTAMENTO PRÓXIMO À AVENIDA CASTELO BRANCO,3.0,2.0,1.0,107.0,Iguatemi,400000.0
148433.0,Apartamento na Vila Virginia próximo ao Centro,2.0,1.0,1.0,56.0,Vila Virginia,140000.0
231215.0,Apartamento de 154m² com 03 suítes à venda   Jardim Olhos D`água,3.0,5.0,3.0,154.0,Jardim Olhos DAgua,1378000.0
238484.0,Apartamento de 85m² com 02 quartos à venda   Centro,2.0,3.0,1.0,85.0,Centro,300000.0
177950.0,Apartamento de 45 m² com 2 quartos  Lagoinha,2.0,1.0,1.0,45.0,Ribeirania,210000.0
186662.0,Apartamento de 03 dormitórios para locação   Jardim Botânico,3.0,2.0,1.0,75.0,Jardim Botanico,605000.0
157226.0,APARTAMENTO PRÓXIMO À AVENIDA PROFESSOR JOÃO FIÚSA,3.0,3.0,2.0,108.0,Condominio Itamaraty,450000.0
115967.0,Apartamento mobiliado de 167m² com 03 suítes para locação e venda   Jardim Botânico,3.0,5.0,3.0,167.0,Jardim Botanico,1800000.0
121601.0,Apartamento de 02 quartos para locação e venda   Vila Maria Luiza,2.0,1.0,1.0,50.0,Vila Maria Luiza,220000.0
116987.0,Apartamento de 02 quartos com 102m² para locação   Centro,2.0,3.0,1.0,102.0,Centro,309000.0
235226.0,Apartamento/Padrão   Residencial   No bairro Campos Elíseos,3.0,1.0,2.0,80.0,Jardim Paulistano,165000.0
103097.0,ÓTIMO APARTAMENTO NO BAIRRO NOVA ALIANÇA!,2.0,2.0,1.0,68.0,Nova Alianca,470000.0
210011.0,Apartamento de 46m² com 02 quartos para locação e venda   Reserva Sul,2.0,1.0,1.0,46.0,Reserva Sul Condominio,215000.0
228038.0,Apartamento de 227m² com 04 suítes à venda   Jardim Ilhas do Sul,4.0,6.0,4.0,227.0,Jardim Ilhas do Sul,1850000.0
175139.0,APARTAMENTO NA VILA VIRGINIA,2.0,1.0,1.0,55.0,Vila Virginia,165000.0
187421.0,Apartamento de 131m² com 03 suítes à venda   Nova Aliança,3.0,5.0,4.0,131.0,Nova Alianca,980000.0
103052.0,Apartamento de 38m² com 01 quarto para locação   Presidente Medici,1.0,1.0,1.0,38.0,Presidente Medici,190000.0
108593.0,APARTAMENTO PRÓXIMO AO ATACADÃO,2.0,1.0,1.0,42.0,Chacaras Pedro Correa de Carvalho,160000.0
99659.0,Apartamento de 31m² com 01 quarto à venda   Vila Monte Alegre,1.0,1.0,1.0,31.0,Vila Monte Alegre,170000.0
188054.0,Apartamento de 158m² com 03 suítes à venda   Jardim Olhos D`Água,3.0,5.0,3.0,158.0,Jardim Olhos DAgua,1400000.0
167804.0,Apartamento de 55m² com 01 quarto à venda   Centro,1.0,1.0,1.0,55.0,Centro,220000.0
182090.0,Apartamento com 110m² com 02 suítes para locação e venda   Bonfim Paulista,2.0,3.0,2.0,110.0,Bonfim Paulista,800000.0
147503.0,APARTAMENTO PRÓXIMO À RUA JOÃO BIM,2.0,2.0,1.0,52.0,Jardim Paulistano,230000.0
132443.0,Apartamento de 100m² com 03 quartos sendo 01 suíte à venda   Centro,3.0,3.0,1.0,100.0,Centro,350000.0
243317.0,Apartamento de 43m² com 02 quartos à venda   Valentina Figueiredo,2.0,1.0,1.0,43.0,Valentina Figueiredo,145000.0
240515.0,Apartamento de 55m² com 01 quarto para venda   Centro,1.0,1.0,1.0,55.0,Centro,259000.0
198920.0,Apartamento de 195M² com 03 suítes à venda   Vila do Golf,3.0,4.0,4.0,195.0,Residencial Alto do Ipe,1750000.0
134564.0,APARTAMENTO NO NOVA ALIANÇA,1.0,1.0,1.0,41.0,Nova Alianca,230000.0
224471.0,Apartamento de 126m² com 03 suítes à venda   Jardim Olhos D`Água,3.0,4.0,2.0,126.0,Jardim Olhos DAgua,956437.0
119054.0,Apartamento   Padrão,3.0,2.0,2.0,75.0,Jardim Botanico,650000.0
198044.0,EXCELENTE APARTAMENTO PARA VENDA NO BAIRRO LAGOINHA,3.0,2.0,1.0,66.0,Parque Industrial Lagoinha,250000.0
149978.0,APARTAMENTO MOBILIADO PRÓXIMO À AVENIDA CASTELO BRANCO,1.0,1.0,1.0,37.0,Presidente Medici,255000.0
118856.0,Apartamento de 45m² com 01 quartos á venda   Nova Aliança,1.0,1.0,1.0,45.0,Nova Alianca,365000.0
234341.0,Apartamento de 58m² com 02 quartos sendo 01 suíte para venda e locação   Ribeirânia,2.0,2.0,1.0,58.0,Ribeirania,530000.0
220700.0,Apartamento de 126m² com 03 suítes à venda   Jardim Olhos D`Água,3.0,4.0,2.0,126.0,Jardim Olhos DAgua,1225000.0
133256.0,Apartamento   Padrão,2.0,1.0,1.0,49.0,Parque Sao Sebastiao,170000.0
91694.0,Apartamento de 44m² com 02 quartos à venda   Residencial Greenville,2.0,1.0,1.0,44.0,Residencial Greenville,180000.0
50633.0,Apartamento de 01 quarto para locação   Vila Ana Maria,1.0,1.0,1.0,39.0,Vila Ana Maria,240000.0
177086.0,Apartamento de 195 m² com 04 quartos para locação e venda   Vila do Golfe,4.0,5.0,4.0,195.0,Residencial Alto do Ipe,1520000.0
231764.0,Apartamento de 156m² com 03 suítes à venda   Centro,3.0,5.0,2.0,156.0,Centro,700000.0
215108.0,Apartamento de 43m² com 02 quartos à venda   Jardim Heitor Rigon,2.0,1.0,1.0,43.0,Jardim Heitor Rigon,129000.0
101369.0,APARTAMENTO NO JARDIM PAULISTA,2.0,1.0,1.0,60.0,Jardim Paulista,202000.0
141716.0,APARTAMENTO PRÓXIMO À PRAÇA 7 DE SETEMBRO,1.0,1.0,1.0,47.0,Centro,265000.0
111674.0,Apartamento de 118m² com 03 suítes à venda   Jardim Saint Gerard,3.0,3.0,2.0,118.0,Jardim Saint Gerard,1180000.0
65873.0,Apartamento para locação de 104m² com 03 suítes   Jardim Botânico,3.0,4.0,2.0,104.0,Jardim Botanico,630000.0
184004.0,APARTAMENTO NO RIBEIRÃO VERDE,2.0,1.0,1.0,42.0,Jardim Pedra Branca,150000.0
158831.0,LANÇAMENTO APARTAMENTO NA ZONA LESTE,2.0,1.0,1.0,50.0,Jardim Anhanguera,248000.0
201494.0,Apartamento de 49m² com 02 quartos para venda e locação   Campos Eliseos,2.0,1.0,1.0,49.0,Campos Eliseos,260000.0
176873.0,Apartamento de 69m² com 02 suítes à venda   Nova Aliança,2.0,3.0,1.0,69.0,Nova Alianca,557973.7
205568.0,Apartamento de 43m² com 02 quartos à venda   Reserva Macaúba,2.0,1.0,1.0,43.0,Reserva Macauba,202200.0
146099.0,APARTAMENTO PRÓXIMO À ANHANGUERA,2.0,1.0,1.0,42.0,Jardim Florestan Fernandes,122000.0
232505.0,Apartamento de 40m² com 02 quartos para venda   Recreio das Acácias,2.0,1.0,1.0,40.0,Recreio das Acacias,275000.0
155480.0,"Apartamento com 3 quartos   132,68m²",3.0,2.0,2.0,68.0,Jardim Macedo,445000.0
154826.0,Apartamento de 72m² com 02 quartos para locação e venda   Vila Ana Maria,2.0,2.0,1.0,72.0,Vila Ana Maria,330000.0
224111.0,Apartamento de 178m² com 03 suítes à venda   Jardim Olhos D`Água,3.0,5.0,3.0,178.0,Jardim Villarica,1450000.0
231116.0,Apartamento de 173m² com 04 quartos para venda e locação   Centro,4.0,5.0,2.0,173.0,Centro,850000.0
150398.0,Apartamento de 02 quartos para locação   Jardim Paulista,2.0,1.0,1.0,62.0,Jardim Paulista,240000.0
177707.0,Apartamento de 42m² com 02 quartos para locação e venda   Residencial Parque dos Servidores,2.0,1.0,1.0,42.0,Residencial Parque dos Servidores,191000.0
149456.0,APARTAMENTO PRÓXIMO À RUA ANIVALDO PONTON,3.0,2.0,1.0,109.0,Ipiranga,350000.0
228296.0,Apartamento de 133m² com 03 suítes para venda e locação  Nova Aliança,3.0,4.0,2.0,133.0,Nova Alianca,1280000.0
229373.0,Apartamento de 81m² com 02 suítes à venda   Vila Ana Maria,2.0,3.0,2.0,81.0,Vila Ana Maria,759675.0
103304.0,APARTAMENTO NO SANTA CRUZ DO JOSÉ JACQUES,3.0,2.0,2.0,93.0,Santa Cruz do Jose Jacques,460000.0
187151.0,Apartamento de 131m² com 03 suítes à venda   Nova Aliança,3.0,3.0,2.0,131.0,Nova Alianca,950000.0
237968.0,Apartamento de 85m² com 02 suítes para locação e venda   Nova Aliança,2.0,3.0,2.0,85.0,Nova Alianca,725000.0
127100.0,APARTAMENTO NOVO NO JARDIM HEITOR RIGON,2.0,1.0,1.0,42.0,Jardim Heitor Rigon,129000.0
195797.0,Apartamento de 62m² com 02 quartos à venda   Jardim Botânico,2.0,2.0,1.0,62.0,Alamedas do Botanico,750000.0
237293.0,Apartamento de 40m² com 02 quartos à venda   Reserva Real,2.0,1.0,1.0,40.0,Reserva Real,145000.0
210707.0,Apartamento de 39m² com 01 quarto para locação e venda   Nova Aliança,1.0,1.0,1.0,39.0,Nova Alianca,300000.0
141656.0,Apartamento de 107m² com 03 quartos sendo 01 suíte á venda   Centro,3.0,3.0,1.0,107.0,Centro,600000.0
244967.0,Apartamento de 90m² com 03 quartos sendo 01 suíte para venda   Centro,3.0,3.0,1.0,90.0,Centro,371000.0
175211.0,Apartamento de 65m² com 02 quartos   Jardim Botânico,2.0,2.0,1.0,65.0,Alamedas do Botanico,565990.0
211739.0,Apartamento de 90m² com 03 quartos para locação e venda   Jardim Sumaré,3.0,2.0,2.0,90.0,Jardim Sumare,700000.0
55460.0,Apartamento de 46m² com 01 quarto para a venda   Centro,1.0,1.0,1.0,46.0,Centro,230000.0
88445.0,Apartamento de 46m² com 02 quartos para locação e venda   Vila Abranches,2.0,1.0,1.0,46.0,Vila Abranches,181000.0
238922.0,Apartamento de 42m² com 02 quartos para locação e venda   Jardim Itaú,2.0,1.0,1.0,42.0,Jardim Itau,175000.0
205424.0,Apartamento de 66m² com 03 quartos à venda   Parque Industrial Lagoinha,3.0,2.0,1.0,66.0,Parque Industrial Lagoinha,240000.0
160568.0,Apartamento de 121m² com 03 quartos à venda   Campos Elísios,3.0,3.0,1.0,121.0,Campos Eliseos,380000.0
243578.0,Apartamento mobiliado de 31m² com 01 quarto para locação e venda   Ribeirânia,1.0,1.0,1.0,31.0,Ribeirania,371000.0
158822.0,APARTAMENTO PRÓXIMO À RODOVIA ALEXANDRE BALBO,2.0,1.0,1.0,50.0,Jardim Heitor Rigon,101000.0
221924.0,Apartamento de 44m² com 02 quartos para venda   Recreio das Acácias,2.0,1.0,1.0,44.0,Recreio das Acacias,240000.0
194468.0,Apartamento de 50m² com 01 quarto   Santa Cruz do José Jacques,1.0,1.0,1.0,50.0,Santa Cruz do Jose Jacques,310000.0
201929.0,Apartamento térreo de 48 m² com 2 quartos à venda   Reserva Real,2.0,1.0,1.0,48.0,Reserva Real,182000.0
222953.0,Apartamento de 58m² com 02 quartos sendo 01 suíte à venda   Residencial Parque dos Servidores,2.0,2.0,1.0,58.0,Residencial Parque dos Servidores,350000.0
229109.0,Apartamento de 82m² com 03 quartos para venda e locação   Jardim Botânico,3.0,2.0,2.0,82.0,Alamedas do Botanico,820000.0
134273.0,Apartamento de 57m² com 02 quartos   Jardim Paulista,2.0,1.0,1.0,57.0,Jardim Paulista,250000.0
178871.0,Apartamento de 151m² com 03 suítes à venda   Jardim Olhos D`Água II,3.0,5.0,2.0,151.0,Jardim Olhos DAgua,1231133.0
166106.0,APARTAMENTO NO JARDIM HEITOR RIGON,2.0,1.0,1.0,42.0,Jardim Heitor Rigon,160000.0
82835.0,Apartamento de 68m² com 02 suítes à venda   Jardim Botânico,2.0,3.0,2.0,68.0,Jardim Botanico,395000.0
179903.0,APARTAMENTO NO CENTRO,1.0,1.0,1.0,47.0,Centro,265000.0
200513.0,Apartamento de 42m² com 02 quartos para locação e venda   Planalto Verde,2.0,1.0,1.0,42.0,Planalto Verde,170000.0
84527.0,APARTAMENTO À VENDA NO BAIRRO JARDIM NOVA ALIANÇA,2.0,2.0,2.0,76.0,Nova Alianca,420000.0
236822.0,Apartamento de 132m² com 02 suítes á venda   Jardim Botânico,2.0,4.0,2.0,132.0,Jardim Botanico,998000.0
214766.0,Lançamento Portugal 2207   Apartamento de 44m² com 01 quarto à venda   Santa Cruz do José Jacques,1.0,1.0,1.0,44.0,Santa Cruz do Jose Jacques,330550.2
144869.0,Apartamento de 42m² com 02 quartos para venda e locação   Valentina Figueiredo,2.0,1.0,1.0,42.0,Valentina Figueiredo,140000.0
102374.0,Apartamento de 103m² com 03 quartos para venda   Vila Monte Alegre,3.0,2.0,1.0,103.0,Vila Monte Alegre,500000.0
194429.0,Apartamento de 69m² com 02 quartos à venda   Jardim Irajá,2.0,2.0,1.0,69.0,Jardim Iraja,390000.0
176798.0,Apartamento de 68m² com 02 quartos à venda   Nova Aliança,2.0,3.0,1.0,68.0,Nova Alianca,621280.69
190769.0,Apartamento de 67 m² com 03 quartos para venda   Jardim Europa,3.0,2.0,1.0,67.0,Parque Industrial Lagoinha,260000.0
107282.0,APARTAMENTO NO CENTRO,3.0,2.0,1.0,103.0,Centro,310000.0
126635.0,APARTAMENTO NO RESIDENCIAL FLORIDA,1.0,1.0,1.0,36.0,Residencial Florida,271000.0
188423.0,Apartamento   Padrão,2.0,1.0,1.0,69.0,Ipiranga,195000.0
209162.0,Apartamento de 73m² com 02 quartos à venda   Lagoinha,2.0,2.0,1.0,73.0,Parque Industrial Lagoinha,320000.0
229652.0,Apartamento de 43m² com 02 quartos para locação e venda   Jardim Heitor Rigon,2.0,1.0,1.0,43.0,Jardim Heitor Rigon,133000.0
233714.0,Apartamento de 42m² com 02 quartos para venda e locação   Vila Virgínia,2.0,1.0,1.0,42.0,Vila Virginia,240000.0
192194.0,Apartamento de 67m² com 02 quartos para venda   Vila Amélia,2.0,1.0,1.0,67.0,Vila Amelia,244000.0
105242.0,APARTAMENTO NO ALTO DA BOA VISTA,3.0,2.0,1.0,80.0,Alto da Boa Vista,425000.0
169697.0,APARTAMENTO NO JARDIM PEDRA BRANCA,2.0,1.0,1.0,42.0,Jardim Pedra Branca,200000.0
37400.0,Apartamento de 34m² com 01 suíte para locação   Jardim Palma Travassos,1.0,1.0,1.0,34.0,Jardim Palma Travassos,180000.0
133472.0,Apartamento   Padrão,2.0,1.0,1.0,42.0,Jardim Joao Rossi,110000.0
213704.0,Apartamento de 42m² com 02 quartos à venda   Jardim Heitor Rigon,2.0,1.0,1.0,42.0,Jardim Heitor Rigon,125000.0
184139.0,Apartamento de 76m² com 02 quartos sendo 01 suíte à venda   Jardim Sumaré,2.0,2.0,1.0,76.0,Jardim Sumare,490000.0
206459.0,Apartamento de 237m² com 03 quartos para à venda   Jardim Ilhas do Sul,3.0,6.0,4.0,237.0,Jardim Ilhas do Sul,2100000.0
240440.0,Apartamento de 49m² com 02 quartos para locação   Residencial Monterrey,2.0,1.0,1.0,49.0,Residencial Monterrey,350000.0
138455.0,APARTAMENTO NO RESERVA REAL,2.0,1.0,1.0,41.0,Reserva Real,230000.0
245165.0,Apartamento de 367m² com 04 suítes à venda   Jardim Ilhas do Sul,4.0,5.0,2.0,367.0,Jardim Ilhas do Sul,3000000.0
64124.0,Apartamento de 64m² com 02 quartos para locação e venda   Jardim Botânico,2.0,2.0,1.0,64.0,Jardim Botanico,530000.0
175367.0,APARTAMENTO EM BONFIM PAULISTA,2.0,1.0,1.0,46.0,Reserva Sul Condominio,205000.0
195473.0,Apartamento de 57m² com 02 quartos e quintal à venda   Residencial Greenville,2.0,1.0,1.0,57.0,Residencial Greenville,260000.0
223928.0,Apartamento de 131m² com 03 suítes à venda   Nova Aliança,3.0,5.0,2.0,131.0,Nova Alianca,960000.0
245477.0,Apartamento térreo de 48m² com 02 quartos para venda   Parque dos Lagos,2.0,1.0,1.0,48.0,Parque dos Lagos,180000.0
226805.0,Apartamento de 43m² semi mobiliado com 02 quartos à venda   Reserva Macaúba,2.0,1.0,1.0,43.0,Reserva Macauba,199000.0
243002.0,Apartamento   Padrão,2.0,2.0,1.0,88.0,Jardim Botanico,450000.0
171860.0,APARTAMENTO NO RESIDENCIAL FLORIDA,2.0,2.0,1.0,65.0,Residencial Florida,260000.0
226214.0,Apartamento de 90m² com 03 quartos à venda   Quinta da Primavera,3.0,2.0,2.0,90.0,Quinta da Primavera,750000.0
92693.0,Apartamento de 67m² com 02 quartos á venda   Santa Cruz do José Jacques,2.0,2.0,1.0,67.0,Santa Cruz do Jose Jacques,360000.0
238052.0,Apartamento de 48m² com 02 quartos para locação e venda   Parque São Sebastião,2.0,1.0,1.0,48.0,Parque Sao Sebastiao,139000.0
159956.0,Apartamento de 32m² com 01 quarto para venda   Ana Maria,1.0,1.0,1.0,32.0,Vila Ana Maria,230000.0
244589.0,Apartamento de 73m² com 02 quartos para locação e venda   Bosque das Juritis,2.0,2.0,1.0,73.0,Bosque das Juritis,610000.0
243938.0,Exclusividade   Apartamento de 46m² com 02 quartos à venda   Clube Parque das Árvores,2.0,1.0,1.0,46.0,Jardim Manoel Penna,249000.0
191246.0,APARTAMENTO NO JARDIM PAULISTA,1.0,1.0,1.0,38.0,Jardim Paulista,150000.0
225617.0,Apartamento térreo de 40m² com 02 quartos à venda   Reserva Real,2.0,1.0,1.0,40.0,Reserva Real,195000.0
232145.0,Apartamento de 63m² com 01 suíte para venda e locação   Nova Aliança,1.0,2.0,1.0,63.0,Nova Alianca,800000.0
142748.0,Apartamento de 55m² com 01 quarto á venda   Centro,1.0,1.0,1.0,55.0,Centro,240000.0
189896.0,APARTAMENTO NO FLAMBOYANS,2.0,1.0,1.0,43.0,Loteamento Santa Marta,223000.0
150971.0,APARTAMENTO TÉRREO NO JOÃO ROSSI,2.0,1.0,1.0,41.0,Jardim Joao Rossi,106000.0
234914.0,Apartamento de 43m² com 02 quartos para Venda   Jardim Diva Tarlá de Carvalho,2.0,1.0,1.0,43.0,Jardim Diva Tarla de Carvalho,159000.0
82886.0,Apartamento de 44m² com 01 quarto venda   Nova Aliança,1.0,1.0,1.0,44.0,Nova Alianca,300000.0
107180.0,Apartamento de 171m² com 03 suítes à venda   Nova Aliança,3.0,5.0,2.0,171.0,Nova Alianca,1330000.0
148040.0,APARTAMENTO PRÓXIMO À AVENIDA PROFESSORA EDUL RANGEL RABELLO,2.0,1.0,1.0,44.0,Residencial Greenville,246000.0
183818.0,APARTAMENTO PRÓXIMO À AVENIDA CORONEL QUITO JUNQUEIRA,3.0,2.0,1.0,73.0,Campos Eliseos,250000.0
153692.0,Apartamento de 62m² com 02 suítes para locação   Jardim Califórnia,2.0,2.0,1.0,62.0,Jardim California,490000.0
152006.0,Apartamento mobiliado com 02 quartos para locação   Jardim Paulista,2.0,2.0,1.0,57.0,Jardim Paulista,235000.0
237815.0,Apartamento de 118 m² com 03 suítes para locação e venda   Jardim Botânico.,3.0,5.0,2.0,118.0,Jardim Botanico,720000.0
86609.0,Apartamento de 69m² com 02 quartos à venda   Nova Aliança,2.0,2.0,2.0,69.0,Nova Alianca,420000.0
181025.0,APARTAMENTO NO CENTRO REFORMADO,3.0,3.0,1.0,134.0,Jardim Sumare,640000.0
187217.0,Apartamento de 118m² com 03 suítes à venda   Jardim Saint Gerard,3.0,4.0,2.0,118.0,Jardim Saint Gerard,1155626.3
222980.0,Apartamento de 47m² com 02 quartos para locação e venda   Jardim José Figueira,2.0,1.0,1.0,47.0,Jardim Jose Figueira,200000.0
89894.0,Apartamento de 161m² com 04 quartos à venda   Centro,4.0,2.0,1.0,161.0,Centro,350000.0
64898.0,Apartamento de 65 m² com 02 quartos para locação   Centro,2.0,1.0,1.0,65.0,Centro,200000.0
171959.0,Apartamento com 146m² e 3 quartos à venda   Alto do Ipiranga,3.0,2.0,1.0,146.0,Alto do Ipiranga,339000.0
198779.0,Apartamento de 202m² com 03 suítes e 03 vagas   Jardim Irajá,3.0,5.0,3.0,202.0,Jardim Iraja,1200000.0
129353.0,Apartamento de 46m² com 02 quartos para venda   Ribeirânia,2.0,1.0,1.0,46.0,Ribeirania,200000.0
181226.0,Apartamento reformado de 144m² com 03 suítes à venda ? Jardim Botânico Edifício Victoria,3.0,5.0,2.0,144.0,Jardim Iraja,650000.0
227969.0,Apartamento de 69m² com 02 quartos para locação e venda   Ipiranga,2.0,1.0,1.0,69.0,Ipiranga,195000.0
190583.0,APARTAMENTO 2 DORMITÓRIOS NA VILA VIRGINIA,2.0,1.0,1.0,44.0,Vila Virginia,212000.0
147146.0,APARTAMENTO NO CENTRO,3.0,4.0,1.0,204.0,Centro,425000.0
232955.0,Apartamento de 46m² com 02 quartos à venda   Bonfim Paulista,2.0,1.0,1.0,46.0,Loteamento Santa Marta,265000.0
40637.0,Apartamento   Padrão,3.0,3.0,1.0,97.0,Campos Eliseos,320000.0
162701.0,Apartamento de 96m² com 03 quartos para venda   Jardim Paulista,3.0,2.0,1.0,96.0,Jardim Paulista,290000.0
238925.0,Apartamento de 44m² com 02 quartos para venda   Recreio das Acácias,2.0,1.0,1.0,44.0,Recreio das Acacias,235000.0
159944.0,Apartamento   Padrão,2.0,1.0,1.0,56.0,Parque Sao Sebastiao,289000.0
198362.0,APARTAMENTO NO CAMPOS ELÍSEOS,2.0,1.0,1.0,55.0,Campos Eliseos,300000.0
127733.0,Apartamento   Padrão,2.0,1.0,1.0,45.0,Republica,180000.0
100592.0,APARTAMENTO NO CENTRO,3.0,3.0,1.0,85.0,Centro,360000.0
48854.0,Apartamento de 151m² com 3 quartos   Santa Cruz do José Jacques,3.0,3.0,2.0,151.0,Santa Cruz do Jose Jacques,650000.0
192695.0,APARTAMENTO NO BAIRRO JARDIM MANOEL PENNA,2.0,2.0,1.0,57.0,Residencial Greenville,245000.0
139358.0,Apartamento de 34 m² com 01 Quarto   Residencial Greenville,1.0,1.0,1.0,34.0,Residencial Greenville,170000.0
58415.0,LINDO APARTAEMNTO NO IRAJA,3.0,3.0,2.0,108.0,Jardim Sao Luiz,450000.0
198218.0,APARTAMENTO DIFERENCIADO NO SILVIO PASSALACQUA,2.0,1.0,1.0,47.0,Conjunto Habitacional Silvio Passalacqua,150000.0
238019.0,Apartamento de 42 m² com 02 quartos à venda   Quintino Facci II,2.0,1.0,1.0,42.0,Quintino Facci II,235000.0
86474.0,Apartamento de 96m² com 03 quartos   Jardim Irajá,3.0,2.0,1.0,96.0,Jardim Iraja,400000.0
184652.0,Apartamento de 47m² com 2 quartos   Parque dos Lagos,2.0,1.0,1.0,47.0,Parque dos Lagos,150000.0
186494.0,APARTAMENTO NO CENTRO,1.0,1.0,1.0,40.0,Vila Seixas,225000.0
216032.0,Apartamento de 63m² com 02 quartos à venda   City Ribeirão,2.0,2.0,1.0,63.0,City Ribeirao,477792.57
179885.0,LINDO APARTAMENTO NO RESIDENCIAL DAS AMERICAS,1.0,1.0,1.0,48.0,Residencial das Americas,135000.0
193055.0,Apartamento de 156m² com 04 quartos para locação e venda   Centro,4.0,4.0,2.0,156.0,Centro,900000.0
103337.0,"Apartamento de 80m² com 3 quartos, 1 suíte   Jardim Botânico",3.0,2.0,2.0,80.0,Bosque das Juritis,600000.0
111830.0,Apartamento   Padrão,4.0,4.0,2.0,148.0,Jardim Botanico,1250000.0
80087.0,Apartamento de 02 quartos para locação   City Ribeirão,2.0,1.0,1.0,46.0,City Ribeirao,212000.0
234410.0,APARTAMENTO NO JARDIM BOTÂNICO,2.0,2.0,1.0,61.0,Jardim Botanico,320000.0
236930.0,Apartamento de 69m² com 03 quartos para locação e venda   Jardim Paulista,3.0,1.0,1.0,69.0,Jardim Paulista,250000.0
82316.0,Apartamento de 72m² com 02 quartos à venda   Nova Aliança,2.0,2.0,2.0,72.0,Nova Alianca,531000.0
54971.0,Apartamento de 75m² com 03 quartos para venda   Presidente Médici,3.0,2.0,1.0,75.0,Iguatemi,320000.0
83183.0,Apartamento de 65m² com 03 quartos à venda   Av. do Café,3.0,1.0,1.0,65.0,Vila Amelia,210000.0
221894.0,Apartamento de 58m² com 02 quartos sendo 01 suíte para venda   Ribeirânia,2.0,2.0,2.0,58.0,Ribeirania,510000.0
195782.0,Apartamento de 106m² com 03 quartos à venda   Jardim Irajá,3.0,2.0,1.0,106.0,Jardim Sao Luiz,390000.0
242582.0,Apartamento de 43m² com 02 quartos para venda   Vitta Heitor Rigon III,2.0,1.0,1.0,43.0,Jardim Heitor Rigon,159000.0
58478.0,APARTAMENTO NO PARQUE INDUSTRIAL LAGOINHA,2.0,1.0,1.0,55.0,Parque Industrial Lagoinha,300000.0
219827.0,Apartamento de 41m² com 02 quartos para locação e venda   Ipiranga,2.0,1.0,1.0,41.0,Ipiranga,160000.0
190733.0,Apartamento de 85m² com 3 quartos à venda   Jardim Macedo,3.0,2.0,1.0,85.0,Jardim Macedo,445200.0
199442.0,APARTAMENTO NO QUINTA SÃO JOSÉ,2.0,2.0,1.0,52.0,Quintas de Sao Jose,337000.0
228299.0,Apartamento de 41m² com 02 quartos para venda e locação   Conjunto Habitacional Sílvio Passalacqua,2.0,1.0,1.0,41.0,Conjunto Habitacional Silvio Passalacqua,149000.0
142754.0,Apartamento de 42m² com 02 quartos à venda   Jardim Vilico Cantarelli,2.0,1.0,1.0,42.0,Jardim Vilico Cantarelli,170000.0
162038.0,APARTAMENTO TÉRREO PRÓXIMO AO PARQUE CARLOS RAYA,2.0,2.0,1.0,50.0,Jardim Botanico,370000.0
216035.0,Apartamento de 44m² com 02 quartos para venda   Reserva Flor de Lotus,2.0,1.0,1.0,44.0,Recreio das Acacias,340000.0
90842.0,Apartamento de 42m² com 02 quartos para venda   Vila Vírginia,2.0,1.0,1.0,42.0,Vila Virginia,210000.0
91778.0,Apartamento   Padrão,2.0,1.0,1.0,42.0,Vila Virginia,212000.0
107387.0,Apartamento de 108m² com 03 quartos para locação e venda   Jardim Olhos D`Água,3.0,2.0,2.0,108.0,Jardim Olhos DAgua,950000.0
85487.0,****APARTAMENTO NO JARDIM PAULISTA****,3.0,2.0,1.0,89.0,Jardim Paulista,300000.0
166922.0,Apartamento de 42m² com 02 quartos à venda   Jardim Orestes Lopes de Camargo,2.0,1.0,1.0,42.0,Jardim Heitor Rigon,225663.0
212909.0,Apartamento de 42m² com 02 quartos à venda   Jardim João Rossi,2.0,1.0,1.0,42.0,Nova Alianca,69000.0
72767.0,Apartamento de 131m² com 04 quartos para locação   Jardim Irajá,4.0,4.0,2.0,131.0,Jardim Iraja,900000.0
99941.0,APARTAMENTO PRÓXIMO À AVENIDA MEIRA JÚNIOR,1.0,1.0,1.0,48.0,Jardim Paulista,200000.0
239060.0,Apartamento de 42m² com 02 quartos à venda   Jardim João Rossi,2.0,1.0,1.0,42.0,Jardim Joao Rossi,130000.0
184655.0,Apartamento de 02 quartos para locação   Jardim Botânico,2.0,2.0,1.0,65.0,Jardim Botanico,405000.0
241535.0,Apartamento de 51m² com 02 quartos para venda   Jardim Zara,2.0,1.0,1.0,51.0,Jardim Zara,265000.0
216437.0,Apartamento semimobiliado de 43m² com 01 quarto para locação e venda   Vila Seixas,1.0,1.0,1.0,43.0,Centro,230000.0
63386.0,Apartamento de 47m² com 01 quarto para locação e venda   Nova Aliança,1.0,1.0,1.0,47.0,Nova Alianca,245000.0
196052.0,Apartamento de 50m² com 01 quarto para locação  Alto da Boa Vista,1.0,1.0,1.0,50.0,Alto da Boa Vista,360000.0
181997.0,Apartamento de 54m² com 02 quartos à venda   Vila Monte Alegre,2.0,2.0,1.0,54.0,Vila Monte Alegre,485000.0
233459.0,Apartamento de 199m² com 03 quartos à venda   Centro,3.0,3.0,1.0,199.0,Centro,370000.0
175790.0,Apartamento de 107m² com 03 quartos à venda   Vila Seixas,3.0,2.0,2.0,107.0,Vila Seixas,320000.0
227555.0,Apartamento de 44m² com 02 quartos à venda   Jardim Eugênio Mendes Lopes,2.0,2.0,1.0,44.0,Jardim Eugenio Mendes Lopes,115000.0
220292.0,Apartamento de 95m² com 02 quartos à venda   Vila Seixas,2.0,2.0,1.0,95.0,Vila Seixas,298000.0
157820.0,Apartamento de 56m² com 02 qartos á venda   Parque São Sebastião,2.0,1.0,1.0,56.0,Parque Sao Sebastiao,270000.0
242180.0,Apartamento de 75m² com 02 quartos para locação e venda   Nova Aliança,2.0,2.0,2.0,75.0,Nova Alianca,480000.0
157598.0,Apartamento de 46m² com 02 quartos à venda   Jardim Manoel Penna,2.0,1.0,1.0,46.0,Jardim Manoel Penna,307400.0
135503.0,Apartamento de 91m² com 02 quartos para venda   Jardim Botânico,2.0,2.0,1.0,91.0,Jardim Botanico,350000.0
237551.0,Apartamento de 40m² com 02 quartos à venda   Recreio das Acácias,2.0,1.0,1.0,40.0,Recreio das Acacias,179000.0
167078.0,APARTAMENTO NO JD. INDEPENDÊNCIA,3.0,2.0,1.0,89.0,Independencia,410000.0
179039.0,LINDO APARTAMENTO NO JOSÉ FIGUEIRA,2.0,1.0,1.0,47.0,Jardim Jose Figueira,185000.0
159437.0,APARTAMENTO TÉRREO PRÓXIMO AO RIBEIRÃO SHOPPING,1.0,1.0,1.0,43.0,Vila Ana Maria,240000.0
198185.0,Apartamento de 01 quarto para locação   Centro,1.0,1.0,1.0,43.0,Centro,170000.0
165995.0,Apartamento duplex   Centro,1.0,1.0,1.0,41.0,Centro,190000.0
193097.0,APARTAMENTO NO RESERVA MACAÙBA,2.0,1.0,1.0,43.0,Reserva Macauba,240000.0
202724.0,LINDO APARTAMENTO RESIDENCIAL E COMERCIAL PALMARES,2.0,3.0,1.0,95.0,Residencial e Comercial Palmares,400000.0
147773.0,APARTAMENTO PRÓXIMO À UNIP,3.0,2.0,2.0,78.0,Nova Alianca,670000.0
233963.0,Apartamento de 101m² com 03 quartos à venda   Jardim Irajá,3.0,2.0,1.0,101.0,Jardim Iraja,395000.0
238880.0,Apartamento de 49m² com 02 quartos para locação e venda   Quinta da Primavera,2.0,1.0,1.0,49.0,Quinta da Primavera,320000.0
188156.0,LINDO APARTAMENTO NO JARDIM SÃO LUIZ,2.0,2.0,2.0,70.0,Jardim Sao Luiz,400000.0
207323.0,Apartamento de 70m² com 02 quartos à venda   Jardim Macedo,2.0,2.0,2.0,70.0,Jardim Macedo,350000.0
189506.0,Apartamento de 90m² com 03 quartos para venda   Presidente Médici,3.0,3.0,2.0,90.0,Presidente Medici,425000.0
89141.0,Apartamento de 100m² com 03 quartos á venda   Santa Cruz do José Jacques,3.0,2.0,1.0,100.0,Santa Cruz do Jose Jacques,399000.0
67985.0,Apartamento de 90m² com 03 quartos para locação   Vila Seixas,3.0,2.0,1.0,90.0,Vila Seixas,240000.0
221534.0,Apartamento de 52m² com 02 quartos à venda   Jardim Anhanguera,2.0,1.0,1.0,52.0,Jardim Anhanguera,265000.0
196343.0,APARTAMENTO NO CENTRO,3.0,2.0,1.0,140.0,Centro,330000.0
160403.0,APARTAMENTO NOVO NO BAIRRO JARDIM ANHANGUERA,2.0,1.0,1.0,51.0,Jardim Novo Mundo,263500.79
227009.0,Apartamento de 41m² com 02 quartos à venda   Jardim Reserva Real,2.0,1.0,1.0,41.0,Reserva Real,181000.0
115106.0,Apartamento de 02 quartos para locação   Jardim Independência,2.0,1.0,1.0,59.0,Independencia,250000.0
74408.0,Apartamento de 135m² com quartos para venda   Jardim Sumaré,3.0,3.0,1.0,135.0,Jardim Sumare,570000.0
97604.0,Apartamento de 58m² com 03 quartos sendo 01 suíte à venda   República,3.0,2.0,1.0,58.0,Republica,228000.0
80789.0,APARTAMENTO NO JARDIM SÃO LUIZ,1.0,1.0,1.0,46.0,Jardim Sao Luiz,220000.0
186350.0,Apartamento a Venda no Jardim Paulistano em Ribeirão Preto,2.0,1.0,1.0,46.0,Jardim Paulistano,270000.0
204725.0,Apartamento com 71m² com 02 quartos e quintal à venda   Alto da Boa Vista,2.0,2.0,1.0,71.0,Alto da Boa Vista,337758.0
139007.0,Apartamento de 134m² com 04 quartos à venda   Jardim Olhos D`Água II,4.0,3.0,2.0,134.0,Jardim Olhos DAgua,1013175.0
224861.0,Apartamento de 150m² com 03 suítes à venda   Jardim Olhos D`água,3.0,4.0,3.0,150.0,Jardim Olhos DAgua,1490000.0
90833.0,Apartamento de 112m² com 03 quartos à venda   Bosque das Juritis,3.0,3.0,2.0,112.0,Bosque das Juritis,650000.0
76532.0,Apartamento de 70m² com 02 quartos à venda   Nova Aliança,2.0,2.0,1.0,70.0,Nova Alianca,460000.0
187358.0,Apartamento de 52m² com 02 quartos à venda   Jardim Palma Travassos,2.0,1.0,1.0,52.0,Jardim Palma Travassos,160000.0
236120.0,Apartamento de 204m² com 03 quartos para venda   Centro,3.0,3.0,2.0,204.0,Centro,690000.0
109196.0,Apartamento de 67m² com 02 quartos à venda   Alto da Boa Vista,2.0,2.0,1.0,67.0,Alto da Boa Vista,350000.0
134297.0,Apartamento mobiliado de 134m² com 03 suítes para locação e venda   Jardim Olhos D`Água,3.0,5.0,2.0,134.0,Jardim Olhos DAgua,1650000.0
84095.0,Apartamento de 105m² com 03 quartos à venda   Campos Elíseos,3.0,2.0,1.0,105.0,Campos Eliseos,371000.0
201014.0,Apartamento de 42m² com 02 quartos para locação e venda   Jardim Florestan Fernandes,2.0,1.0,1.0,42.0,Jardim Florestan Fernandes,155000.0
245255.0,Apartamento de 85m² com 02 suítes para venda   Nova Aliança,2.0,3.0,2.0,85.0,Nova Alianca,791955.0
220934.0,Apartamento de 71m² de 02 quartos sendo 01 suíte à venda   Residencial Flórida,2.0,2.0,1.0,71.0,Residencial Florida,250000.0
232460.0,"Apartamento com 153 m², 03 quartos, para venda e locação   Jardim Olhos D´Água.",3.0,6.0,3.0,153.0,Jardim Olhos DAgua,1600000.0
68054.0,Apartamento de 49m² com 02 quartos sendo 01 suíte para venda   Sumarezinho,2.0,2.0,1.0,49.0,Sumarezinho,200000.0
163235.0,Apartamento de 34 m² com 1 quarto   Centro,1.0,1.0,1.0,34.0,Centro,190000.0
20411.0,Apartamento de 80m² com 03 quartos   Jardim Independência,3.0,1.0,1.0,80.0,Independencia,360000.0
194720.0,APARTAMENTO NO JARDIM PAULISTA,3.0,2.0,1.0,89.0,Jardim Paulista,430000.0
211817.0,Apartamento de 76m² com 02 quartos à venda   Centro,2.0,3.0,1.0,76.0,Centro,260000.0
89882.0,Apartamento de 69m² com 02 quartos à venda   Jardim Anhanguera,2.0,2.0,1.0,69.0,Jardim Anhanguera,235000.0
112934.0,APARTAMENTO NO CENTRO,3.0,2.0,2.0,83.0,Centro,640000.0
238736.0,Apartamento de 87m² com 03 quartos à venda   Lagoinha,3.0,2.0,1.0,87.0,Parque Industrial Lagoinha,460000.0
117032.0,APARTAMENTO PRÓX A AV DOM PEDRO,2.0,1.0,1.0,57.0,Ipiranga,191000.0
75596.0,Apartamento de 63m² com 02 quartos para locação e venda   Jardim Botânico,2.0,2.0,2.0,63.0,Jardim Botanico,386000.0
53249.0,Apartamento de 105m² com 03 quartos à venda   Campos Elíseos,3.0,2.0,1.0,105.0,Campos Eliseos,477000.0
168203.0,Apartamento de 124m² com 03 suítes para locação e venda   Jardim Canadá,3.0,4.0,3.0,124.0,Bonfim Paulista,1350000.0
152408.0,Apartamento de 82m² com 03 quartos para locação e venda   Palmares,3.0,2.0,2.0,82.0,Residencial e Comercial Palmares,255000.0
107879.0,Apartamento de 100m² com 03 quartos à venda   Condomínio Domaine Botanique,3.0,3.0,2.0,100.0,Jardim Iraja,950000.0
193355.0,AMPLO APARTAMENTO NO BAIRRO HIGIENÓPOLIS!,3.0,3.0,1.0,129.0,Centro,530000.0
164525.0,Apartamento de 66m² com 03 quartos para venda   Jardim Interlagos,3.0,2.0,1.0,66.0,Jardim Interlagos,320000.0
238331.0,Apartamento de 71m² com 03 quartos para venda   Ribeirânia,3.0,2.0,2.0,71.0,Ribeirania,670000.0
46265.0,Apartamento de 45m² com 01 quarto para locação e venda   Jardim Paulista,1.0,1.0,1.0,45.0,Jardim Paulista,300000.0
244154.0,Apartamento de 90m² com 02 suítes para locação e venda   Bosque das Juritis,2.0,3.0,2.0,90.0,Bosque das Juritis,750000.0
152387.0,Apartamento de 129m² com 03 quartos à venda   Centro,3.0,3.0,1.0,129.0,Centro,390000.0
122720.0,APARTAMENTO NO IPIRANGA,2.0,1.0,1.0,40.0,Ipiranga,157000.0
122366.0,APARTAMENTO NO CONDOMÍNIO RESIDENCIAL PARQUE ROMANCE,2.0,1.0,1.0,46.0,Jardim das Palmeiras,130000.0
240362.0,Apartamento de 70m² com 02 quartos sendo 01 suíte para a locação e venda   Jardim Botânico,2.0,2.0,1.0,70.0,Jardim Botanico,480000.0
242225.0,Apartamento   Padrão,2.0,2.0,1.0,59.0,Santa Cruz do Jose Jacques,650000.0
166259.0,Apartamento de 43m²   Parque dos Servidores,2.0,1.0,1.0,43.0,Residencial Parque dos Servidores,181000.0
187214.0,Apartamento de 118m² com 03 suítes à venda   Jardim Saint Gerard,3.0,4.0,2.0,118.0,Jardim Saint Gerard,1059324.14
200630.0,APARTAMENTO NA LAGOINHA,2.0,1.0,1.0,60.0,Ribeirania,170000.0
166676.0,APARTAMENTO NO CENTRO,2.0,2.0,1.0,41.0,Vila Seixas,255000.0
132746.0,Apartamento para venda de 03 quartos   Ipiranga,3.0,2.0,1.0,63.0,Ipiranga,190000.0
67469.0,Apartamento de 141m² com 03 quartos para locação   Centro,3.0,4.0,1.0,141.0,Centro,510000.0
204359.0,Apartamento de 75m² com 02 quartos   Jardim Botânico,2.0,2.0,1.0,75.0,Jardim Botanico,385000.0
99815.0,Apartamento de 53m² com 02 quartos á venda   Parque Bandeirantes,2.0,1.0,1.0,53.0,Parque dos Bandeirantes,215000.0
235697.0,Apartamento de 43m² com 01 suíte para venda   Quinta da Primavera,1.0,1.0,1.0,43.0,Quinta da Primavera,339000.0
101096.0,Apartamento   Padrão,2.0,2.0,1.0,90.0,Residencial e Comercial Palmares,350000.0
204443.0,Apartamento de 69m² com 02 quartos à venda   Nova Aliança,2.0,2.0,1.0,69.0,Nova Alianca,420000.0
144668.0,Apartamento de 45m²com 01 quarto para locação   Nova Aliança,1.0,1.0,1.0,45.0,Nova Alianca,250000.0
241427.0,Apartamento de 55m² com 02 quartos à venda   Vila Ana Maria,2.0,1.0,1.0,55.0,Vila Maria Luiza,260000.0
240146.0,Apartamento de 50m² com 01 suíte à venda   Parque Bandeirantes,1.0,1.0,1.0,50.0,Parque dos Bandeirantes,270000.0
187607.0,Apartamento de 68m² com 02 quartos à venda   Santa Cruz do José Jacques,2.0,2.0,1.0,68.0,Santa Cruz do Jose Jacques,370000.0
101537.0,Apartamento   Padrão,2.0,2.0,1.0,80.0,Centro,430000.0
220247.0,Apartamento de 81m² com 02 suítes à venda   Vila Ana Maria,2.0,3.0,2.0,81.0,Vila Ana Maria,850000.0
212741.0,Apartamento de 35m² com 01 quarto à venda   Vila Amélia,1.0,1.0,1.0,35.0,Vila Amelia,170000.0
159365.0,Apartamento de 54m² com 02 quartos para venda   Residencial e Comercial Palmares,2.0,1.0,1.0,54.0,Residencial e Comercial Palmares,254400.0
187883.0,Apartamento 93m² com 03 quartos à venda   Jardim Irajá,3.0,2.0,1.0,93.0,Jardim Iraja,340000.0
209615.0,Apartamento de 171m² com 03 suítes à venda   Nova Aliança,3.0,4.0,2.0,171.0,Nova Alianca,1420000.0
198863.0,Apartamento de 41m² com 02 quartos para locação e venda   Conjunto Habitacional Sílvio Passalacqua,2.0,1.0,1.0,41.0,Conjunto Habitacional Silvio Passalacqua,135000.0
169922.0,APARTAMENTO NO JARDIM JOÃO ROSSI,2.0,1.0,1.0,42.0,Jardim Joao Rossi,139000.0
243941.0,Lançamento: Square Residencial   Apartamento de 47m² com 02 quartos à venda   Vila Virgínia,2.0,1.0,1.0,47.0,Vila Virginia,360000.0
21389.0,Apartamento   Padrão,2.0,1.0,1.0,55.0,Jardim Paulista,220000.0
240620.0,Apartamento de 75m² com 03 quartos para locação e venda   Jardim Botânico,3.0,2.0,2.0,75.0,Jardim Botanico,500000.0
107537.0,APARTAMENTO NO JARDIM JOÃO ROSSI,2.0,1.0,1.0,63.0,Jardim Joao Rossi,112000.0
229376.0,Apartamento de 81m² com 02 suítes à venda   Vila Ana Maria,2.0,3.0,2.0,81.0,Vila Ana Maria,731850.0
220391.0,Apartamento térreo de 54m² com 02 quartos sendo 01 suíte à venda   Residencial Greenville,2.0,2.0,1.0,54.0,Residencial Greenville,260000.0
213287.0,Apartamento de 55m² com 02 quartos à venda   Residencial Monterrey,2.0,2.0,1.0,55.0,Residencial Monterrey,450000.0
19652.0,Apartamento de 96m² com 03 quartos   Bairro Jardim Paulista,3.0,2.0,1.0,96.0,Jardim Paulista,299900.0
162218.0,Excelente Duplex próx a Av. Castelo Branco,2.0,2.0,1.0,96.0,Parque Industrial Lagoinha,320000.0
130364.0,Apartamento de 95m²...Oportunidade!,3.0,2.0,1.0,95.0,Residencial e Comercial Palmares,250000.0
192752.0,Apartamento de 42m² com 01 quarto para venda   Vila Virgínia,1.0,1.0,1.0,42.0,Jardim Bela Vista,179000.0
224453.0,Apartamento de 126m² com 03 suítes à venda   Jardim Olhos D`Água,3.0,4.0,2.0,126.0,Jardim Olhos DAgua,1066945.0
204074.0,Apartamento de 107m² com 03 quartos à venda   Jardim Botânico,3.0,3.0,2.0,107.0,Jardim Botanico,990000.0
222071.0,Apartamento de 100m² com 03 quartos sendo 01 suíte à venda   Centro,3.0,3.0,1.0,100.0,Centro,630000.0
54965.0,Apartamento de 69m² com 03 quartos à venda   Jardim Paulista,3.0,1.0,1.0,69.0,Jardim Paulista,280000.0
190622.0,Apartamento com quintal em condomínio com lazer completo,2.0,1.0,1.0,40.0,Reserva Real,185000.0
182873.0,APARTAMENTO PRÓXIMO À AVENIDA DOUTOR FRANCISCO JUNQUEIRA,2.0,2.0,1.0,76.0,Centro,255000.0
100919.0,Apartamento de 90m² com 02 suítes à venda   Bosque das Juritis,2.0,3.0,2.0,90.0,Bosque das Juritis,850000.0
163307.0,Flat mobiliado de 32m² com 01 quarto para locação e venda   Nova Aliança,1.0,1.0,1.0,32.0,Nova Alianca,375000.0
145706.0,APARTAMENTO TÉRREO PARA LOCAÇÃO PRÓXIMO À USP,2.0,2.0,1.0,66.0,Vila Amelia,160000.0
236810.0,Apartamento mobiliado de 56m² com 01 suíte para locação e venda   Jardim Botânico,1.0,2.0,1.0,56.0,Jardim Botanico,795000.0
44471.0,APARTAMENTO PRÓXIMO À AVENIDA CASTELO BRANCO,1.0,1.0,1.0,36.0,Parque Industrial Lagoinha,180000.0
66089.0,Apartamento de 03 quartos para locação   Jardim Paulista,3.0,1.0,1.0,102.0,Jardim Paulista,270000.0
188021.0,Apartamento de 122m² com 03 quartos à venda   Jardim Ilhas do Sul,3.0,4.0,2.0,122.0,Jardim Ilhas do Sul,1332696.89
235106.0,Apartamento mobiliado de 82m² com 02 suítes para a locação e venda   Jardim Olhos D`Água,2.0,3.0,2.0,82.0,Jardim Olhos DAgua,999900.0
134039.0,* Excelente Oportunidade *,2.0,2.0,1.0,59.0,Vila Monte Alegre,260000.0
164048.0,Apartamento de 146m² com 04 quartos para locação e venda   Jardim São Luiz,4.0,4.0,3.0,146.0,Jardim Sao Luiz,742000.0
236087.0,Apartamento de 83m² com 02 quartos para locação   Vila Tibério,2.0,2.0,1.0,83.0,Vila Tiberio,240000.0
162665.0,Apartamento   Padrão,2.0,1.0,1.0,43.0,Jardim Diva Tarla de Carvalho,140000.0
217022.0,Apartamento de 83m² com 02 suítes à venda   Residencial Greenville,2.0,3.0,1.0,83.0,Residencial Greenville,390000.0
243095.0,Apartamento de 42m² com 01 quarto à venda   Jardim Sumaré,1.0,1.0,1.0,42.0,Jardim Sumare,395000.0
232796.0,Apartamento de 43m² com 02 quartos à venda   Jardim Heitor Rigon,2.0,1.0,1.0,43.0,Jardim Heitor Rigon,200000.0
212870.0,Apartamento de 55m² com 02 quartos à venda   Vila Virginia,2.0,1.0,1.0,55.0,Vila Virginia,230000.0
220016.0,Apartamento de 63m² com 03 quartos à venda   Jardim |nhanguera,3.0,2.0,1.0,63.0,Jardim Anhanguera,185000.0
174620.0,APARTAMENTO NA VILA ANA MARIA,2.0,2.0,1.0,56.0,Vila Ana Maria,450000.0
238916.0,Apartamento mobiliado de 73m² com 02 quartos à venda   Bosque das Juritis,2.0,1.0,1.0,73.0,Bosque das Juritis,770000.0
202820.0,Apartamento de 55m² com 02 quartos à venda   Residencial e Comercial Palmares,2.0,2.0,1.0,55.0,Residencial e Comercial Palmares,190000.0
188579.0,EXCELENTE APARTAMENTO PRÓXIMO Á AVENIDA INDEPENDÊNCIA,3.0,1.0,1.0,132.0,Vila Seixas,500000.0
197975.0,Apartamento de 209m² com 04 suítes à venda   Centro,4.0,5.0,2.0,209.0,Centro,850000.0
154268.0,Apartamento de 42m² com 02 quartos à venda   Jardim Florestan Fernandes,2.0,1.0,1.0,42.0,Jardim Florestan Fernandes,190000.0
200033.0,Apartamento de 75m² com 02 quartos à venda   Bairro Vila Amélia,2.0,2.0,1.0,75.0,Vila Amelia,550000.0
201302.0,Apartamento de 40m² com 02 quartos para venda e locação   Jardim Ouro Branco,2.0,1.0,1.0,40.0,Jardim Ouro Branco,140000.0
166151.0,APARTAMENTO PRÓXIMO AO RIBEIRÃO SHOPPING,1.0,1.0,1.0,54.0,Vila Ana Maria,400000.0
202685.0,Apartamento de 73m² com 02 quartos à venda   Ribeirânia,2.0,2.0,1.0,73.0,Ribeirania,460000.0
225296.0,Apartamento de 56m² com 02 quartos à venda   Alto do Ipiranga,2.0,1.0,1.0,56.0,Alto do Ipiranga,270000.0
192017.0,Apartamento de 93m² com 03 quartos para locação   Santa Cruz do José Jacques,3.0,2.0,2.0,93.0,Santa Cruz do Jose Jacques,580000.0
245582.0,Apartamento mobiliado de 104m² com 03 suítes para venda e locação   Vila do golf,3.0,4.0,2.0,104.0,Vila do Golf,750000.0
48581.0,Apartamento de 38m² com 01 quarto à venda   Presidente Medice,1.0,1.0,1.0,38.0,Presidente Medici,165000.0
189368.0,Apartamento duplex de 92m² com 03 quartos   Vila Recreio,3.0,2.0,1.0,92.0,Vila Recreio,290000.0
154019.0,Apartamento de 131m² com 03 quartos à venda   Jardim Irajá,3.0,4.0,2.0,131.0,Jardim Iraja,780000.0
208265.0,Apartamento de 254m² com 03 suítes à venda   Jardim Olhos D`Água,3.0,5.0,4.0,254.0,Jardim Olhos DAgua,2500000.0
239807.0,Apartamento de 100m² com 03 quartos sendo 01 suíte à venda   Centro,3.0,3.0,1.0,100.0,Centro,400000.0
88367.0,Apartamento de 03 quartos para locação   Jardim Botânico,3.0,2.0,2.0,75.0,Jardim Botanico,600000.0
25931.0,APARTAMENTO PRÓXIMO A AVENIDA CASTELO BRANCO,1.0,1.0,1.0,35.0,Parque Industrial Lagoinha,170000.0
125777.0,Apartamento de 32m² 01 quarto para locação   Bonfim Paulista,1.0,1.0,1.0,32.0,Loteamento Santa Marta,200000.0
222572.0,Apartamento de 47m² com 02 quartos à venda   Jardim Manoel Penna,2.0,1.0,1.0,47.0,Jardim Manoel Penna,212000.0
87560.0,Apartamento de 02 quartos para locação   Jd. Presidente Médici,2.0,1.0,1.0,72.0,Presidente Medici,210000.0
84635.0,Apartamento de 59m² com 02 quartos sendo 01 suíte à venda   Residencial Flórida,2.0,2.0,2.0,59.0,Residencial Florida,320000.0
139196.0,Apartamento de 02 dormitórios   Ipiranga,2.0,1.0,1.0,52.0,Ipiranga,187000.0
242120.0,Apartamento de 42m² com 02 quartos à venda   Jardim Zara,2.0,1.0,1.0,42.0,Jardim Zara,110000.0
225467.0,Apartamento   Padrão,4.0,6.0,4.0,243.0,Jardim Ilhas do Sul,2000000.0
97643.0,Apartamento de 93m² com 03 quartos à venda   Santa Cruz do José Jacques,3.0,1.0,2.0,93.0,Santa Cruz do Jose Jacques,610000.0
191894.0,APARTAMENTO PRÓXIMO À AVENIDA CASTELO BRANCO,1.0,1.0,1.0,41.0,Jardim Castelo Branco,170000.0
193187.0,Apartamento de 50m² com 02 quartos à venda   Jardim Novo Mundo,2.0,1.0,1.0,50.0,Jardim Novo Mundo,320000.0
165350.0,Apartamento de 42m² com 02 quartos para venda   Jardim José Wilson Toni,2.0,1.0,1.0,42.0,Jardim Jose Wilson Toni,224000.0
223862.0,Apartamento de 64m² com 02 quartos sendo 01 suíte à venda   Jardim Itaporã,2.0,2.0,1.0,64.0,Jardim Itapora,248000.0
232727.0,Apartamento de 61m² com 2 quartos á venda Nova Aliança,2.0,2.0,1.0,61.0,Nova Alianca,350000.0
131231.0,Apartamento   Padrão,2.0,3.0,2.0,88.0,Nova Alianca,550000.0
237113.0,Apartamento de 41m² com 02 quartos à venda   Reserva Real,2.0,1.0,1.0,41.0,Reserva Real,179000.0
223412.0,Apartamento de 52m² com 02 quartos à venda   Alto do Ipiranga,2.0,1.0,1.0,52.0,Alto do Ipiranga,255000.0
131507.0,Apartamento de 62m² com 03 quartos à venda   Alto do Ipiranga,3.0,2.0,1.0,62.0,Alto do Ipiranga,320000.0
63581.0,Apartamento com 72m² com 3 quartos à venda   Parque dos Bandeirantes,3.0,2.0,1.0,72.0,Parque dos Bandeirantes,220000.0
223772.0,Apartamento de 67m² com 02 quartos sendo 01 suíte à venda   Ipiranga,2.0,2.0,1.0,67.0,Alto do Ipiranga,190000.0
126611.0,APARTAMENTO NO JARDIM SANTA CECILIA,2.0,1.0,1.0,49.0,Jardim Santa Cecilia,180000.0
202331.0,Apartamento no Monte Alegre com 64 m²,3.0,2.0,1.0,64.0,Vila Monte Alegre,370000.0
198470.0,LINDO APARTAMENTO PARQUE DAS ROSEIRAS NO IPIRANGA,2.0,1.0,1.0,41.0,Ipiranga,165000.0
98870.0,Apartamento de 81m² com 03 quartos para venda   Sumarezinho,3.0,2.0,1.0,81.0,Sumarezinho,320000.0
171650.0,APARTAMENTO NA VILA TIBÉRIO,2.0,2.0,2.0,80.0,Vila Tiberio,360000.0
174446.0,APARTAMENTO NO QUINTINO FACCI II,2.0,1.0,1.0,52.0,Chacaras Pedro Correa de Carvalho,220000.0
237287.0,Apartamento de 42m² com 02 quartos   Vila Abranches,2.0,1.0,1.0,42.0,Vila Abranches,160000.0
135722.0,Apartamento de 103m² com 03 quartos sendo 01 suíte para locação e venda   Vila Seixas,3.0,3.0,2.0,103.0,Vila Seixas,420000.0
221957.0,Apartamento de 66m² com 03 quartos sendo 01 suíte à venda   Parque Industrial Lagoinha,3.0,2.0,1.0,66.0,Parque Industrial Lagoinha,245000.0
226496.0,Apartamento de 82m² com 02 quartos à venda   Jardim Nova Aliança Sul,2.0,2.0,2.0,82.0,Jardim Nova Alianca Sul,520000.0
209843.0,Apartamento de 53m² à venda   Residencial Greenville,2.0,2.0,1.0,53.0,Residencial Greenville,255000.0
240563.0,Apartamento de 168m² com 04 quartos para locação e venda   Centro,4.0,2.0,1.0,168.0,Centro,350000.0
213854.0,Apartamento térreo de 40m² com 02 quartos à venda   Jardim Cybelli,2.0,1.0,1.0,40.0,Jardim Cybelli,195000.0
158195.0,Apartamento de 72m² com 03 quartos para venda   Presidente Médici,3.0,1.0,1.0,72.0,Presidente Medici,300000.0
108008.0,Apartamento de 46m² com 01 quarto para locação e venda   Centro,1.0,1.0,1.0,46.0,Centro,212000.0
240545.0,Apartamento de 48m² com 02 quartos à venda   Jardim São Fernando,2.0,1.0,1.0,48.0,Jardim Sao Fernando,200000.0
59888.0,APARTAMENTO PRÓXIMO À AVENIDA JERÔNIMO GONÇALVES,3.0,2.0,2.0,99.0,Vila Tiberio,636000.0
161981.0,More na Nova Fiusa   TRIADE FIUSA HOME RESORT,2.0,2.0,1.0,55.0,Jardim Olhos DAgua,421498.0
219350.0,Apartamento de 54m² com 02 quartos à venda   Ipiranga,2.0,1.0,1.0,54.0,Ipiranga,276600.0
84926.0,Apartamento de 142 m² com 03 quartos   Jardim Sumaré,3.0,3.0,2.0,142.0,Jardim Sumare,540000.0
189284.0,Apartamento de 43m² com 01 quarto à venda   Vila Monte Alegre,1.0,1.0,1.0,43.0,Vila Monte Alegre,320000.0
41582.0,APARTAMENTO PRÓXIMO AO SHOPING SANTA ÚRSULA,1.0,1.0,1.0,49.0,Centro,265000.0
132029.0,APARTAMENTO DIFERENCIADO,2.0,1.0,1.0,49.0,Reserva Sul Condominio,265000.0
237974.0,Apartamento de 85m² com 02 suítes para locação e venda   Nova Aliança,2.0,3.0,2.0,85.0,Nova Alianca,725000.0
207287.0,Apartamento de 54m² com 02 quartos para locação e venda   Campos Elíseos,2.0,1.0,1.0,54.0,Ipiranga,360000.0
129302.0,Apartamento de 76m² com 02 suítes para locação   Jardim Botânico,2.0,3.0,2.0,76.0,Jardim Botanico,585000.0
123401.0,Apartamento duplex de 60m² com 01 quarto   Jardim Palma Travassos,1.0,1.0,1.0,60.0,Jardim Palma Travassos,210000.0
168572.0,Apartamento de 62m² com 02 quartos para locação e venda   Vila Maria Luiza,2.0,2.0,1.0,62.0,Vila Maria Luiza,300000.0
210317.0,Apartamento de 45m² com 02 quartos para locação   Quintino Facci II,2.0,1.0,1.0,45.0,Quintino Facci II,170000.0
136562.0,APARTAMENTO NO CENTRO,1.0,1.0,1.0,47.0,Centro,150000.0
87941.0,Apartamento de 74m² com 03 quartos   Parque Industrial Lagoinha,3.0,2.0,1.0,74.0,Parque Industrial Lagoinha,320000.0
115973.0,Apartamento de 70m² com 02 quartos à venda   Jardim Macedo,2.0,2.0,2.0,70.0,Jardim Macedo,375000.0
188045.0,Apartamento de 218m² com 03 suítes à venda   Bosque das Juritis,3.0,4.0,3.0,218.0,Bosque das Juritis,2120000.0
237743.0,Apartamento de 48m² com 02 quartos para venda   Campos Elíseos,2.0,1.0,1.0,48.0,Campos Eliseos,230000.0
245654.0,Apartamento de 158m² com 03 suítes à venda   Jardim Botânico,3.0,5.0,2.0,158.0,Jardim Botanico,1280000.0
118268.0,APARTAMENTO PRÓXIMO AO SHOPPING SANTA ÚRSULA,2.0,3.0,1.0,68.0,Centro,320000.0
25841.0,Apartamento de 82m² com 03 quartos   Jardim Palma Travassos,3.0,2.0,2.0,82.0,Jardim Castelo Branco,290000.0
137312.0,Apartamento de 104m² com 03 quartos sendo 01 suíte à venda   Centro,3.0,3.0,2.0,104.0,Centro,450000.0
120197.0,APARTAMENTO PRÓXIMO À USP,1.0,1.0,1.0,35.0,Vila Amelia,170000.0
223499.0,Apartamento de 48m² com 02 quartos à venda   Bonfim Paulista,2.0,1.0,1.0,48.0,Jardim Sao Fernando,280000.0
127160.0,Apartamento de 45m² com 01 quarto à venda   Centro,1.0,1.0,1.0,45.0,Centro,140000.0
187847.0,Apartamento de 114m² com 03 quartos para venda   Jardim Irajá,4.0,2.0,2.0,114.0,Jardim Iraja,954000.0
121025.0,Apartamento de 40m² com 01 quarto à venda   Bosque dos Juritis,1.0,1.0,1.0,40.0,Bosque das Juritis,300000.0
141452.0,APARTAMENTO PRÓXIMO À AVENIDA LUIGI ROSIELO,1.0,1.0,1.0,45.0,Vila Monte Alegre,150000.0
201245.0,Apartamento de 39m² com 01 suíte para locação   Jardim Paulista,1.0,1.0,1.0,39.0,Jardim Paulista,170000.0
91835.0,Apartamento de 97m² com 03 quartos para locação   Centro,3.0,2.0,1.0,97.0,Centro,380000.0
235067.0,Apartamento de 76 m² com 03 quartos   Presidente Médici,3.0,1.0,1.0,76.0,Jardim Palma Travassos,300000.0
201869.0,APARTAMENTO PARA VENDA NO BAIRRO JARDIM PAULISTA,1.0,1.0,1.0,44.0,Jardim Paulista,179000.0
125987.0,Apartamento   Padrão,1.0,1.0,1.0,41.0,Ipiranga,160000.0
238295.0,Apartamento e 71m² com 02 quartos à venda   Jardim Botânico,2.0,2.0,3.0,71.0,Jardim Botanico,420000.0
227117.0,Apartamento de 45m² com 02 quartos para locação e venda   Bonfim Paulista,2.0,1.0,1.0,45.0,Quinta da Primavera,375000.0
218723.0,Apartamento mobiliado de 44m² com 01 quarto à venda   Nova Aliança,1.0,1.0,1.0,44.0,Nova Alianca,297000.0
201353.0,Apartamento de 42m² com 02 quartos   Valentina Figueiredo,2.0,1.0,1.0,42.0,Valentina Figueiredo,140000.0
201800.0,Apartamento de 62m² com 02 quartos   Ribeirânia,2.0,2.0,1.0,62.0,Ribeirania,400000.0
133385.0,APARTAMENTO NO NOVA ALIANÇA,1.0,1.0,1.0,42.0,Nova Alianca,223000.0
175763.0,Apartamento de 72m² com 3 quartos na Lagoinha.,3.0,2.0,1.0,72.0,Parque Industrial Lagoinha,350000.0
186602.0,APARTAMENTO NO JARDIM HEITOR RIGON,2.0,1.0,1.0,43.0,Jardim Heitor Rigon,189900.0
147791.0,Apartamento mobiliado para locação e venda   Centro,1.0,1.0,1.0,49.0,Centro,400000.0
183419.0,APARTAMENTO PRÓXIMO À RODOVIA ANHANGUERA,2.0,1.0,1.0,43.0,Jardim Interlagos,175000.0
114383.0,Apartamento   Padrão,2.0,2.0,1.0,65.0,Jardim Palma Travassos,235000.0
207392.0,Apartamento de 110m² com 02 suítes e varanda gourmet à venda   Bonfim Paulista,2.0,3.0,2.0,110.0,Bonfim Paulista,750000.0
157028.0,Apartamento de 118m² com 03 suítes à venda   Jardim Olhos D`Água,3.0,5.0,2.0,118.0,Jardim Olhos DAgua,1100000.0
173756.0,Apartamento de 49m² com 01 suíte à venda   Nova Aliança,1.0,2.0,1.0,49.0,Nova Alianca,330000.0
207494.0,Apartamento com Suíte e armários de 57m²   Ipiranga,2.0,2.0,1.0,57.0,Ipiranga,318000.0
149627.0,Apartamento de 44m² com 02 quartos à venda   Jardim Paulista,2.0,1.0,1.0,44.0,Jardim Paulista,270000.0
83501.0,Apartamento de 74m² com 03 quartos   Parque Industrial Lagoinha,3.0,2.0,1.0,74.0,Parque Industrial Lagoinha,320000.0
129626.0,APARTAMENTO COM LOCALIZAÇÃO PRIVILEGIADA PRÓXIMO AO RIBEIRÃO SHOPPING,1.0,1.0,1.0,41.0,Vila Ana Maria,191000.0
115661.0,Apartamento térreo de 43m² com 02 quartos à venda   Sumarezinho,2.0,1.0,1.0,43.0,Sumarezinho,185000.0
175679.0,APARTAMENTO NO JARDIM IRAJÁ,1.0,1.0,1.0,37.0,Jardim Iraja,186000.0
92681.0,APARTAMENTO PRÓXIMO À AVENIDA INDEPENDÊNCIA,2.0,1.0,1.0,71.0,Alto da Boa Vista,240000.0
149288.0,APARTAMENTO PRÓXIMO À AVENIDA CASTELO BRANCO,2.0,1.0,1.0,46.0,Parque Industrial Lagoinha,215000.0
188876.0,Apartamento de 85m² com 03 quartos para locação e venda   Jardim Macedo,3.0,1.0,1.0,85.0,Jardim Macedo,320000.0
174080.0,Apartamento de 180m² com 04 quartos à venda   Jardim São Luiz,4.0,5.0,3.0,180.0,Jardim Sao Luiz,900000.0
168869.0,Apartamento de 367m² com 04 suítes à venda   Jardim Ilhas do Sul,4.0,7.0,4.0,367.0,Jardim Ilhas do Sul,3000000.0
140462.0,Apartamento de 49m² com 02 quartos para locação e venda   Jardim Ouro Branco,2.0,1.0,1.0,49.0,Jardim Ouro Branco,225000.0
235814.0,Apartamento de 63m² com 02 quartos para venda   Jardim Sumaré,2.0,2.0,1.0,63.0,Jardim Sumare,610000.0
135086.0,Apartamento de 49m² com 02 quartos à venda   Ipiranga,2.0,2.0,1.0,49.0,Ipiranga,191000.0
132998.0,"Apartamento 99,10m² com 03 Quartos a venda   Vila Tibério",3.0,2.0,1.0,10.0,Vila Tiberio,380000.0
119498.0,APARTAMENTO NO PRESIDENTE MEDICI,2.0,2.0,1.0,72.0,Presidente Medici,191000.0
188549.0,Apartamento com 48m² com 02 quartos   Ipiranga,2.0,1.0,1.0,48.0,Ipiranga,267000.0
152063.0,APARTAMENTO PRÓXIMO À AVENIDA PIO XII,2.0,1.0,1.0,55.0,Vila Virginia,160000.0
145913.0,EXCELENTE APARTAMENTO NO VITTA VIA NORTE,2.0,1.0,1.0,42.0,Quintino Facci II,175000.0
216452.0,Apartamento de 71m² com 02 quartos à venda   Ribeirânia,2.0,2.0,1.0,71.0,Ribeirania,500000.0
200306.0,Apartamento de 80m² com 03 quartos à venda   Residencial e Comercial Palmares,3.0,2.0,2.0,80.0,Residencial e Comercial Palmares,350000.0
135110.0,**** EXCELENTE OPORTUNIDADE****,2.0,1.0,1.0,86.0,Centro,510000.0
89612.0,Apartamento de 34m² com 01 quarto á venda   Vila Ana Maria,1.0,1.0,1.0,34.0,Vila Ana Maria,223000.0
235133.0,Apartamento de 97m² com 03 quartos à venda   Vila Seixas,3.0,3.0,2.0,97.0,Vila Seixas,450000.0
197249.0,APARTAMENTO PRÓXIMO À AVENIDA MONTEIRO LOBATO,2.0,1.0,1.0,42.0,Vila Virginia,170000.0
121742.0,Apartamento de 47m² com 02 quartos para locação e venda   Residencial Greenville,2.0,1.0,1.0,47.0,Residencial Greenville,245000.0
171956.0,Apartamento com 146m² e 3 quartos à venda   Alto do Ipiranga,3.0,2.0,1.0,146.0,Alto do Ipiranga,309000.0
67403.0,Apartamento de 202m² com 03 quartos planejados à venda   Centro,3.0,3.0,1.0,202.0,Higienopolis,465000.0
104330.0,APARTAMENTO NA CITY RIBEIRÃO,1.0,2.0,1.0,60.0,City Ribeirao,250000.0
140639.0,Apartamento térreo de 49m² com 02 quarto à venda   Residencial Jequitibá,2.0,1.0,1.0,49.0,Residencial Jequitiba,190000.0
84038.0,Apartamento de 118m² com 03 quartos   Jardim São Luiz,3.0,2.0,1.0,118.0,Jardim Sao Luiz,583000.0
156113.0,APARTAMENTO PRÓXIMO À RODOVIA ANTÔNIO MACHADO SANTANNA,2.0,1.0,1.0,47.0,Reserva Sul Condominio,170000.0
197945.0,APARTAMENTO NO IPIRANGA,2.0,1.0,1.0,47.0,Alto do Ipiranga,280000.0
51713.0,Apartamento de 55m² á venda   Vila Virgínia,1.0,1.0,1.0,55.0,Vila Virginia,215000.0
213266.0,Apartamento de 66m² com 02 quartos à venda   Vila Amélia,2.0,2.0,1.0,66.0,Vila Amelia,180000.0
235556.0,Apartamento de 42m° com 01 quarto para à venda   Jardim Botânico,1.0,2.0,1.0,42.0,Jardim Botanico,212000.0
178283.0,Apartamento de 75m² com 03 quartos à venda   Nova Aliança,3.0,3.0,1.0,75.0,Nova Alianca,756840.15
244346.0,Apartamento de 45m² com 01 quarto à venda   Nova Aliança,1.0,1.0,1.0,45.0,Nova Alianca,265000.0
207359.0,Apartamento de 51m² com 02 quartos à venda   Ipiranga,2.0,1.0,1.0,51.0,Residencial das Americas,260000.0
189656.0,Apartamento de 46m² com 02 quartos para locação   Recreio das Acácias,2.0,1.0,1.0,46.0,Recreio das Acacias,350000.0
60185.0,APARTAMENTO NO RESIDENCIAL PALMARES,2.0,2.0,1.0,70.0,Residencial e Comercial Palmares,265000.0
177215.0,Apartamento de 197m² com 03 suítes à venda   Jardim Olhos D`Água II,3.0,4.0,2.0,197.0,Jardim Olhos DAgua,2100000.0
191036.0,APARTAMENTO NO IPIRANGA,2.0,1.0,1.0,46.0,Residencial das Americas,160000.0
180053.0,Apartamento de 55m² com 02 quartos à venda   Vila Virgínia,2.0,1.0,1.0,55.0,Vila Virginia,150000.0
240071.0,Apartamento de 42m² com 02 quartos à venda   Jardim Maria Goretti,2.0,1.0,1.0,42.0,Jardim Maria Goretti,227900.0
198254.0,APARTAMENTO NO CENTRO,3.0,2.0,1.0,123.0,Centro,350000.0
238286.0,Apartamento de 195m² com 03 suítes à venda   Vila do Golf,3.0,4.0,4.0,195.0,Residencial Alto do Ipe,1700000.0
238469.0,Apartamento de 42m² com 02 quartos à venda   Jardim João Rossi,2.0,1.0,1.0,42.0,Jardim Joao Rossi,120000.0
179678.0,APARTAMENTO NO QUINTINO FACCI II,2.0,2.0,1.0,56.0,Chacaras Pedro Correa de Carvalho,224400.0
234023.0,Apartamento de 254m² com 04 suítes para venda e locação   Jardim Olhos D`Água,4.0,6.0,4.0,254.0,Jardim Olhos DAgua,2200000.0
220121.0,Apartamento de 134m² com 03 quartos sendo 01 suíte para locação   Jardim Sumaré,3.0,3.0,1.0,134.0,Jardim Sumare,450000.0
239258.0,Apartamento de 97m² com 03 quartos à venda   Parque dos Bandeirantes,3.0,2.0,2.0,97.0,Parque dos Bandeirantes,330000.0
140477.0,Apartamento de 48m² com 02 quartos à venda   Vila Maria Luiza,2.0,1.0,1.0,48.0,Vila Maria Luiza,225000.0
127034.0,Apartamento de 45m² com 01 quarto   Nova Aliança,1.0,1.0,1.0,45.0,Nova Alianca,250000.0
133196.0,Apartamento de 80m² com 03 quartos a venda   Jardim Palma Travassos,3.0,2.0,1.0,80.0,Jardim Palma Travassos,310000.0
92537.0,Apartamento de 131m² com 03 quartos para venda   Nova Aliança,3.0,4.0,2.0,131.0,Nova Alianca,1050000.0
229664.0,Apartamento de 45m² com 02 quartos à venda   Parque São Sebastião,2.0,1.0,1.0,45.0,Parque Sao Sebastiao,170000.0
33035.0,EXCELENTE APARTAMENTO PRÓXIMO À AVENIDA LEÃO XIII,3.0,2.0,1.0,84.0,Parque Industrial Lagoinha,245000.0
157307.0,Apartamento de 03 quartos para locação   Santa Cruz,3.0,2.0,1.0,84.0,Santa Cruz do Jose Jacques,550000.0
203183.0,Apartamento de 163m² com 03 quartos à venda   Jardim Botânico,3.0,4.0,3.0,163.0,Jardim Botanico,1230000.0
218990.0,Apartamento de 57m² com 02 quartos para venda   Ipiranga,2.0,2.0,1.0,57.0,Ipiranga,306000.0
96611.0,Apartamento de 176m² com 03 quartos à venda   Jardim São Luiz,3.0,4.0,3.0,176.0,Jardim Sao Luiz,1100000.0
216557.0,Apartamento de 39m² com 02 quartos   Parque São Sebastião,2.0,1.0,1.0,39.0,Parque Sao Sebastiao,180000.0
243164.0,Apartamento térreo de 42m² com 02 quartos para venda   Vitta Heitor Rigon II,2.0,1.0,1.0,42.0,Valentina Figueiredo,136000.0
170930.0,Lindo Apartamento a 7min do Shopping Santa Úrsula,2.0,1.0,1.0,71.0,Vila Virginia,379314.04
192314.0,LINDO APARTAMENTO NO PALÁCIO DE WINDSOR,2.0,1.0,1.0,40.0,Reserva Real,175000.0
227225.0,Apartamento de 80m² com 02 quartos à venda   Sumarezinho,2.0,2.0,1.0,80.0,Sumarezinho,420000.0
202757.0,Apartamento de 237m² com 03 suítes à venda   Jardim Olhos D`Água,3.0,5.0,4.0,237.0,Jardim Ilhas do Sul,1800000.0
23948.0,Apartamento de 45m² com 01 quarto   Jardim Irajá,1.0,1.0,1.0,45.0,Jardim Iraja,305000.0
206054.0,Apartamento de 44m² com 02 quartos à venda   Ipiranga,2.0,1.0,1.0,44.0,Ipiranga,200000.0
146777.0,Apartamento de 02 quartos para venda   Jardim Vilico Cantarelli,2.0,1.0,1.0,45.0,Jardim Vilico Cantarelli,140000.0
150167.0,Apartamento de 89m² com 02 quartos à venda   Residencial e Comercial Palmares,3.0,2.0,1.0,89.0,Residencial e Comercial Palmares,350000.0
112511.0,Apartamento   Padrão,2.0,2.0,1.0,72.0,Vila Amelia,371000.0
175661.0,APARTAMENTO NO RESIDENCIAL GREENVILLE,2.0,1.0,1.0,44.0,Residencial Greenville,170000.0
143675.0,APARTAMENTO DIFERENCIADO,2.0,2.0,1.0,69.0,Jardim Anhanguera,280000.0
144104.0,Apartamento de 64m² com 03 quartos sendo 01 suíte à venda   Iguatemi,3.0,2.0,1.0,64.0,Jardim Palma Travassos,320000.0
136400.0,Apartamento de 317m² com 04 suítes à venda   Centro,5.0,5.0,3.0,317.0,Centro,590000.0
173801.0,APARTAMENTO TÉRREO NO JARDIM PALMA TRAVASSOS,2.0,1.0,1.0,52.0,Jardim Palma Travassos,180000.0
224828.0,Apartamento de 37m² com 01 quarto à venda   Nova Aliança,1.0,1.0,1.0,37.0,Nova Alianca,230000.0
162116.0,Apartamento de 42m² com 01 quarto à venda   Nova Aliança.,1.0,1.0,1.0,42.0,Nova Alianca,250000.0
104342.0,Apartamento de 59m² com 01 suíte para locação e venda   City Ribeirão,1.0,2.0,1.0,59.0,City Ribeirao,420000.0
78728.0,Apartamento   Padrão,3.0,4.0,2.0,180.0,Ipiranga,310000.0
172451.0,EXCELENTE IMÓVEL NO VILA ANA MARIA,2.0,2.0,2.0,82.0,Vila Ana Maria,345000.0
168530.0,APARTAMENTO NO IPIRANGA,2.0,2.0,1.0,62.0,Ipiranga,268557.5
84200.0,Apartamento de 01 quarto para locação  Jardim California,1.0,1.0,1.0,42.0,Jardim California,230000.0
182615.0,APARTAMENTO PRÓXIMO À AVENIDA DOUTOR FRANCISCO JUNQUEIRA,3.0,2.0,1.0,109.0,Centro,300000.0
172352.0,APARTAMENTO NO JARDIM PAULISTA,2.0,2.0,2.0,81.0,Jardim Paulista,450000.0
237776.0,Apartamento de 88m² com 02 suítes para locação e venda   Quinta da Primavera,2.0,3.0,2.0,88.0,Quinta da Primavera,750000.0
28520.0,Apartamento a poucos metros do Parque Raya,3.0,2.0,2.0,111.0,Jardim Iraja,480000.0
131297.0,APARTAMENTO NOVO NO BAIRRO RIBEIRÂNIA,2.0,2.0,1.0,73.0,Ribeirania,464467.92
242723.0,Apartamento de 155m² com 03 suítes à venda   Bosque das Juritis,3.0,5.0,3.0,155.0,Bosque das Juritis,1180000.0
199655.0,APARTAMENTO LINDO MOBILIADO NO RIBEIRÃO VERDE,2.0,1.0,1.0,60.0,Jardim Florestan Fernandes,210000.0
217385.0,Apartamento de 49m² com 02 quartos para locação e venda   Jardim Novo Mundo,2.0,1.0,1.0,49.0,Jardim Novo Mundo,265000.0
180509.0,Apartamento térreo de 92m² com 02 Suítes a venda   Jardim botânico,2.0,3.0,2.0,92.0,Jardim Botanico,460000.0
234083.0,Apartamento de 57m² com 02 quartos para locação e venda   Jardim Califórnia,2.0,1.0,2.0,57.0,Jardim California,689000.0
213539.0,Apartamento de 41m² com 02 quartos à venda   Residencial Jequitibá,2.0,1.0,1.0,41.0,Residencial Jequitiba,169000.0
186635.0,Apartamento de 02 quartos para locação   Jardim Paulista,2.0,2.0,2.0,71.0,Jardim Paulista,340000.0
187832.0,Apartamento de 44m² com 01 quarto à venda   Nova Aliança,1.0,1.0,1.0,44.0,Nova Alianca,350000.0
122717.0,EXCELENTE APARTAMENTO À VENDA NO BAIRRO VILA TIBÉRIO,2.0,1.0,1.0,66.0,Vila Amelia,192000.0
213989.0,Apartamento de 55m² com 02 quartos à venda   Jardim Olhos D`Água,2.0,2.0,1.0,55.0,Jardim Olhos DAgua,365000.0
232478.0,Apartamento,2.0,1.0,1.0,47.0,Jardim Centenario,250000.0
86762.0,Apartamento próximo ao COC,1.0,1.0,1.0,39.0,Ribeirania,265000.0
210287.0,Apartamento de 80m² com 02 suítes à venda   Jardim Olhos D`água,2.0,3.0,2.0,80.0,Bonfim Paulista,870000.0
214637.0,Apartamento de 73m² com 03 quartos à venda   Jardim Zaneti,3.0,2.0,1.0,73.0,Jardim Zaneti,405000.0
232424.0,Apartamento de 42m² com 02 quartos à venda   Residencial Parque dos Servidores,2.0,1.0,1.0,42.0,Residencial Parque dos Servidores,140000.0
112790.0,Apartamento   Padrão,2.0,1.0,1.0,47.0,City Ribeirao,220000.0
203570.0,APARTAMENTO NO BAIRRO JARDIM ANHANGUERA,3.0,2.0,1.0,100.0,Jardim Anhanguera,270000.0
109466.0,Apartamento de 122m² com 03 quartos   Centro,4.0,3.0,2.0,122.0,Centro,500000.0
234152.0,Apartamento de 55m² com 02 quartos à venda   Vila Virgínia,2.0,1.0,1.0,55.0,Vila Virginia,165000.0
121811.0,Apartamento   Padrão,2.0,1.0,1.0,64.0,Residencial Parque dos Servidores,125000.0
177203.0,APARTAMENTO NO CENTRO,3.0,3.0,1.0,92.0,Jardim Sumare,300000.0
233405.0,Apartamento de 111m² com 03 quartos sendo 01 suíte para locação   Nova Aliança,3.0,4.0,2.0,111.0,Nova Alianca,795000.0
182009.0,Apartamento de 45m² com 02 quartos à venda   Parque dos Lagos,2.0,1.0,1.0,45.0,Parque dos Lagos,170000.0
89546.0,Apartamento de 100m² com 03 quartos à venda   Santa Cruz do José Jacques,3.0,2.0,1.0,100.0,Santa Cruz do Jose Jacques,435000.0
133862.0,Apartamento   Padrão,2.0,2.0,1.0,52.0,Residencial Greenville,245000.0
241442.0,Apartamento de 42m² com 02 quartos para venda e locação   Jardim Heitor Rigon,2.0,1.0,1.0,42.0,Jardim Heitor Rigon,190000.0
166820.0,APARTAMENTO NO CENTRO,3.0,2.0,2.0,122.0,Centro,520000.0
160676.0,Apartamento de 93m² com 02 suítes para locação   Bairro Jardim Anhanguera,2.0,3.0,2.0,93.0,Jardim Anhanguera,420000.0
92993.0,Apartamento de 78m² com 02 quartos à venda   Jardim Irajá,2.0,1.0,1.0,78.0,Jardim Iraja,320000.0
213611.0,Lançamento Artse   Apartamento de 183m² com 03 suítes à venda   Jardim Ilhas do Sul,3.0,5.0,3.0,183.0,Jardim Ilhas do Sul,1746181.11
126266.0,APARTAMENTO NO CAMPOS ELÍSEOS,3.0,1.0,1.0,58.0,Campos Eliseos,235000.0
204935.0,Apartamento térreo de 62m² com 02 quartos à venda   Residencial Flórida,2.0,1.0,1.0,62.0,Residencial Florida,320000.0
175646.0,APARTAMENTO NA CITY RIBEIRÃO,2.0,1.0,1.0,49.0,City Ribeirao,212000.0
98504.0,EXCELNTE APARTAMENTO PRÓXIMO À FACULDADE BARÃO DE MAUÁ,3.0,2.0,1.0,69.0,Jardim Paulista,250000.0
5747.0,Apartamento de 48m² com 01 quarto   Higienópolis,1.0,1.0,1.0,48.0,Higienopolis,200000.0
231320.0,Apartamento de 41m² com 02 quartos á venda   Residencial Jequitibá,2.0,1.0,1.0,41.0,Residencial Jequitiba,260000.0
179330.0,OTIMO APARTAMENTO NO MONTE ALEGRE,2.0,2.0,1.0,84.0,Vila Monte Alegre,310000.0
240722.0,Apartamento de 128m² com 03 suítes à venda   Jardim Canadá,3.0,5.0,2.0,128.0,Jardim Canada,850000.0
128135.0,Apartamento   Padrão,1.0,1.0,1.0,27.0,Jardim California,300000.0
143792.0,Apartamento de 81m² com 03 quartos para locação e venda   Sumarezinho,3.0,3.0,1.0,81.0,Sumarezinho,350000.0
85556.0,Apartamento   Padrão,1.0,1.0,1.0,64.0,Centro,170000.0
149411.0,APARTAMENTO PRÓXIMO À AVENIDA ALFREDO RAVANELI,2.0,1.0,1.0,46.0,Parque Sao Sebastiao,175000.0
87551.0,APARTAMENTO NO JARDIM BOTÂNICO,3.0,2.0,2.0,75.0,Jardim Botanico,695000.0
98198.0,Apartamento de 01 quarto á venda   Vila Seixas,1.0,1.0,1.0,39.0,Vila Seixas,250000.0
188036.0,Apartamento de 92m² com 02 quartos à venda   Jardim Ilhas do Sul,2.0,3.0,2.0,92.0,Jardim Ilhas do Sul,898799.28
132260.0,Apartamento   Padrão,3.0,2.0,1.0,59.0,Campos Eliseos,220000.0
174974.0,APARTAMENTO NO JARDIM CASTELO BRANCO,3.0,2.0,2.0,83.0,Jardim Castelo Branco,280000.0
240719.0,Apartamento de 42m² com 02 quartos à venda   Jardim José Wilson Toni,2.0,1.0,1.0,42.0,Jardim Jose Wilson Toni,160000.0
226838.0,Apartamento reformado de 41m² com 02 quartos à venda   Bairro Reserva Real,2.0,1.0,1.0,41.0,Reserva Real,180000.0
128075.0,Apartamento de 03 dormitórios   Campos Elíseos,3.0,3.0,1.0,97.0,Campos Eliseos,370000.0
224924.0,Apartamento de 49m² com 01 quarto à venda   Centro,1.0,1.0,1.0,49.0,Centro,195000.0
221510.0,Apartamento de 43m² com 02 quartos à venda   Vila Mariana,2.0,1.0,1.0,43.0,Alto do Ipiranga,190000.0
241478.0,Apartamento de 42m² com 02 quartos à venda   Campos Elíseos,2.0,1.0,1.0,42.0,Campos Eliseos,152000.0
83258.0,Apartamento de 49m² com 01 quarto à venda   Bairro Jardim Macedo,1.0,1.0,1.0,49.0,Jardim Macedo,150000.0
216386.0,Apartamento de 126m² com 03 suítes à venda   Jardim Olhos D`Água,3.0,4.0,2.0,126.0,Jardim Olhos DAgua,1280000.0
232265.0,Apartamento de 227m² com 03 quartos para venda   Jardim Ilhas do Sul,3.0,4.0,1.0,227.0,Jardim Ilhas do Sul,1895000.0
123641.0,APARTAMENTO PRÓXIMO À RUA JOÃO BIM,3.0,1.0,1.0,53.0,Jardim Paulistano,190000.0
150152.0,APARTAMENTO PRÓXIMO AO MIALICH,2.0,1.0,1.0,43.0,Jardim Diva Tarla de Carvalho,162000.0
219431.0,Apartamento térreo de 42m² com 02 quartos para locação e venda   Recanto das Palmeiras,2.0,1.0,1.0,42.0,Recanto das Palmeiras,170000.0
108071.0,Apartamento de 132m² com 03 quartos para locação e venda   Jardim Botânico,3.0,4.0,2.0,132.0,Jardim Botanico,700000.0
240707.0,Apartamento de 43m² com 02 quartos à venda   Reserva Macaúba,2.0,1.0,1.0,43.0,Reserva Macauba,150000.0
193250.0,Apartamento de 48m² com 02 quartos à venda   Quintas de São José,2.0,1.0,1.0,48.0,Quintas de Sao Jose,296000.0
240914.0,Apartamento de 210m² com 04 quartos à venda   Centro,4.0,4.0,1.0,210.0,Centro,439990.0
180836.0,APARTAMENTO NO PARQUE SÃO SEBASTIÃO,2.0,1.0,1.0,56.0,Parque Sao Sebastiao,250000.0
191603.0,Apartamento no centro reformado   97m².!!,3.0,2.0,1.0,97.0,Centro,450000.0
27248.0,APARTAMENTO NO PARQUE INDUSTRIAL LAGOINHA,1.0,1.0,1.0,25.0,Parque Industrial Lagoinha,180000.0
212771.0,Apartamento de 48m² 02 quartos para locação e venda   Ipiranga,2.0,1.0,1.0,48.0,Ipiranga,250000.0
204029.0,Apartamento de 88m² com 02 quartos para venda e locação   Bosque das Juritis,2.0,2.0,2.0,88.0,Bosque das Juritis,520000.0
238835.0,Apartamento de 46m² com 02 quartos à venda   Parque Industrial Lagoinha,2.0,1.0,1.0,46.0,Parque Industrial Lagoinha,205000.0
186629.0,Ótimo apartamento próximo ao Sesi,3.0,2.0,1.0,72.0,Presidente Medici,265000.0
225254.0,Apartamento de 64m² com 02 quartos à venda   Presidente Médici,2.0,2.0,1.0,64.0,Presidente Medici,250000.0
181679.0,Apartameto de 87m² com 03 quartos   Jardim Irajá,3.0,2.0,1.0,87.0,Jardim Iraja,410000.0
105611.0,Apartamento com 02 suítes para locação e venda   Santa Cruz,2.0,3.0,2.0,76.0,Santa Cruz do Jose Jacques,510000.0
96914.0,APARTAMENTO PRÓXIMO À AVENIDA PROF. JOÃO FIÚSA,2.0,2.0,1.0,53.0,Alto da Boa Vista,350000.0
244877.0,Apartamento de 67m² com 01 quarto à venda   Ribeirânia,2.0,1.0,1.0,67.0,Nova Ribeirania,510000.0
223538.0,Apartamento de 134m² com 03 suítes à venda   Jardim Olhos D`Água,3.0,5.0,2.0,134.0,Jardim Olhos DAgua,1106730.0
217121.0,Apartamento de 133m² com 03 suítes à venda   Nova Aliança,3.0,4.0,2.0,133.0,Nova Alianca,1158096.0
183428.0,APARTAMENTO PRÓXIMO À AVENIDA JOÃO BATISTA DUARTE,2.0,1.0,1.0,43.0,Valentina Figueiredo,150000.0
122684.0,APARTAMENTO NO PARQUE INDUSTRIAL LAGOINHA,2.0,1.0,1.0,42.0,Parque Industrial Lagoinha,250000.0
169562.0,APARTAMENTO NO CENTRO,3.0,3.0,1.0,140.0,Centro,500000.0
200360.0,APARTAMENTO NO JOÃO ROSSI,2.0,1.0,1.0,42.0,Jardim Joao Rossi,150000.0
215531.0,Apartamento de 153m² com 03 suítes para locação e venda   Jardim Olhos D`Água,3.0,5.0,3.0,153.0,Jardim Olhos DAgua,1400000.0
126866.0,Apartamento de 41m² com 01 quarto para à venda   Jardim Irajá,1.0,1.0,1.0,41.0,Jardim Iraja,250000.0
212858.0,Apartamento de 42m² com 02 quartos à venda   Jardim Heitor Rigon,2.0,1.0,1.0,42.0,Jardim Heitor Rigon,138000.0
34739.0,Apartamento de 02 quartos para locação   Vila Virginia,2.0,2.0,2.0,90.0,Vila Virginia,240000.0
92462.0,EXCELENTE APARTAMENTO À VENDA NO CENTRO DE RIBEIRÃO PRETO,2.0,2.0,1.0,65.0,Centro,225000.0
157532.0,Apartamento de 64m² com 02 quartos sendo 01 suíte   Jardim Palma Travassos,2.0,2.0,1.0,64.0,Jardim Palma Travassos,285000.0
182948.0,Apartamento   Padrão,3.0,2.0,1.0,86.0,Residencial e Comercial Palmares,260000.0
181220.0,Apartamento de 64m² com 02 quartos e 02 suítes à venda   Jardim Botanico,2.0,3.0,2.0,64.0,Jardim Botanico,405000.0
238394.0,Apartamento de 40m² com 02 quartos à venda   Parque dos Pinus,2.0,1.0,1.0,40.0,Parque dos Pinus,160000.0
157739.0,APARTAMENTO PRÓXIMO À UNAERP,2.0,1.0,1.0,51.0,Presidente Medici,220000.0
159953.0,APARTAMENTO NO BAIRRO CITY RIBEIRÃO,2.0,2.0,1.0,52.0,City Ribeirao,287000.0
231380.0,Apartamento de 43m² à venda   Recreio das Acácias,2.0,1.0,1.0,43.0,Recreio das Acacias,230000.0
109013.0,Apartamento de 81m² com 02 suítes   Vila Ana Maria,2.0,3.0,2.0,81.0,Vila Ana Maria,712000.0
242810.0,Apartamento de 42m² com 02 quarto à venda   Avelino Alves Palma,2.0,1.0,1.0,42.0,Quintino Facci II,179000.0
186332.0,Apartamento de 71m² com 03 quartos para locação e venda   Ribeirânia,3.0,2.0,2.0,71.0,Ribeirania,720000.0
202997.0,Apartamento reformado com 03 quartos à venda   Centro,4.0,4.0,1.0,141.0,Centro,410000.0
122213.0,Apartamento de 42 m² com 02 quartos para venda   Via Virginia,2.0,1.0,1.0,42.0,Vila Virginia,170000.0
111974.0,Apartamento   Padrão,3.0,2.0,1.0,148.0,Centro,399000.0
202874.0,Apartamento de 68m² com 03 quartos à venda   Lagoinha,3.0,2.0,1.0,68.0,Parque Industrial Lagoinha,455000.0
134555.0,Apartamento de 44m² com 01 quarto à venda   Jardim Paulista,1.0,1.0,1.0,44.0,Jardim Paulista,235000.0
95036.0,APARTAMENTO NO JARDIM IRAJÁ,2.0,2.0,1.0,56.0,Jardim Iraja,320000.0
115031.0,Apartamento   Padrão,2.0,1.0,1.0,53.0,Campos Eliseos,245000.0
215216.0,Apartamento de 54m² com 02 quartos à venda   Jardim Zara,2.0,2.0,1.0,54.0,Jardim Zara,270000.0
239009.0,Apartamento de 90m² com 03 quartos à venda   Jardim Olhos d´agua,3.0,2.0,2.0,90.0,Jardim Olhos DAgua,765651.19
202325.0,EXCELENTE APARTAMENTO NO VALENTINA FIGUEIREDO,2.0,1.0,1.0,43.0,Valentina Figueiredo,169000.0
173405.0,APARTAMENTO MOBILIADO NO CENTRO,1.0,1.0,1.0,42.0,Vila Seixas,235000.0
128630.0,Apartamento de 79m² com 03 quartos à venda   Campos Elíseos,3.0,2.0,1.0,79.0,Parque dos Bandeirantes,400000.0
207758.0,Apartamento de 44m² com 02 quartos à venda   Reserva Imperial,2.0,1.0,1.0,44.0,Residencial Greenville,255000.0
181796.0,APARTAMENTO NO PLANALTO VERDE,2.0,1.0,1.0,42.0,Planalto Verde,181000.0
148865.0,APARTAMENTO PRÓXIMO À RODOVIA ANTÔNIO MACHADO SANTANNA,2.0,1.0,2.0,41.0,Residencial Jequitiba,231000.0
100913.0,Excelente apartamento reformado no Vila Seixas.,3.0,2.0,2.0,107.0,Vila Seixas,350000.0
135812.0,APARTAMENTO NOS CAMPOS ELÍSEOS,2.0,1.0,1.0,58.0,Campos Eliseos,250000.0
231044.0,Apartamento de 63m² com 02 quartos à venda   Jardim Botânico,2.0,2.0,1.0,63.0,Jardim Botanico,360000.0
192290.0,Apartamento de 96m² com 3 quartos   Jardim Paulistano,3.0,2.0,1.0,96.0,Jardim Paulistano,350000.0
227858.0,Apartamento de 46m² com 01 quarto à venda   Centro,1.0,1.0,1.0,46.0,Centro,185000.0
218147.0,Apartamento de 75m² com 02 quartos à venda   Vila Amélia,2.0,2.0,1.0,75.0,Vila Amelia,260000.0
99848.0,Apartamento de 133m² com 04 quartos à venda   Jardim Nova Aliança Sul,4.0,4.0,2.0,133.0,Jardim Nova Alianca Sul,899000.0
146708.0,APARTAMENTO PRÓXIMO À RODOVIA ANHANGUERA,2.0,1.0,1.0,42.0,Jardim Ouro Branco,185000.0
148214.0,APARTAMENTO PRÓXIMO À AVENIDA NOVE DE JULHO,3.0,3.0,1.0,142.0,Centro,600000.0
130829.0,ÓTIMO APARTAMENTO NO JD. SUMARÉ,3.0,3.0,2.0,142.0,Jardim Sumare,580000.0
228308.0,Apartamento de 135m² com 03 quartos à venda   Jardim Sumaré,3.0,4.0,2.0,135.0,Jardim Sumare,450000.0
218576.0,Apartamento de 166m² com 02 suítes à venda   Jardim Irajá,3.0,5.0,3.0,166.0,Jardim Iraja,980000.0
116618.0,Apartamento de 108m² com 03 suítes para locação e venda   Bosque das Juritis,3.0,4.0,2.0,108.0,Bosque das Juritis,1000000.0
157856.0,Apartamento de 49m² com 02 quartos para venda   Jardim José Wilson Toni,2.0,1.0,1.0,49.0,Jardim Jose Wilson Toni,140000.0
209240.0,Apartamento de 56m² com 02 quartos para locação e venda   Reserva Macaúba,2.0,1.0,1.0,56.0,Reserva Macauba,207000.0
232769.0,"Apartamento com 153 m², 03 quartos, para venda e locação   Jardim Olhos D´Água.",3.0,6.0,3.0,153.0,Jardim Olhos DAgua,1600000.0
134018.0,"Apartamento de 86m² com 03 quartos, sendo 01 suíte à venda   Quinta da Primavera",3.0,3.0,2.0,86.0,Quinta da Primavera,670000.0
175925.0,Apartamento de 167m² com 04 quartos   Higienópolis,4.0,4.0,2.0,167.0,Higienopolis,650000.0
93605.0,Apartamento de 80m² com 03 quartos para locação   Alto da Boa Vista,3.0,2.0,1.0,80.0,Alto da Boa Vista,400000.0
90875.0,Apartamento de 54m² com 02 quartos à venda   Parque Industrial Lagoinha,2.0,1.0,1.0,54.0,Parque Industrial Lagoinha,381000.0
240299.0,Apartamento de 81m² com 02 suítes à venda   Nova Aliança,2.0,3.0,2.0,81.0,Nova Alianca,629000.0
135344.0,APARTAMENTO MOBILIADO NO JARDIM FLORESTAN FERNANDES,2.0,1.0,1.0,42.0,Jardim Florestan Fernandes,150000.0
154520.0,Apartamento térreo de 69m² com 2 quartos à venda no Residencial Palmares,2.0,2.0,1.0,69.0,Residencial e Comercial Palmares,270000.0
179630.0,APARTAMENTO NO QUINTINO FACCI II,2.0,2.0,1.0,56.0,Chacaras Pedro Correa de Carvalho,224400.0
138536.0,APARTAMENTO NO JARDIM MARCHESI,2.0,1.0,1.0,43.0,Condominio Uirapuru,186000.0
237206.0,Apartamento de 94m² com 03 quartos à venda   Parque Bandeirantes,3.0,2.0,2.0,94.0,Parque dos Bandeirantes,420000.0
102287.0,APARTAMENTO PRÓXIMO AO NOVO SHOPPING,2.0,1.0,1.0,60.0,Parque dos Lagos,200000.0
236267.0,Apartamento de 82m² com 02 quartos para locação   Alamedas do Botânico,3.0,2.0,1.0,82.0,Alamedas do Botanico,750000.0
202391.0,EXCELENTE APARTAMENTO PARA VENDA NO BAIRRO CAMPOS ELISEOS,3.0,1.0,1.0,74.0,Jardim Paulistano,212000.0
104249.0,Apartamento de 122m² com 03 quartos para venda   Centro,3.0,3.0,1.0,122.0,Centro,440000.0
233675.0,Apartamento de 59m² com 02 quartos sendo 01 suíte à venda   Residencial Flórida,2.0,2.0,2.0,59.0,Residencial Florida,350000.0
235796.0,Apartamento/Padrão   Residencial   No bairro Jardim Olhos D`Água   Tríade Fiúsa Home Resort,2.0,2.0,1.0,55.0,Jardim Olhos DAgua,450000.0
179843.0,APARTAMENTO NO JOSÉ FIGUEIRA,2.0,1.0,1.0,47.0,Jardim Jose Figueira,170000.0
96218.0,Apartamento de 48m² com 01 suíte para locação   Jardim Irajá,1.0,2.0,1.0,48.0,Jardim Iraja,185000.0
108212.0,Apartamento de 47m² com 02 quartos á venda   Alto do Ipiranga,2.0,1.0,1.0,47.0,Alto do Ipiranga,260000.0
216029.0,Apartamento de 80m² com 03 quartos à venda   City Ribeirão,3.0,2.0,1.0,80.0,City Ribeirao,622667.57
182969.0,Apartamento de 44m² com 02 quartos à venda   Jardim Paulista,2.0,1.0,1.0,44.0,Jardim Paulista,270000.0
217157.0,Apartamento de 49m² com 02 quartos à venda   Jardim Sumaré,2.0,1.0,1.0,49.0,Jardim Sumare,230000.0
186794.0,Apartamento de 218m² com 03 suítes à venda   Bosque das Juritis,3.0,5.0,3.0,218.0,Bosque das Juritis,1535000.0
167018.0,Apartamento de 101m² com 04 quartos à venda   Jd. Nova Aliança,4.0,3.0,2.0,101.0,Nova Alianca,690000.0
209360.0,Apartamento de 112m² com 02 suítes para locação e venda   Bosque das Juritis,2.0,3.0,2.0,112.0,Bosque das Juritis,1100000.0
129164.0,Apartamento kitnet de 32m² com 01 quarto para locação e venda   Vila Monte Alegre,1.0,1.0,1.0,32.0,Vila Monte Alegre,129000.0
151955.0,APARTAMENTO NO IPIRANGA,2.0,1.0,2.0,41.0,Ipiranga,175000.0
170309.0,Apartamento de 81m² com 2 suítes   Vila Ana Maria,2.0,2.0,2.0,81.0,Vila Ana Maria,715500.0
155222.0,Pronto para Morar: Magnólia   Apartamento de 82m² com 03 quartos com suíte à venda   Jardim Botânico,3.0,2.0,2.0,82.0,Jardim Botanico,835442.19
189593.0,Apartamento de 01 quarto à venda   Jardim Irajá,1.0,1.0,1.0,51.0,Jardim Iraja,550000.0
169439.0,Apartamento de 42.50 m² com 02 quartos para venda,2.0,1.0,1.0,50.0,Jardim Jose Wilson Toni,145000.0
228185.0,Apartamento de 218m² com 03 suítes à venda   Bosque das Jurutis,3.0,5.0,3.0,218.0,Bosque das Juritis,1749000.0
212558.0,Apartamento de 41m² com 02 quartos para locação e venda   Reserva Real,2.0,1.0,1.0,41.0,Reserva Real,170000.0
237734.0,Apartamento de 69m² com 03 quartos à venda   Jardim Paulista,3.0,1.0,1.0,69.0,Jardim Paulista,230000.0
153596.0,APARTAMENTO PRÓXIMO À RODOVIA ANTÔNIO DUARTE NOGUEIRA,3.0,2.0,1.0,62.0,Nova Alianca,424000.0
214946.0,Apartamento de 43m² com 02 quartos à venda   Valentina Figueiredo,2.0,1.0,1.0,43.0,Valentina Figueiredo,205000.0
98864.0,APARTAMENTO NA VILA VIRGNÍNIA,2.0,1.0,1.0,42.0,Vila Virginia,170000.0
215762.0,Apartamento de 158m² com 04 quartos para locação e venda   Centro,4.0,4.0,2.0,158.0,Centro,400000.0
76412.0,Apartamento de 46m² com 01 quarto à venda   Nova Aliança,1.0,1.0,1.0,46.0,Nova Alianca,350000.0
109715.0,Apartamento de 84m² com 03 quartos à venda   Nova Aliança Sul,3.0,2.0,2.0,84.0,Jardim Nova Alianca Sul,530000.0
202136.0,APARTAMENTO NO CENTRO,3.0,2.0,1.0,155.0,Centro,550000.0
90533.0,Apartamento de 01 quarto para locação   Centro,1.0,1.0,1.0,51.0,Centro,190000.0
115202.0,Apartamento de 03 quartos para locação   Jd. Castelo Branco,3.0,2.0,1.0,68.0,Jardim Castelo Branco,290000.0
184688.0,Apartamento de 166m² com 03 quartos à venda   Jardim Olhos D´Água,3.0,5.0,2.0,166.0,Jardim Olhos DAgua,1481402.98
240389.0,Apartamento de 42m² com 02 quartos para locação   Jardim José Wilson Toni,2.0,1.0,1.0,42.0,Jardim Jose Wilson Toni,160000.0
245171.0,Apartamento de 43m² com 02 quartos à venda   Valentina Figueiredo,2.0,1.0,1.0,43.0,Valentina Figueiredo,180000.0
240239.0,Apartamento de 85m² com 02 suítes para locação e venda   Nova Aliança,2.0,3.0,2.0,85.0,Nova Alianca,710000.0
151130.0,Apartamento de 103m² com 03 quartos à venda   Centro,3.0,2.0,1.0,103.0,Centro,390000.0
192611.0,APARTAMENTO NO PARQUE DOS MANACAS,2.0,1.0,1.0,43.0,Chacaras Pedro Correa de Carvalho,200000.0
243092.0,"Apartamento de 55m² com 02 quartos sendo 1 suíte, para Venda   Residencial Monterrey",2.0,2.0,1.0,55.0,Residencial Monterrey,460000.0
178787.0,Lançamento em Bonfim Paulista! Montverde Residencial,2.0,1.0,1.0,55.0,Bonfim Paulista,299000.0
168989.0,APARTAMENTO NO JARDIM MACEDO,1.0,1.0,1.0,49.0,Jardim Macedo,160000.0
117512.0,Apartamento   Padrão,2.0,1.0,1.0,43.0,Vila Virginia,185000.0
83054.0,APARTAMENTO CONDOMÍNIO RESERVA SUL,2.0,2.0,1.0,55.0,Reserva Sul Condominio,215000.0
219623.0,Apartamento de 39m² com 02 quartos para locação e venda   Residencial das Américas,2.0,1.0,1.0,39.0,Residencial das Americas,115000.0
96242.0,Apartamento de 78m² com 03 quartos à venda   Jardim Califórnia,3.0,2.0,2.0,78.0,Residencial Florida,270000.0
197534.0,Apartamento para locação de 2 quartos  Jardim Paulistano,2.0,1.0,1.0,48.0,Jardim Paulistano,308000.0
95642.0,Apartamento de 120m² com 03 quartos à venda   Centro,3.0,2.0,2.0,120.0,Centro,450000.0
240833.0,Apartamento de 44m² com 02 quartos à venda   Recreio das Acácias,2.0,1.0,1.0,44.0,Recreio das Acacias,240000.0
167957.0,Apartamento de 55m² com 02 quartos para venda e locação   Iguatemi,2.0,1.0,1.0,55.0,Iguatemi,395000.0
243707.0,Apartamento de 55m² com 02 quartos sendo 01 suíte à venda   Jardim Olhos D`Água,2.0,2.0,1.0,55.0,Jardim Olhos DAgua,450000.0
103922.0,APARTAMENTO PRÓXIMO AO SHOPPING SANTA ÚRSULA,3.0,3.0,1.0,141.0,Centro,360000.0
140180.0,Apartamento de 100m² com 03 quartos à venda   Jardim Irajá,3.0,2.0,1.0,100.0,Jardim Iraja,450000.0
138611.0,Apartamento de 62m² com 03 quartos à venda   Presidente Médici,3.0,2.0,1.0,62.0,Presidente Medici,259000.0
155195.0,Apartamento de 110m² com 02 suítes   Bonfim Paulista,2.0,3.0,2.0,110.0,Bonfim Paulista,742000.0
193352.0,APARTAMENTO NO ALTO DO IPIRANGA,3.0,2.0,1.0,62.0,Alto do Ipiranga,330000.0
219002.0,Apartamento de 292m² com 04 suítes à venda   Jardim Botânico,4.0,7.0,4.0,292.0,Jardim Botanico,2250000.0
186407.0,Ótimo apartamento próximo à Unaerp,3.0,3.0,2.0,107.0,Iguatemi,400000.0
204857.0,Apartamento de 43m² com 02 quartos à venda   Parque dos Pinus,2.0,1.0,1.0,43.0,Jardim Heitor Rigon,240000.0
140702.0,Apartamento para venda de 55m² de 02 quartos   Vila Virginia,2.0,1.0,1.0,55.0,Vila Virginia,180000.0
151946.0,Apartamento de 252m² com 03 suítes à venda   Centro,4.0,5.0,3.0,252.0,Centro,1350000.0
170261.0,Apartamento de 61m² com 02 quartos à venda   Vila Monte Alegre,2.0,1.0,1.0,61.0,Vila Monte Alegre,320000.0
224120.0,Apartamento de 65m² com 02 suítes à venda   Residencial Taiwan,2.0,3.0,1.0,65.0,Residencial Taiwan,530000.0
158384.0,APARTAMENTO DIFERENCIADO NO JARDIM BOTÂNICO,2.0,3.0,2.0,73.0,Jardim Botanico,480000.0
244409.0,Apartamento de 95m² com 03 quartos sendo 1 suíte para venda   Campos Eliseos,3.0,2.0,2.0,95.0,Campos Eliseos,549000.0
242462.0,Apartamento de 61m² com 02 quartos à venda   Ipiranga,2.0,1.0,1.0,61.0,Ipiranga,210000.0
202751.0,APARTAMENTO NO TRIADE FIUSA HOME RESORT,2.0,2.0,1.0,55.0,Jardim Olhos DAgua,440000.0
156551.0,Apartamento de 83m² com 03 quartos à venda   Presidente Médici,3.0,1.0,1.0,83.0,Presidente Medici,265000.0
153932.0,APARTAMENTO TÉRREO PRÓXIMO A AVENIDA RECIFE,2.0,1.0,1.0,42.0,Jardim Florestan Fernandes,212000.0
170717.0,Apartamento de 45m² com 01 quarto à venda   Nova Ribeirânia,1.0,2.0,1.0,45.0,Nova Ribeirania,410000.0
211991.0,Apartamento de 52m² com 02 quartos para locação   Quintas de São José,2.0,2.0,1.0,52.0,Quintas de Sao Jose,380000.0
231974.0,Apartamento de 71m² com 02 quartos à venda   Bosque das Juritis,2.0,2.0,2.0,71.0,Bosque das Juritis,530000.0
236759.0,Apartamento de 108m² com 03 suítes para locação e venda   Jardim Olhos d´agua,3.0,4.0,2.0,108.0,Jardim Olhos DAgua,1000000.0
151481.0,APARTAMENTO NA RUA NITERÓI,2.0,1.0,1.0,46.0,Parque Industrial Lagoinha,220000.0
153779.0,Apartamento de 40m² com 02 quartos à venda   Jardim Helena,2.0,1.0,1.0,40.0,Reserva Real,180000.0
216098.0,Apartamento de 80m² com 03 quartos à venda   Vila Tibério,3.0,2.0,2.0,80.0,Vila Tiberio,390000.0
211277.0,Apartamento de 48m² 02 quartos para locação e venda   Bonfim Paulista,2.0,1.0,1.0,48.0,Reserva Sul Condominio,250000.0
86579.0,Apartamento de 49m² com 02 quartos sendo 01 suíte para locação e venda  Nova Aliança,2.0,1.0,1.0,49.0,Nova Alianca,260000.0
192755.0,Apartamento de 41m² com 02 quartos para venda e locação   Residencial Jequitibá,2.0,1.0,1.0,41.0,Residencial Jequitiba,185000.0
189587.0,Apartamento de 104m² com 03 quartos à venda   Lagoinha,3.0,2.0,2.0,104.0,Lagoinha,450000.0
73832.0,EXCELENTE APARTAMENTOPARA VENDA NO BAIRRO ALTO DO IPIRANGA,2.0,1.0,1.0,60.0,Alto do Ipiranga,270000.0
238898.0,Apartamento de 41m² com 02 quartos à venda   Reserva Real,2.0,1.0,1.0,41.0,Reserva Real,200000.0
107357.0,Apartamento de 66m² com 02 quartos sendo 01 suíte para locação   Vila Ana Maria,2.0,2.0,2.0,66.0,Vila Ana Maria,350000.0
128027.0,APARTAMENTO NO JARDIM NOVA ALIANÇA,2.0,3.0,2.0,88.0,Nova Alianca,480000.0
144647.0,APARTAMENTO PRÓXIMO A RODOVIA ANHANGUERA,2.0,1.0,1.0,42.0,Jardim Florestan Fernandes,150000.0
30926.0,APARTAMENTO MOBILIADO PRÓXIMO À AVENIDA CASTELO BRANCO,1.0,1.0,1.0,55.0,Parque Industrial Lagoinha,190000.0
82307.0,EXCELENTE APARTAMENTO NO CENTRO,3.0,3.0,1.0,210.0,Centro,500000.0
176783.0,Apartamento de 46m² com 02 quartos à venda   Campos Elíseos,2.0,1.0,1.0,46.0,Campos Eliseos,192000.0
230801.0,Apartamento térreo de 47m² com 02 quartos para venda   Vale das Nascentes,2.0,1.0,1.0,47.0,Ipiranga,229000.0
144452.0,Apartamento de 95m² com 03 Quartos   Centro,3.0,2.0,1.0,95.0,Centro,290000.0
173723.0,Apartamento de 84m² com 3 quartos para venda   República,3.0,2.0,2.0,84.0,Republica,400000.0
242888.0,Apartamento de 85m² com 02 quartos para locação e venda   Nova Aliança,2.0,3.0,2.0,85.0,Nova Alianca,826248.0
245264.0,Apartamento de 85m² com 02 suítes para venda   Nova Aliança,2.0,3.0,2.0,85.0,Nova Alianca,791955.0
220592.0,Apartamento de 507m² com 04 suítes à venda   Morro do Ypê,4.0,6.0,5.0,507.0,Residencial Morro do Ipe,5900000.0
208784.0,Apartamento de 56m² com 02 quartos   Portal Mirante da Colina,2.0,2.0,1.0,56.0,Chacaras Pedro Correa de Carvalho,260000.0
163979.0,Apartamento de 41m² com 2 quartos para venda e locação   Jardim José Sampaio,2.0,1.0,1.0,41.0,Jardim Jose Sampaio Junior,280000.0
180515.0,APARTAMENTO NA VILA TIBÉRIO,2.0,1.0,1.0,61.0,Vila Tiberio,270000.0
233159.0,Apartamento de 65m² com 02 quartos à venda   Vila Maria Luiza,2.0,2.0,1.0,65.0,Vila Maria Luiza,350000.0
186281.0,Apartamento de 68m² com 02 quartos à venda   Santa Cruz do José Jacques,2.0,1.0,1.0,68.0,Santa Cruz do Jose Jacques,370000.0
177101.0,Apartamento   Padrão,2.0,1.0,1.0,39.0,Residencial das Americas,125000.0
146231.0,APARTAMENTO PRÓXIMO À AVENIDA JOSÉ ANTÔNIO FERRAREZI,2.0,1.0,1.0,46.0,Conjunto Habitacional Jardim das Palmeiras,170000.0
240560.0,Apartamento de 40m² com 02 quartos à venda   Jardim Ouro Branco,2.0,1.0,1.0,40.0,Jardim Ouro Branco,175000.0
165512.0,APARTAMENTO NO JARDIM IRAJÁ,3.0,3.0,2.0,127.0,Jardim Iraja,690000.0
198422.0,APARTAMENTO PRÓXIMO À Av. JOSÉ ANTÔNIO FERRAREZI,2.0,1.0,1.0,41.0,Reserva Real,180000.0
207059.0,Apartamento de 142 m² 4 quartos   Centro,4.0,3.0,1.0,142.0,Centro,375000.0
86978.0,Apartamento de 49m² com 01 quarto e quintal à venda   Jardim Nova Aliança Sul,1.0,2.0,1.0,49.0,Jardim Nova Alianca Sul,350000.0
120023.0,Apartamento   Padrão,2.0,1.0,1.0,61.0,Jardim Marchesi,144000.0
237749.0,Apartamento de 97 m² com 03 quartos à venda   Jardim Paulista,3.0,2.0,1.0,97.0,Centro,370000.0
131966.0,Apartamento   Padrão,3.0,2.0,1.0,103.0,Vila Maria Luiza,350000.0
198173.0,Apartamento de 51m² com 01 quarto à venda   Ribeirânia,1.0,1.0,1.0,51.0,Ribeirania,380000.0
146093.0,** LINDO APARTAMENTO **,3.0,1.0,1.0,55.0,Vila Virginia,185000.0
196010.0,Apartamento de 69m² com 02 suítes à venda   Jardim Botânico,2.0,3.0,1.0,69.0,Jardim Botanico,493637.24
158420.0,**APARTAMENTO PRÓXIMO BANANAL,2.0,1.0,1.0,53.0,Jardim Zara,250000.0
76454.0,APARTAMENTO NO JARDIM PAULISTA,1.0,1.0,1.0,48.0,Jardim Paulista,250000.0
136991.0,APARTAMENTO PRÓXIMO À AVENIDA BARÃO DO BANANAL,2.0,1.0,1.0,43.0,Jardim Zara,150000.0
140429.0,Imóvel próximo ao Buffet Alphaville,2.0,1.0,1.0,41.0,Reserva Real,195000.0
106712.0,APARTAMENTO PRÓXIMO À AVENIDA PROFESSOR JOÃO FIÚSA,3.0,2.0,1.0,72.0,Jardim Iraja,370000.0
231707.0,Lançamento: Ritz Golf   Apartamento de 52m² com 01 quarto à venda   Vila do Golf,1.0,1.0,1.0,52.0,Vila do Golf,599000.0
191429.0,Apartamento de 60m² com 02 quartos à venda   Monte Alegre,2.0,1.0,1.0,60.0,Vila Monte Alegre,280000.0
131066.0,Apartamento de 41m² com 02 quartos para venda e locação   Jardim Silvio Passalacqua,2.0,1.0,1.0,41.0,Conjunto Habitacional Silvio Passalacqua,150000.0
86672.0,Apartamento de 95m² com 03 quartos   Jardim Santa Cruz do José Jacques,3.0,2.0,2.0,95.0,Santa Cruz do Jose Jacques,520000.0
244532.0,Apartamento de 40m² com 2 quartos à venda   Palácio de Versalhes,2.0,1.0,1.0,40.0,Reserva Real,147000.0
58979.0,Apartamento de 70m² com 03 quartos sendo 01 suíte para locação   Jardim Independência,3.0,1.0,1.0,70.0,Independencia,300000.0
78554.0,Apartamento de 93m² com 02 suites a venda   Jardim Anhanguera,2.0,3.0,2.0,93.0,Jardim Anhanguera,465000.0
193595.0,LINDO APARTAMENTO NA LAGOINHA,2.0,1.0,1.0,42.0,Parque Industrial Lagoinha,205000.0
136526.0,APARTAMENTO COM PORTARIA 24 HORAS NO CENTRO,1.0,1.0,1.0,69.0,Centro,260000.0
201329.0,APARTAMENTO NO RESERVA REAL,2.0,1.0,1.0,41.0,Reserva Real,170000.0
194816.0,LINDO APARTAMENTO NOVISSÍMO NO JARDIM BOTÂNICO,2.0,2.0,2.0,90.0,Jardim Botanico,540000.0
112802.0,Apartamento de 97m² com 3 quartos à venda   Jardim Anhanguera,3.0,2.0,2.0,97.0,Jardim Anhanguera,360000.0
218759.0,Apartamento de 53m² com 02 quartos à venda   Reserva Sul Condomínio,2.0,2.0,2.0,53.0,Reserva Sul Condominio,234000.0
109451.0,APARTAMENTO NO BAIRRO VILA VIRGINIA,2.0,1.0,1.0,42.0,Vila Virginia,170000.0
32162.0,Apartamento de 66m² com 02 quartos à venda   Vila Amélia,2.0,2.0,1.0,66.0,Vila Amelia,210000.0
238724.0,Apartamento mobiliado de 133m² com 03 suítes à venda   Nova Aliança,3.0,4.0,1.0,133.0,Nova Alianca,1420000.0
227306.0,Apartamento de 58m² com 03 quartos à venda   Campos Eliseos,3.0,1.0,1.0,58.0,Campos Eliseos,190000.0
241547.0,Apartamento de 46m² com 01 quarto à venda   Jardim Marchesi,1.0,1.0,1.0,46.0,Jardim Marchesi,130000.0
230447.0,Apartamento com 40m² com 02 quartos para locação e venda   Jardim Emília,2.0,1.0,1.0,40.0,Bonfim Paulista,220000.0
175379.0,Apartamento de 46m² com 02 quartos   Ribeirânia,2.0,1.0,1.0,46.0,Ribeirania,182000.0
231017.0,Apartamento de 40m² com 02 quartos à venda   Jardim Itaú,2.0,1.0,1.0,40.0,Jardim Itau,150000.0
187079.0,Apartamento de 48m² com 02 quartos para locação   Bonfim Paulista,2.0,1.0,1.0,48.0,Jardim Sao Fernando,234000.0
226583.0,Apartamento de 41m² com 02 quartos para venda e locação   Jardim Silvio Passalacqua,2.0,1.0,1.0,41.0,Conjunto Habitacional Silvio Passalacqua,165000.0
188138.0,Apartamento de 32m² de 01 quarto   Vila Ana Maria,1.0,1.0,1.0,32.0,Vila Ana Maria,200000.0
122006.0,Apartamento de 103m² com 03 suítes à venda   Jardim Botânico,3.0,4.0,2.0,103.0,Jardim Botanico,1272000.0
240938.0,Apartamento de 145m² com 03 suítes à venda   Jardim Irajá,3.0,5.0,2.0,145.0,Jardim Iraja,1370000.0
182036.0,Apartamento de 82m² com 02 suítes para locação e venda   Jardim Olhos D`Água,2.0,3.0,2.0,82.0,Jardim Olhos DAgua,1277000.0
141005.0,APARTAMENTO PRÓXIMO À UNAERP,3.0,2.0,1.0,84.0,Jardim Palma Travassos,300000.0
156578.0,Apartamento   Padrão,2.0,1.0,1.0,52.0,Jardim Anhanguera,290000.0
183752.0,Apartamento de 50m² com 02 quartos à venda   Jardim Bom Pastor,2.0,1.0,1.0,50.0,Jardim Bom Pastor,240000.0
91307.0,APARTAMENTO PRÓXIMO À AVENIDA BRAZ OLAIA ACOSTA,1.0,2.0,1.0,41.0,Nova Alianca,297000.0
192308.0,EXCELENTE APARTAMENTO NOVO PARA LOCAÇÃO E VENDA EM AVENIDA DE GRANDE FLUXO,2.0,1.0,1.0,50.0,Jardim Anhanguera,269000.0
48791.0,Apartamento de 114m² com 03 quartos sendo 01 suíte para locação e venda   Jardim Irajá,3.0,3.0,2.0,114.0,Jardim Iraja,800000.0
175586.0,APARTAMENTO NO PARQUE DOS LAGOS,2.0,1.0,1.0,45.0,Parque dos Lagos,215000.0
239204.0,Apartamento de 42m² com 02 quartos à venda   Jardim João Rossi,2.0,1.0,1.0,42.0,Jardim Joao Rossi,140000.0
95045.0,Apartamento de 02 quartos para venda   Monte Alegre,2.0,1.0,1.0,56.0,Vila Monte Alegre,200000.0
168740.0,APARTAMENTO NO JARDIM SÃO LUIZ,1.0,2.0,1.0,54.0,Jardim Sao Luiz,380000.0
179144.0,Apartamento de 46m² com 02 quartos à venda   Sumarezinho,2.0,1.0,1.0,46.0,Sumarezinho,220000.0
236741.0,Apartamento de 173m² com 03 quartos para venda   Santa Cruz dos Jacques,3.0,4.0,2.0,173.0,Jardim Sao Luiz,750000.0
213503.0,Apartamento térreo de 40m² com 02 quartos à venda   Jardim Cybelli,2.0,1.0,1.0,40.0,Jardim Cybelli,233200.0
235205.0,Apartamento de 65m² com 02 quartos para venda   Nova Aliança,2.0,2.0,1.0,65.0,Nova Alianca,539000.0
197162.0,APARTAMENTO NA VILA VIRGINIA,2.0,1.0,1.0,62.0,Vila Virginia,120000.0
61664.0,Apartamento de 97m² com 03 quartos para venda e locação  Campos Elíseos,3.0,2.0,1.0,97.0,Campos Eliseos,530000.0
105641.0,Apartamento de 47m² com 02 quartos à venda   City Ribeirão,2.0,1.0,1.0,47.0,City Ribeirao,243000.0
185951.0,APARTAMENTO NO BAIRRO RIBEIRÃO VERDE,2.0,1.0,1.0,42.0,Ribeirao Verde,146000.0
107834.0,Apartamento de 75m² com 01 suíte à venda   Vila Tibério,2.0,2.0,1.0,75.0,Vila Amelia,424000.0
150719.0,APARTAMENTO ÓTIMA LOCALIZAÇÃO,1.0,1.0,1.0,51.0,Jardim Paulista,160000.0
100628.0,APARTAMENTO NO MONTE ALEGRE,2.0,2.0,1.0,73.0,Vila Monte Alegre,270000.0
188408.0,Apartamento de 01 suíte para locação   Nova Aliança,1.0,1.0,1.0,43.0,Nova Alianca,340000.0
154979.0,APARTAMENTO PRÓXIMO À AVENIDA INDEPENDÊNCIA,1.0,1.0,1.0,43.0,Centro,199000.0
95819.0,Apartamento de 107m² com 03 quartos para locação e venda   Jardim paulista,3.0,4.0,2.0,107.0,Jardim Paulista,750000.0
175850.0,APARTAMENTO NO CENTRO,4.0,4.0,2.0,367.0,Vila Seixas,795000.0
231167.0,Apartamento de 02 quartos para locação   Reserva Real,2.0,1.0,1.0,40.0,Reserva Real,180000.0
209882.0,Apartamento de 66m² com 03 quartos à venda   Campos Elíseos,2.0,2.0,1.0,66.0,Campos Eliseos,425615.0
85043.0,Apartamento de 106m² com 03 suítes à venda   Jardim Botânico,3.0,4.0,2.0,106.0,Jardim Botanico,650000.0
237797.0,Apartamento de 50m² com 02 quartos à venda   Heitor Rigon,2.0,1.0,1.0,50.0,Jardim Heitor Rigon,140000.0
208001.0,Apartamento de 34m² com 01 quarto à venda   Residencial Greenville,1.0,1.0,1.0,34.0,Residencial Greenville,185000.0
119126.0,Aparamento de 45m² com 01 quarto à venda   Nova Aliança,1.0,1.0,1.0,45.0,Nova Alianca,300000.0
220139.0,Apartamento térreo de 47m² com 02 quartos à venda   Jardim Paulistano,2.0,1.0,1.0,47.0,Jardim Paulistano,316000.0
200867.0,APARTAMENTO MOBILIADO NO JARDIM PALMA TRAVASSOS,3.0,2.0,1.0,60.0,Jardim Palma Travassos,340000.0
220628.0,Apartamento de 48m² com 02 quartos para locação   Jardim Paulistano,2.0,1.0,1.0,48.0,Jardim Paulistano,260000.0
158114.0,Apartamento mobiliado de 57m² com 02 quartos   Ipiranga,2.0,1.0,1.0,57.0,Ipiranga,350000.0
226826.0,Apartamento de 54m² com 01 quarto para locação   Centro,1.0,1.0,1.0,54.0,Centro,245000.0
203477.0,Apartamento mobilado de 49m² com 01 suíte para locação e venda   Nova Aliança,1.0,1.0,1.0,49.0,Nova Alianca,430000.0
213248.0,Apartamento de 41m² com 02 quartos à venda   Reserva Real,2.0,1.0,1.0,41.0,Reserva Real,165000.0
234221.0,Apartamento de 42m² com 02 quartos à venda   Recreio Anhanguera,2.0,1.0,1.0,42.0,Residencial Parque dos Servidores,170000.0
110939.0,Apartamento de 76m² com 02 quartos para venda   Jardim Botânico,2.0,2.0,2.0,76.0,Jardim Iraja,747000.0
173528.0,APARTAMENTO NO PARQUE RIBEIRÃO,2.0,1.0,1.0,43.0,Condominio Uirapuru,141000.0
244478.0,Apartamento/Padrão   Residencial   No bairro Jardim das Palmeiras   Vitta Recanto da Mata,2.0,1.0,1.0,49.0,Jardim das Palmeiras,170000.0
239381.0,Lançamento: Cerqueira 2164   Apartamento de 58m² com 02 quartos com suíte à venda   Jardim Sumaré,2.0,2.0,1.0,58.0,Jardim Sumare,439000.0
229613.0,Apartamento de 43m² com 02 quartos à venda   Chácaras Pedro Corrêa de Carvalho,2.0,1.0,1.0,43.0,Chacaras Pedro Correa de Carvalho,195000.0
109934.0,Apartamento de 33m² com 01 quarto para locação e venda   Nova Aliança,1.0,1.0,1.0,33.0,Nova Alianca,245000.0
241241.0,Apartamento mobiliado de 54m² com 01 quarto para venda   Jardim São Luiz,1.0,1.0,1.0,54.0,Jardim Sao Luiz,350000.0
89129.0,LINDO APARTAEMNTO PROXÍMO A FIUSA,3.0,3.0,2.0,88.0,Jardim Iraja,550000.0
188027.0,Apartamento de 122m² com 03 quartos à venda   Jardim Ilhas do Sul,3.0,4.0,2.0,122.0,Jardim Ilhas do Sul,1148402.12
109112.0,Apartamento de 03 quartos para locação   Bosque das Juritis,3.0,2.0,2.0,80.0,Bosque das Juritis,850000.0
243752.0,Apartamento de 93m² com 02 suítes à venda   Jardim Botânico,2.0,3.0,2.0,93.0,Jardim Botanico,890000.0
71423.0,APARTAMENTO NA LAGOINHA,2.0,2.0,1.0,59.0,Parque Industrial Lagoinha,225000.0
145598.0,APARTAMENT PRÓXIMO À AVENIDA NOVE DE JULHO,3.0,3.0,1.0,89.0,Centro,350000.0
119531.0,Apartamento de 97m² com 03 quartos à venda   Jardim Palma Travassos,3.0,3.0,3.0,97.0,Jardim Palma Travassos,420000.0
130736.0,Apartamento   Padrão,2.0,1.0,1.0,42.0,Jardim Heitor Rigon,150000.0
192812.0,Apartamento no Palacio Imperial,2.0,1.0,1.0,41.0,Recreio Anhanguera,175000.0
24725.0,APARTAMENTO NO JARDIM IRAJÁ,3.0,2.0,1.0,90.0,Jardim Iraja,340000.0
210989.0,Apartamento de 111m com 03 quartos   Centro,3.0,3.0,1.0,111.0,Centro,490000.0
76235.0,Apartamento de 58m² com 02 quartos   Zardim Zara,2.0,2.0,1.0,58.0,Jardim Anhanguera,230000.0
220148.0,Apartamento de 44m² com 02 quartos para venda   Recreio das Acácias,2.0,1.0,1.0,44.0,Recreio das Acacias,260000.0
216338.0,Apartamento de 73m² com 02 quartos à venda   Bosque das Juritis,2.0,2.0,1.0,73.0,Bosque das Juritis,630000.0
111923.0,Apartamento de 52m² com 02 quartos à venda   Jardim Zara,2.0,1.0,1.0,52.0,Jardim Zara,240000.0
147755.0,Apartamento de 107m² com 03 suítes à venda   Jardim Paulista,3.0,4.0,2.0,107.0,Jardim Paulista,525000.0
93674.0,APARTAMENTO NO CENTRO,1.0,1.0,1.0,42.0,Vila Seixas,500000.0
233537.0,Apartamento de 67m² com 03 quartos à venda   Jardim Olhos D`Água,3.0,2.0,1.0,67.0,Jardim Olhos DAgua,382000.0
167429.0,APARTAMENTO NO PARQUE CÂNDIDO PORTINARI,2.0,1.0,1.0,44.0,Parque Residencial Candido Portinari,170000.0
200132.0,Apartamento de 46m² com 02 quartos para locação e venda   Ipiranga,2.0,1.0,1.0,46.0,Ipiranga,190000.0
217769.0,Apartamento de 61m² com 02 quartos à venda   Sumarezinho,2.0,2.0,1.0,61.0,Sumarezinho,329900.0
102665.0,APARTAMENTO PRÓXIMO AVENIDA PORTUGAL,2.0,2.0,2.0,60.0,Santa Cruz do Jose Jacques,520000.0
151784.0,Apartamento de 54m² com 02 quartos   Jardim Palma Travassos,2.0,2.0,1.0,54.0,Jardim Palma Travassos,310000.0
64700.0,Apartamento de 35m² com 01 quarto para venda   Jardim Califórnia,1.0,1.0,1.0,35.0,Jardim California,180000.0
146126.0,"APARTAMENTO TÉRREO, PRÓXIMO À RODOVIA ANHANGUERA",2.0,1.0,1.0,45.0,Jardim Manoel Penna,198000.0
118463.0,Apartamento de 49m² com 02 quartos á venda   Jardim Santa Cecília,2.0,1.0,1.0,49.0,Jardim Santa Cecilia,205000.0
146522.0,APARTAMENTO PRÓXIMO Á RODOVIA ALEXANDRE BALBO,2.0,1.0,1.0,40.0,Parque dos Pinus,160000.0
192446.0,EXCELENTE APARTAMENTO PARA VENDAPRÓXIMO AO JARDIM ANHANGUERA,2.0,1.0,1.0,51.0,Jardim Zara,230000.0
236720.0,Apartamento térreo de 40m² com 02 quartos para venda   Reserva Real,2.0,1.0,1.0,40.0,Reserva Real,180000.0
164504.0,Apartamento de 51m² com 02 quartos à venda   Jardim Presidente Dutra,2.0,1.0,1.0,51.0,Jardim Presidente Dutra,265000.0
219983.0,Apartamento de 186m² com 03 suítes à venda   Nova Aliança,4.0,5.0,3.0,186.0,Nova Alianca,1180000.0
239153.0,Apartamento de 56m² com 02 quartos sendo 01 suíte à venda   Chácaras Pedro Corrêa de Carvalho,2.0,1.0,1.0,56.0,Chacaras Pedro Correa de Carvalho,260000.0
79601.0,Apartamento   Padrão,2.0,2.0,1.0,78.0,Centro,280000.0
187757.0,Apartamento de 261m² com 04 quartos à venda   Centro,4.0,5.0,2.0,261.0,Centro,700000.0
34952.0,Apartamento de 170m² com 03 quartos à venda   Santa Cruz do José Jacques,3.0,5.0,3.0,170.0,Santa Cruz do Jose Jacques,750000.0
174980.0,Apartamento de 54m² com 02 quartos à venda   Parque Industrial Lagoinha,2.0,1.0,1.0,54.0,Parque Industrial Lagoinha,300000.0
208142.0,Apartamento de 43m² com 02 quartos para locação e venda   Reserva Macaúba,2.0,1.0,1.0,43.0,Reserva Macauba,200000.0
197885.0,EXCELENTE APARTAMENTO TÉRREO NO JARDIM BOTÂNICO,3.0,2.0,1.0,129.0,Jardim Botanico,535000.0
69749.0,Apartamento de 37m² com 01 quarto à venda   Presidente Médici,1.0,1.0,1.0,37.0,Presidente Medici,200000.0
181454.0,Apartamento de 69m² com 02 quartos para locação   Jardim Olhos D´Água,2.0,2.0,2.0,69.0,Jardim Olhos DAgua,630000.0
197093.0,Apartamento de 42m² com 02 quartos à venda   Recreio Anhanguera,2.0,1.0,1.0,42.0,Residencial Parque dos Servidores,190000.0
120458.0,APARTAMENTO PRÓXIMO À AVENIDA CASTELO BRANCO,3.0,2.0,1.0,117.0,Parque dos Bandeirantes,355000.0
87230.0,Apartamento de 37m² com 01 suíte à venda   Jardim Irajá,1.0,1.0,1.0,37.0,Jardim Sao Luiz,190000.0
188483.0,Apartamento de 49m² com 01 quarto para locação e venda   Nova Aliança,1.0,1.0,1.0,49.0,Nova Alianca,382000.0
154082.0,APARTAMENTO PRÓXIMO À AVENIDA JOSÉ ANTÔNIO FERRAREZI,2.0,1.0,1.0,41.0,Reserva Real,153000.0
85433.0,Apartamento de 97m² com 03 quartos para locação e venda   Centro,3.0,2.0,1.0,97.0,Centro,320000.0
210884.0,Apartamento de 76m² com 02 suítes à venda   Nova Ribeirânia,2.0,3.0,2.0,76.0,Nova Ribeirania,645000.0
234248.0,Apartamento 126m² com 03 suítes à venda   Alto do Ipê,3.0,4.0,3.0,126.0,Residencial Alto do Ipe,1290000.0
130868.0,Apartamento de 82m² com 02 quartos para locação e venda   Jardim Botânico,2.0,2.0,1.0,82.0,Jardim Botanico,480000.0
52817.0,Apartamento de 01 quarto para locação   Vila Seixas,1.0,1.0,1.0,49.0,Centro,235000.0
126818.0,Apartamento de 57m² com 01 quarto à venda   Jardim Paulista,1.0,1.0,1.0,57.0,Jardim Paulista,180000.0
160772.0,APARTAMENTO PRÓXIMO À AVENIDA PROFESSOR JOÃO FIÚSA,2.0,2.0,1.0,56.0,Alto da Boa Vista,419000.0
206444.0,Apartamento de 183m² com 03 quartos à venda   Santa Cruz do José Jacques,3.0,3.0,2.0,183.0,Santa Cruz do Jose Jacques,890000.0
110060.0,APARTAMENTO NOS CAMPOS ELÍSEOS,2.0,1.0,1.0,49.0,Campos Eliseos,225000.0
115628.0,EXCELENTE APARTAMENTO NO CAMPOS ELÍSEOS,2.0,2.0,1.0,82.0,Campos Eliseos,245000.0
174089.0,APARTAMENTO NO JARDIM FLORESTAN FERNANDES,2.0,1.0,1.0,42.0,Jardim Florestan Fernandes,170000.0
192848.0,Apartamento de 49m² com 01 suíte   Centro,1.0,1.0,1.0,49.0,Centro,225000.0
242936.0,Apartamento de 58m² com 02 quartos à venda   Residencial Parque dos Servidores,2.0,2.0,1.0,58.0,Residencial Parque dos Servidores,295000.0
95033.0,Apartamento de 47m² com 02 quartos para locação   Parque São Sebastião,2.0,1.0,1.0,47.0,Parque Sao Sebastiao,180000.0
159737.0,Apartamento de 81m² com 02 quarto à venda   Sumarezinho,2.0,1.0,1.0,81.0,Ipiranga,285000.0
236630.0,Apartamento de 43m² com 02 quartos à venda   Condomínio Uirapuru,2.0,1.0,1.0,43.0,Condominio Uirapuru,121000.0
190865.0,Apartamento de 102m² com 03 quartos   Jardim Macedo,3.0,2.0,1.0,102.0,Jardim Macedo,350000.0
207785.0,Apartamento de 58 m² com 2 quartos à venda   Ipiranga,2.0,1.0,1.0,58.0,Ipiranga,212000.0
184451.0,APARTAMENTO PRÓXIMO AO ATACADÃO,2.0,1.0,1.0,42.0,Valentina Figueiredo,160000.0
240704.0,Apartamento de 82m² com 03 quartos   Jardim Palma Travassos,3.0,2.0,1.0,82.0,Jardim Castelo Branco,335000.0
199109.0,LINDO APARTAMENTO NO JARDIM PALMA TRAVASSOS,3.0,3.0,1.0,65.0,Iguatemi,260000.0
124619.0,Apartamento de 252m² com 04 quartos à venda   Centro,4.0,4.0,3.0,252.0,Centro,960000.0
83075.0,Apartamento de 50m² mobiliado de 50m² com 01 quarto para locação   Jardim Botânico,1.0,1.0,1.0,50.0,Jardim Botanico,300000.0
211157.0,Apartamento de 42 m² com 02 quartos à venda   Quintino Facci II,2.0,1.0,1.0,42.0,Quintino Facci II,200000.0
216197.0,Apartamento de 49m² com 02 quartos à venda   Jardim Novo Mundo,2.0,1.0,1.0,49.0,Jardim Novo Mundo,330000.0
244979.0,"Apartamento Padrão de 84,76m² com 03 Quartos sendo 01 suíte para Venda   Bonfim Paulista",3.0,2.0,2.0,76.0,Bonfim Paulista,570000.0
145334.0,Apartamento de 81m² com 02 quartos à venda   Vila do Golf,2.0,2.0,2.0,81.0,Vila do Golf,550000.0
136757.0,Apartamento de 46m² com 02 quartos para venda   Ribeirânia,2.0,1.0,1.0,46.0,Ribeirania,275000.0
222269.0,Apartamento de 40m² com 02 quartos para venda   Jardim Cybelli,2.0,1.0,1.0,40.0,Jardim Cybelli,192000.0
179654.0,APARTAMENTO NO QUINTINO FACCI II,2.0,2.0,1.0,56.0,Chacaras Pedro Correa de Carvalho,224400.0
235475.0,Apartamento de 43m² com 02 quartos à venda   Jardim Diva Tarla de Carvalho,2.0,1.0,1.0,43.0,Jardim Diva Tarla de Carvalho,139000.0
236150.0,Apartamento de 63m² com 02 quartos para locação   Alamedas do Botânico,2.0,2.0,2.0,63.0,Alamedas do Botanico,800000.0
159608.0,Apartamento mobiliado de 41 m² com 1 quarto para locação   Nova Ribeirânia,1.0,1.0,1.0,41.0,Nova Ribeirania,160000.0
238025.0,Apartamento de 72m² com 02 quartos sendo 01 suíte à venda   Nova Aliança,2.0,2.0,2.0,72.0,Nova Alianca,490000.0
79040.0,Apartamento de 93m² com 03 quartos para venda   Santa Cruz do José Jacques,3.0,3.0,2.0,93.0,Santa Cruz do Jose Jacques,460000.0
232793.0,Apartamento de 62m² com 02 quartos para locação e venda   Loteamento Santa Marta,2.0,2.0,1.0,62.0,Loteamento Santa Marta,400000.0
243305.0,Apartamento de 87m² com 03 quartos à venda   Jardim Paulistano,3.0,1.0,1.0,87.0,Jardim Paulistano,225000.0
122816.0,Apartamento de 127m² com 03 quartos à venda   Jardim Irajá,3.0,3.0,2.0,127.0,Jardim Iraja,751000.0
210212.0,Apartamento de 70m² com 02 quartos à venda   Ribeirânia,2.0,2.0,1.0,70.0,Ribeirania,640000.0
157826.0,Apartamento de 56² com 2 quartos á venda   Parque São Sebastião,2.0,1.0,1.0,56.0,Parque Sao Sebastiao,270000.0
105272.0,Apartamento de 47m² com 03 suítes à venda   Bosque das Juritis,3.0,5.0,2.0,47.0,Bosque das Juritis,1300000.0
90080.0,APARTAMENTO PRÓXIMO À RODOVIA ANHANGUERA,3.0,2.0,1.0,86.0,Residencial e Comercial Palmares,225000.0
156251.0,Apartamento de 47 m² com 02 quartos à venda   Condomínio Mirante Sul.,2.0,1.0,1.0,47.0,Condominio Mirante Sul,289000.0
212768.0,Apartamento de 57m² com 02 quartos sendo 01 suíte   Ipiranga,2.0,2.0,1.0,57.0,Ipiranga,320000.0
226067.0,Apartamento de 43m² com 02 quartos para locação e venda   Chácaras Pedro Corrêa de Carvalho,2.0,1.0,1.0,43.0,Chacaras Pedro Correa de Carvalho,170000.0
214622.0,Apartamento de 83m² com 02 quartos à venda   Jardim Irajá,2.0,1.0,1.0,83.0,Jardim Iraja,295000.0
212483.0,Apartamento de 42m² com 02 quartos para locação   Jardim Maria Goretti,2.0,1.0,1.0,42.0,Jardim Maria Goretti,230000.0
235202.0,Apartamento de 102m² com 03 quartos para venda   Centro,3.0,2.0,1.0,102.0,Centro,500000.0
228044.0,Apartamento de 227m² com 03 suítes à venda   Jardim Ilhas do Sul,3.0,6.0,4.0,227.0,Jardim Ilhas do Sul,1850000.0
219362.0,Apartamento de 55m² com 02 quartos à venda   Vila Virgínia,2.0,1.0,1.0,55.0,Vila Virginia,160000.0
85160.0,"APARTAMENTO 41m², 1 DORMITÓRIO MOBILIADO, NO JARDIM NOVA ALIANÇA",1.0,1.0,1.0,41.0,Nova Alianca,290000.0
228398.0,Apartamento de 83m² com 02 quartos sendo 01 suíte à venda   Nova Ribeirânia,2.0,2.0,1.0,83.0,Nova Ribeirania,499900.0
134276.0,APARTAMENTO NA LAGOINHA,3.0,2.0,1.0,66.0,Parque Industrial Lagoinha,275000.0
168179.0,LINDO APARTAMENTO NO PALMARES,2.0,2.0,1.0,65.0,Residencial e Comercial Palmares,265000.0
197387.0,EXCELENTE APARTAMENTO PARA VENDA NO CENTRO DE RIBEIRÃO PRETO,3.0,4.0,2.0,124.0,Centro,636000.0
139190.0,Apartamento de 146m² com 03 quartos sendo 01 suíte à venda   Centro,3.0,3.0,1.0,146.0,Centro,385000.0
243365.0,Apartamento de 88 m² com 03 quartos à venda   Jardim Paulistano,3.0,2.0,1.0,88.0,Jardim Paulistano,320000.0
147698.0,Apartamento com 128m² com 03 quartos   Vila do Golf.,3.0,4.0,2.0,128.0,Vila do Golf,900000.0
190778.0,Ótimo apartamento com 2 dormitórios em condomínio com lazer,2.0,1.0,1.0,44.0,Residencial Greenville,160000.0
118670.0,Apartamento de 32m² com 01 quarto à venda   Jardim Botânico,1.0,1.0,1.0,32.0,Jardim Botanico,230000.0
164843.0,Apartamento de 111m² com 02 quartos para locação e venda   Centro,3.0,2.0,1.0,111.0,Centro,430000.0
142769.0,Apartamento de 141m² com 03 quartos à venda   Centro,3.0,3.0,1.0,141.0,Centro,530000.0
17576.0,EXCELENTE OPORTUNIDADE DE APARTAMENTO REFORMADO NO CENTRO,3.0,4.0,2.0,173.0,Centro,650000.0
242606.0,Lançamento: Léman View   Apartamento de 236m² com 03 suítes à venda   Ilhas do Sul,3.0,4.0,3.0,236.0,Jardim Ilhas do Sul,2128320.0
197708.0,Apartamento de 214m² com 03 quartos à venda   Centro,3.0,2.0,2.0,214.0,Centro,700000.0
94445.0,Apartamento de 44m² com 01 quarto para locação   Nova Aliança,1.0,1.0,1.0,44.0,Nova Alianca,430000.0
195548.0,APARTAMENTO TÉRREO NA ZONA SUL,2.0,1.0,1.0,87.0,Real Sul,344590.0
151310.0,Apartamento de 65m² com 02 quartos sendo 01 suíte para a locação   Jardim Botânico,2.0,2.0,1.0,65.0,Jardim Botanico,300000.0
131969.0,Apartamento   Padrão,3.0,2.0,1.0,103.0,Vila Maria Luiza,350000.0
134117.0,APARTAMENTO NO PARQUE DOS LAGOS,1.0,1.0,1.0,39.0,Parque dos Lagos,160000.0
75215.0,APARTAMENTO NO JARDIM PAULISTA,3.0,1.0,1.0,69.0,Jardim Paulista,310000.0
217091.0,Apartamento de 47m² com 02 quartos à venda   Ipiranga,2.0,1.0,1.0,47.0,Ipiranga,290000.0
126707.0,Apartamento de 72m² com 02 quartos para locação   Centro,2.0,3.0,1.0,72.0,Centro,500000.0
224222.0,Apartamento de 124m² com 03 quartos sendo 02 suítes à venda   Centro,4.0,4.0,2.0,124.0,Centro,770000.0
144254.0,APARTAMENTO PRÓXIMO AO ATACADÃO,2.0,1.0,1.0,42.0,Quintino Facci II,160000.0
96437.0,Ótimo apartamento próximo à Avenida João Fiúsa,4.0,4.0,3.0,202.0,Jardim Iraja,954000.0
214700.0,Apartamento de 43m² com 02 quartos à venda   Valentina Figueiredo,2.0,1.0,1.0,43.0,Valentina Figueiredo,160000.0
194702.0,Apartamento de 121m² com 02 quartos à venda   Centro,2.0,2.0,1.0,121.0,Centro,280000.0
193784.0,EXCELENTE APARTAMENTO NO JARDIM BOTÂNICO,2.0,3.0,1.0,71.0,City Ribeirao,370000.0
36620.0,Apartamento de 03 quartos para locação   Vila Tibério,3.0,3.0,1.0,92.0,Vila Tiberio,350000.0
142367.0,Apartamento de 131m² com 03 quartos sendo 01 suíte à venda   Centro,3.0,2.0,2.0,131.0,Centro,600000.0
241538.0,Apartamento de 74m² com 03 quartos sendo 01 suíte à venda   Parque dos Bandeirantes,3.0,2.0,1.0,74.0,Parque dos Bandeirantes,275000.0
191483.0,Apartamento de 37m² com 01 quarto para locação   Monte Alegre,1.0,1.0,1.0,37.0,Vila Monte Alegre,430000.0
139880.0,***ÓTIMO APARTAMENTO****,2.0,1.0,1.0,40.0,Ipiranga,185000.0
78215.0,Apartamento de 58m² com 02 quartps   Jardim Zara,2.0,1.0,1.0,58.0,Jardim Zara,180000.0
213608.0,Lançamento Artse   Apartamento de 183m² com 03 suítes à venda   Jardim Ilhas do Sul,3.0,5.0,3.0,183.0,Jardim Ilhas do Sul,1743704.06
68525.0,Apartamento de 44m² com 01 suíte para locação e venda   Jardim Sumaré,1.0,1.0,1.0,44.0,Jardim Sumare,254400.0
216173.0,Apartamento de 50m² com 02 quartos à venda   Jardim Paulistano,2.0,1.0,1.0,50.0,Jardim Anhanguera,276000.0
136565.0,APARTAMENTO NO CENTRO,1.0,1.0,1.0,89.0,Centro,250000.0
219599.0,Apartamento de 41m² com 02 quartos para locação e venda   Reserva Real,2.0,1.0,1.0,41.0,Reserva Real,160000.0
223658.0,Apartamento de 113m² com 03 suítes à venda   Jardim Olhos D`Água,3.0,4.0,2.0,113.0,Jardim Olhos DAgua,938629.0
125333.0,APARTAMENTO PRÓXIMO À AVENIDA MEIRA JÚNIOR,2.0,1.0,1.0,48.0,Jardim Paulistano,265000.0
158840.0,LANÇAMENTO APARTAMENTO NA ZONA LESTE,2.0,1.0,1.0,71.0,Jardim Anhanguera,234800.0
145244.0,APARTAMENTO PRÓXIMO À AVENIDA INDEPENDÊNCIA,1.0,1.0,1.0,43.0,Centro,220000.0
153260.0,Apartamento de 96m² com 03 quartos à venda   Jardim Paulista,3.0,2.0,1.0,96.0,Jardim Paulista,300000.0
143750.0,Apartamento de 378m² com 04 quartos para locação e venda   Higienópolis,4.0,4.0,4.0,378.0,Centro,1650000.0
83318.0,APARTAMENTO PRÓXIMO À RUA NITERÓI,2.0,1.0,1.0,46.0,Ribeirania,191000.0
173078.0,Apartamento de 59m² com 02 quartos para locação e venda   Ribeirânia,2.0,2.0,1.0,59.0,Ribeirania,479000.0
229301.0,Apartamento de 114m² com 04 quartos à venda   Jardim Irajá,4.0,2.0,1.0,114.0,Jardim Iraja,850000.0
203117.0,Apartamento de 66m² com 03 quartos para locação e venda   Parque Industrial Lagoinha,3.0,1.0,1.0,66.0,Parque Industrial Lagoinha,265000.0
225848.0,Apartamento de 42m² com 02 quartos à venda   Quintino Facci II,2.0,1.0,1.0,42.0,Quintino Facci II,160000.0
147932.0,Apartamento de 02 quartos para locação   Parque dos Lagos,2.0,2.0,2.0,63.0,Parque dos Lagos,270000.0
226088.0,Apartamento de 195m² com 03 suítes à venda   Residencial Alto do Ipê,3.0,4.0,4.0,195.0,Residencial Alto do Ipe,1750000.0
227138.0,Apartamento de 42m² com 02 quartos para venda   Ipiranga,2.0,1.0,1.0,42.0,Ipiranga,140000.0
195113.0,EXCELENTE OPORTUNIDADE PARA INVESTIMENTO OU MORADIA NA PRESIDENTE VARGAS,2.0,2.0,2.0,66.0,Jardim Sumare,540000.0
174599.0,Apartamento de 48m² com 02 quartos Reserva sul,2.0,1.0,1.0,48.0,Reserva Sul Condominio,201000.0
191678.0,Apartamento mobiliado de 93m² com 02 suítes para venda   Jardim Botânico,2.0,3.0,2.0,93.0,Jardim Botanico,915000.0
150842.0,Apartamento térreo de 43m² com 02 quartos à venda   Vila Virgínia,2.0,1.0,1.0,43.0,Vila Virginia,170000.0
210236.0,Apartamento de 227m² com 03 suítes para venda e locação   Jardim Botânico,3.0,5.0,4.0,227.0,Jardim Botanico,1683000.0
241745.0,Apartamento de 170m² com 03 suítes para locação e venda   Vila do Golf,3.0,5.0,3.0,170.0,Vila do Golf,1350000.0
135050.0,APARTAMENTO NO SUMAREZINHO,2.0,1.0,1.0,68.0,Sumarezinho,250000.0
73034.0,Apartamento duplex de 61m² com 03 quartos para venda e locação   Parque dos Lagos,3.0,2.0,1.0,61.0,Parque dos Lagos,215000.0
230900.0,Apartamento de 52m² com 02 quartos sendo 1 suíte à venda   Quintas de São José,2.0,2.0,1.0,52.0,Quintas de Sao Jose,500000.0
217487.0,Apartamento de 40m² com 02 quartos à venda   Jardim Cybelli,2.0,1.0,1.0,40.0,Jardim Cybelli,150000.0
224825.0,Apartamento de 37m² com 01 quarto à venda   Nova Aliança,1.0,1.0,1.0,37.0,Nova Alianca,235000.0
235940.0,Apartamento de 65m² com 02 quartos para venda   Centro,2.0,1.0,1.0,65.0,Centro,230000.0
86282.0,Apartamento de 45 m² e 1 suíte  Santa Cruz do José Jacques,1.0,1.0,1.0,45.0,Santa Cruz do Jose Jacques,370000.0
151742.0,Apartamento de 38m² com 01 quarto á venda   Presidente Médici,1.0,1.0,1.0,38.0,Presidente Medici,340000.0
171587.0,APARTAMENTO PARA VENDA NO BAIRRO JARDIM INTERLAGOS,3.0,1.0,1.0,63.0,Jardim Interlagos,202000.0
226076.0,Apartamento de 48m² com 02 quartos à venda   Quintino Facci II,2.0,1.0,1.0,48.0,Quintino Facci II,135000.0
233195.0,Lançamento: Gran Primavera   Apartamento de 50m² com 02 quartos à venda   Região do Jardim Olhos D`Água,2.0,1.0,1.0,50.0,Quinta da Primavera,279900.0
100034.0,Apartamento   Padrão,1.0,1.0,1.0,40.0,Vila Ana Maria,225000.0
195980.0,EXCELENTE APARTAMENTO NO VILA ANA MARIA,1.0,1.0,1.0,40.0,Vila Ana Maria,244000.0
187220.0,Apartamento de 118m² com 03 suítes à venda   Jardim Saint Gerard,3.0,4.0,2.0,118.0,Jardim Saint Gerard,1081540.8
94175.0,Apartamento de 49m² com 02 quartos para locação e venda   Jardim Sumaré,2.0,1.0,1.0,49.0,Jardim Sumare,200000.0
68504.0,Apartamento de 01 quarto para locação   Nova Aliança,1.0,1.0,1.0,40.0,Nova Alianca,195000.0
141287.0,Apartamento de 48m² com 02 quartos à venda   Condomínio Mirante Sul,2.0,1.0,1.0,48.0,Condominio Mirante Sul,260000.0
226820.0,Apartamento de 124m² com 03 suítes para locação e venda   Jardim Olhos D`água,3.0,4.0,2.0,124.0,Bonfim Paulista,1700000.0
147593.0,APARTAMENTO PRÓXIMO À RODOVIA ANTÔNIO MACHADO SANTANNA,2.0,1.0,1.0,41.0,Residencial Jequitiba,235000.0
226901.0,Apartamento de 42m² com 2 quartos à venda   Jardim João Rossi,2.0,1.0,1.0,42.0,Jardim Joao Rossi,155000.0
208271.0,Apartamento de 80m² com 02 quartos sendo 01 suíte para locação e venda   Jardim Irajá,2.0,2.0,1.0,80.0,Jardim Iraja,380000.0
168347.0,Apartamento de 42m² com 01 quarto   Nova Aliança,1.0,1.0,1.0,42.0,Nova Alianca,500000.0
119750.0,Apartamento de 131m² com 04 quartos para locação e venda   Jardim Irajá,4.0,4.0,2.0,131.0,Jardim Iraja,900000.0
168746.0,APARTAMENTO MOBILIADO VITTA RIBEIRÃO VERDE,2.0,1.0,1.0,42.0,Jardim Florestan Fernandes,175000.0
183647.0,APARTAMENTO PRÓXIMO À RUA JAVARI,1.0,1.0,1.0,37.0,Ipiranga,170000.0
195608.0,APARTAMENTO NO PARQUE DOS LAGOS,2.0,1.0,1.0,53.0,Parque dos Lagos,281000.0
222401.0,Apartamento de 48m² com 02 quartos à venda   Residencial Jequitibá,2.0,1.0,1.0,48.0,Residencial Jequitiba,210000.0
53627.0,Apartamento de 43m² com 01 quarto para locação e venda   Centro,1.0,1.0,1.0,43.0,Centro,125000.0
243146.0,Apartamento de 48m² com 02 quartosà venda   Geraldo Correia de Carvalho,2.0,1.0,1.0,48.0,Geraldo Correia de Carvalho,160000.0
238388.0,Apartamento térreo de 47m² com 02 quartos à venda   Jardim Regatas,2.0,1.0,1.0,47.0,Jardim Regatas,250000.0
154085.0,Apartamento de 41m² com 01 quarto para venda e locação   Vila Seixas,1.0,1.0,1.0,41.0,Vila Seixas,300000.0
66110.0,Apartamento   Padrão,3.0,2.0,1.0,70.0,Parque Industrial Lagoinha,220000.0
201059.0,Apartamento mobiliado de 01 quarto para locação   Vila Amélia,1.0,1.0,1.0,34.0,Vila Monte Alegre,180000.0
100421.0,Apartamento de 48m² com 1 quarto para locação e venda  Nova Aliança,1.0,1.0,1.0,48.0,Nova Alianca,270000.0
182222.0,APARTAMENTO DIFERENCIADO NO SUMAREZINHO,2.0,1.0,1.0,44.0,Sumarezinho,245000.0
1475748.0,Apartamento de 135m² com 03 suítes à venda   Jardim Botânico,3.0,4.0,2.0,135.0,Jardim Botanico,1000000.0
216776.0,Apartamento de 46m² com 02 quartos para locação e venda   Campos Elíseos,2.0,1.0,1.0,46.0,Campos Eliseos,230000.0
199064.0,FLAT NA RIBEIRÂNIA,2.0,1.0,1.0,58.0,Ribeirania,500000.0
238157.0,Apartamento mobiliado com 51m² com 02 quartos à venda   Jardim Anhanguera,2.0,1.0,1.0,51.0,Jardim Novo Mundo,380000.0
183731.0,APARTAMENTO PRÓXIMO À AVENIDA JOÃO FIÚSA,2.0,3.0,1.0,108.0,Condominio Itamaraty,350000.0
182054.0,APARTAMENTO PRÓXIMO À RODOVIA JOSÉ FREGONEZZI,1.0,2.0,1.0,69.0,Jardim Olhos DAgua,551323.0
182771.0,APARTAMENTO PRÓXIMO À RUA JAVARI,2.0,1.0,1.0,41.0,Conjunto Habitacional Silvio Passalacqua,185000.0
217106.0,Apartamento de 40m² com 01 quarto à venda   Parque dos Bandeirantes,1.0,1.0,1.0,40.0,Parque dos Bandeirantes,174000.0
166295.0,Apartamento no Recanto da Lagoinha,2.0,1.0,1.0,49.0,Ribeirania,235000.0
192134.0,Apartamento Condomínio Mirante Sul Resort,2.0,1.0,1.0,98.0,Condominio Mirante Sul,250000.0
233123.0,Apartamento térreo de 40m² com 02 quartos à venda   Reserva Real,2.0,1.0,1.0,40.0,Reserva Real,200000.0
96890.0,APARTAMENTO NO JARDIM BOTÂNICO,1.0,1.0,1.0,61.0,Jardim Botanico,250000.0
225122.0,Apartamento com 41m² com 02 quartos à venda   Reserva Real,2.0,1.0,1.0,41.0,Reserva Real,150000.0
145640.0,Apartamento de 42m² com 02 quartos para locação   Vila Virgínia,2.0,1.0,1.0,42.0,Vila Virginia,160000.0
241379.0,Apartamento de 41m² com 02 quartos à venda   Reserva Real,2.0,1.0,1.0,41.0,Reserva Real,165000.0
131375.0,Apartamento de 62m² com 2 quartos  Vila Tibério,2.0,2.0,1.0,62.0,Vila Tiberio,310000.0
199448.0,Apartamento de 48m² com 02 quartos à venda   Quintas de São José,2.0,2.0,1.0,48.0,Quintas de Sao Jose,293000.0
140450.0,APARTAMENTO DE 1 DORMITÓRIO NO NOVA ALIANÇA,1.0,1.0,1.0,45.0,Nova Alianca,210000.0
223646.0,Apartamento térreo de 43m² com 02 quartos à venda   Chácaras Pedro Corrêa de Carvalho,2.0,1.0,1.0,43.0,Chacaras Pedro Correa de Carvalho,169900.0
179207.0,Apartamento de 49m² com 01 quarto à venda   Centro,1.0,1.0,1.0,49.0,Centro,170000.0
220343.0,Apartamento de 83m² com 03 quartos à venda   Jardim Irajá,3.0,3.0,1.0,83.0,Jardim Iraja,390000.0
151487.0,Apartamento de 59m² com 2 quartos á venda   Parque Industrial Lagoinha,2.0,1.0,1.0,59.0,Parque Industrial Lagoinha,240000.0
136559.0,Apartamento de 48m² com 02 quartos à venda   Ipiranga,2.0,1.0,1.0,48.0,Ipiranga,159000.0
204011.0,Apartamento de 150m² com 03 suítes para locação e venda   Centro,3.0,5.0,2.0,150.0,Centro,680000.0
94160.0,Apartamento de 90m² com 03 quartos sendo 01 suíte para locação   Jardim Anhanguera,3.0,3.0,2.0,90.0,Jardim Anhanguera,250000.0
215741.0,Apartamento de 40m² com 02 quartos à venda   Jardim Ouro Branco,2.0,1.0,1.0,40.0,Jardim Ouro Branco,150000.0
188450.0,APARTAMENTO NOVO EM CONDOMINIO FECHADO,2.0,2.0,1.0,56.0,Chacaras Pedro Correa de Carvalho,250000.0
100196.0,Apartamento de 317m² com 04 quartos à venda   Centro,4.0,6.0,3.0,317.0,Centro,550000.0
235760.0,Apartamento de 212m² com 03 quartos para locação e venda   Centro,3.0,3.0,2.0,212.0,Centro,780000.0
228938.0,Apartamento de 46m² com 02 quartos à venda   Jardim Castelo Branco,2.0,1.0,1.0,46.0,Ribeirania,220000.0
143582.0,Apartamento de 348m² com 04 suítes para venda e locação   Morro do Ipê,4.0,6.0,4.0,348.0,Residencial Morro do Ipe,3360000.0
229022.0,Apartamento de 67m² com 02 quartos à venda   VIDA PLENA LAGOINHA,2.0,2.0,1.0,67.0,Parque Industrial Lagoinha,349000.0
169451.0,APARTAMENTO NO JARDIM ZARA,2.0,2.0,1.0,61.0,Jardim Zara,235000.0
203426.0,Apartamento de 131m² com 03 quartos para locação e venda   Jardim Irajá,3.0,4.0,2.0,131.0,Jardim Iraja,860000.0
211004.0,Apartamento de 138m² com 03 quartos à venda   Centro,3.0,2.0,1.0,138.0,Vila Seixas,530000.0
240677.0,Apartamento de 48m² com 02 quartos à venda   Ipiranga,2.0,1.0,1.0,48.0,Ipiranga,130000.0
238721.0,Apartamento de 48m² com 02 quartos para venda   Residencial Jequitibá,2.0,1.0,1.0,48.0,Residencial Jequitiba,275000.0
224720.0,Apartamento de 43m² com 1 quarto à venda   Centro,1.0,1.0,1.0,43.0,Centro,170000.0
68000.0,Apartamento de 60m²   Nova Aliança,2.0,2.0,1.0,60.0,Nova Alianca,371000.0
88958.0,Apartamento de 64m² com 02 quartos à venda   Jardim Paulistano,2.0,2.0,1.0,64.0,Jardim Paulistano,330000.0
184061.0,Apartamento de 152m² com 03 suítes à venda   Nova Aliança,3.0,5.0,2.0,152.0,Nova Alianca,900000.0
104909.0,Apartamento de 63 m² com 02 quartos   Jardim São José.,2.0,1.0,2.0,63.0,Jardim Sao Jose,320000.0
107465.0,APARTAMENTO PRÓXIMO À AVENIDA DOM PEDRO I,2.0,1.0,1.0,45.0,Alto do Ipiranga,235000.0
169178.0,****OTIMO APARTAMENTO****,2.0,2.0,2.0,70.0,Jardim Macedo,450000.0
157202.0,Apartamento de 73m² com 02 quartos à venda   Parque Industrial Lagoinha,2.0,2.0,1.0,73.0,Parque Industrial Lagoinha,380000.0
158903.0,Apartamento de 66m² com 03 quartos   Jardim Parque Industrial Lagoinha,3.0,2.0,1.0,66.0,Parque Industrial Lagoinha,318000.0
233702.0,Apartamento de 104m² com 03 quartos à venda   Bosque das Juritis,3.0,3.0,2.0,104.0,Bosque das Juritis,620000.0
212996.0,Apartamento de 43m² com 02 quartos à venda   Jardim Interlagos,2.0,1.0,1.0,43.0,Jardim Interlagos,215000.0
153947.0,Apartamento de 71m² com 02 quartos para locação e venda   Jardim Botânico,2.0,2.0,1.0,71.0,Jardim Botanico,425000.0
228518.0,Apartamento de 48m² com 02 quartos à venda   Quintino Facci II,2.0,1.0,1.0,48.0,Quintino Facci II,135000.0
217661.0,Apartamento de 43m² com 02 quartos para locação   Condomínio Uirapuru,2.0,1.0,1.0,43.0,Condominio Uirapuru,123000.0
214895.0,Apartamento de 48m² com 02 quartos à venda   Vila Maria Luiza,2.0,1.0,2.0,48.0,Vila Maria Luiza,300000.0
217415.0,Apartamento de 44m² com 02 quartos à venda   Quinta da Primavera,2.0,1.0,1.0,44.0,Quinta da Primavera,350000.0
190163.0,Apartamento de 47m² com 02 quartos à venda   Jardim das Palmeiras,2.0,1.0,1.0,47.0,Conjunto Habitacional Jardim das Palmeiras,120000.0
108998.0,Apartamento   Padrão,2.0,3.0,2.0,81.0,Vila Ana Maria,723500.0
91637.0,"Apartamento de 104m² com 03 quartos, 1 suíte à venda   Lagoinha",3.0,2.0,2.0,104.0,Parque Industrial Lagoinha,320000.0
222716.0,Apartamento de 43m² com 02 quartos para locação   Loteamento Santa Marta,2.0,1.0,1.0,43.0,Loteamento Santa Marta,220000.0
86510.0,APARTAMENTO PRÓXIMO À AVENIDA SENADOR CÉSAR VERGUEIRO,1.0,1.0,1.0,30.0,Jardim Sao Luiz,200000.0
107384.0,Apartamento de 108m² com 03 quartos para locação e venda   Jardim Olhos D`Água,3.0,3.0,2.0,108.0,Jardim Olhos DAgua,1200000.0
232193.0,Apartamento de 147 m² com 04 quartos para locação   Santa Cruz do José Jacques.,4.0,5.0,2.0,147.0,Santa Cruz do Jose Jacques,800000.0
194330.0,APARTAMENTO NO JARDIM ANANHGUERA,2.0,2.0,1.0,67.0,Jardim Anhanguera,215000.0
173834.0,APARTAMENTO NA VILA MONTE ALEGRE,3.0,1.0,1.0,66.0,Vila Monte Alegre,190000.0
197663.0,Apartamento de 47m² com 02 quartos à venda   Residencial Greenville,2.0,1.0,1.0,47.0,Residencial Greenville,320000.0
57542.0,APARTAMENTO PADRÃO ZONA SUL,3.0,3.0,1.0,94.0,Jardim Iraja,430000.0
213809.0,Apartamento de 105m² com 03 quartos à venda   Campos Elíseos,3.0,3.0,1.0,105.0,Campos Eliseos,380000.0
225737.0,Apartamento de 48m² com 2 quartos à venda   Parque dos Lagos,2.0,1.0,1.0,48.0,Parque dos Lagos,190000.0
161252.0,LINDO APARTAMENTO NO INTERLAGOS,2.0,1.0,1.0,43.0,Jardim Interlagos,160000.0
237668.0,Apartamento de 95m² com 03 quartos à venda   Campos Elíseos,3.0,2.0,2.0,95.0,Campos Eliseos,560000.0
137414.0,APARTAMENTO NO CENTRO,3.0,3.0,1.0,103.0,Centro,500000.0
203705.0,Apartamento de 171m² com 03 suítes à venda   Nova Aliança,3.0,5.0,2.0,171.0,Nova Alianca,1356800.0
222335.0,Apartamento de 47m² com 02 quartos à venda   Condomínio Mirante Sul,2.0,1.0,1.0,47.0,Condominio Mirante Sul,240000.0
116972.0,Apartamento de 132m² com 03 quartos para locação e venda   Centro,3.0,4.0,1.0,132.0,Centro,850000.0
237884.0,Apartamento de 01 quarto para locação   Bosque das Juritis,1.0,1.0,1.0,40.0,Jardim Botanico,285000.0
193022.0,Apartamento de 118m² com 02 quartos à venda   Jardim Botânico,2.0,3.0,2.0,118.0,Jardim Botanico,850000.0
38816.0,APARTAMENTO PRÓXIMO À AVENIDA CARAMURU,1.0,1.0,1.0,19.0,Centro,125000.0
156431.0,Apartamento de 121m² com 02 quartos à venda   Centro,2.0,2.0,1.0,121.0,Jardim Sumare,310000.0
193976.0,APARTAMENTO JD JOAO ROSSI,2.0,1.0,1.0,41.0,Jardim Joao Rossi,130000.0
162065.0,Apartamento de 101m² de 03 quartos para locação e venda   Bairro Nova Aliança,3.0,3.0,2.0,101.0,Nova Alianca,750000.0
77732.0,Apartamento de 59m² à venda   Parque Industrial Lagoinha,2.0,1.0,1.0,59.0,Parque Industrial Lagoinha,280000.0
172418.0,EXCELENTE APARTAMENTO NO GREENVILLE,2.0,2.0,1.0,54.0,Residencial Greenville,232000.0
196061.0,Apartamento de 101m² com 03 quartos para locação   Jardim Nova Aliança,3.0,3.0,2.0,101.0,Nova Alianca,720000.0
114251.0,Apartamento de 97m² com 03 quartos sendo 01 suíte   Jardim Irajá,3.0,3.0,1.0,97.0,Jardim Iraja,371000.0
228677.0,Apartamento de 367m² com 04 suítes à venda   Jardim Ilhas do Sul,4.0,7.0,4.0,367.0,Jardim Ilhas do Sul,3000000.0
74528.0,APARTAMENTO PRÓXIMO AO RIBEIRÃO SHOPPING,1.0,1.0,1.0,39.0,Vila Ana Maria,220000.0
235469.0,Apartamento de 70m² com 02 quartos para venda   Jardim São Luiz,2.0,2.0,1.0,70.0,Jardim Sao Luiz,400000.0
185066.0,EXCELENTE APARTAMENTO PRÓXIMO À RUA JOÃO BIM,2.0,1.0,1.0,65.0,Jardim Novo Mundo,240000.0
179837.0,Lindo Apartamento Mobiliado,1.0,1.0,1.0,43.0,Bosque das Juritis,310000.0
204398.0,Apartamento de 41m² com 02 quartos à venda   Reserva Real,2.0,1.0,1.0,41.0,Reserva Real,170000.0
206765.0,Apartamento de 42m² com 02 quartos à venda   Quintino Facci II,2.0,1.0,1.0,42.0,Quintino Facci II,155000.0
121598.0,Apartamento de 40m² com 01 quarto à venda   Centro,1.0,1.0,1.0,40.0,Vila Seixas,200000.0
208166.0,Apartamento de 41m² com 02 quartos à venda condomínio Palácio Imperial   Reserva Real,2.0,1.0,1.0,41.0,Reserva Real,160000.0
214307.0,Apartamento de 46m² com 02 quartos à venda   Bonfim Paulista,2.0,1.0,1.0,46.0,Loteamento Santa Marta,275000.0
120617.0,Apartamento de 111m² com 02 quartps sendo 01 suíte à venda   Centro,2.0,3.0,1.0,111.0,Centro,350000.0
177389.0,Apartamento de 72m² com 02 quartos sendo 01 suíte à venda   Vila Seixas,2.0,3.0,2.0,72.0,Vila Seixas,530000.0
212075.0,Apartamento de 39m² com 02 quartos à venda,2.0,1.0,1.0,39.0,Jardim Zara,170000.0
191030.0,Apartamento de 86m² com 2 quartos   Nova Ribeirânia,2.0,2.0,1.0,86.0,Nova Ribeirania,290000.0
95924.0,Apartamento de 64m² com 02 quartos à venda   Parque Industrial Lagoinha,2.0,2.0,1.0,64.0,Parque Industrial Lagoinha,230000.0
53453.0,EXCELENTE APARTAMENTO PARA VENDA NO PARQUE BANDEIRANTES,3.0,4.0,2.0,170.0,Parque dos Bandeirantes,400000.0
182186.0,APARTAMENTO PRÓXIMO À AVENIDA PROFESSORA EDUL RANGEL RABELLO,2.0,1.0,1.0,44.0,Residencial Greenville,180000.0
126293.0,Apartamento de 27m² com 1 suíte à venda  Jardim Paulista,1.0,1.0,1.0,27.0,Jardim Paulista,220000.0
119033.0,APARTAMENTO NO JARDIM BOTÂNICO,3.0,2.0,2.0,75.0,Jardim Botanico,650000.0
154685.0,APARTAMENTO PRÓXIMO À AVENIDA CASTELO BRANCO,2.0,3.0,2.0,76.0,Nova Ribeirania,600000.0
223823.0,Apartamento de 69m² com 03 quartos à venda   Jardim Paulista,3.0,1.0,1.0,69.0,Jardim Paulista,270000.0
128606.0,APARTAMENTO SEMI NOVO PRÓXIMO Á BARÃO DO BANANAL,2.0,1.0,1.0,54.0,Jardim Zara,202000.0
245138.0,Apartamento de 123m² com 03 quartos à venda   Centro,3.0,4.0,1.0,123.0,Centro,380000.0
219779.0,Apartamento de 93m² com 03 quartos sendo 01 suíte à venda   Jardim Botânico,3.0,3.0,2.0,93.0,Jardim Botanico,820000.0
132521.0,Apartamento   Padrão,2.0,1.0,1.0,46.0,Sumarezinho,170000.0
108599.0,Apartamento de 76m² com 02 suítes para locação e venda   Jardim Botânico,2.0,3.0,2.0,76.0,Jardim Botanico,520000.0
150026.0,APARTAMENTO EDIFICIO PARAQUE DOS BANDEIRANTES,3.0,1.0,1.0,92.0,Parque dos Bandeirantes,300000.0
140732.0,APARTAMENTO EM ÓTIMA LOCALIZAÇÃO PRÓXIMO A AV. JOSÉ ANTÔNIO FERRAREZI,2.0,1.0,1.0,41.0,Reserva Real,181000.0
144350.0,**LINDO APARTAMENTO PRÓXIMO A NESTLE**,2.0,3.0,2.0,69.0,Residencial Parque dos Servidores,250000.0
161687.0,Apartamento de 44m² com 01 quarto à venda   Jardim Sumaré,1.0,1.0,1.0,44.0,Jardim Sumare,270000.0
152834.0,"APARTAMENTO EXCELENTE NO CENTRO, 2 DORMITÓRIOS, SENDO 1 SUÍTE, VARANDA E VAGA, EM ÓTIMO CONDOMÍNIO, COM LAZER E SEGURANÇA 24 HORAS",2.0,2.0,1.0,99.0,Centro,290000.0
229952.0,"Apartamento padrão com 58 m², 02 quartos, Ribeirânia.",2.0,2.0,1.0,58.0,Ribeirania,480000.0
84191.0,Apartamento   Padrão,2.0,2.0,1.0,55.0,Jardim Zara,185000.0
217919.0,Apartamento de 42m² com 02 quartos à venda   Recreio Anhanguera,2.0,1.0,1.0,42.0,Residencial Parque dos Servidores,159000.0
189551.0,Apartamento de 77m² com 02 quartos   Vila Monte Alegre,2.0,1.0,3.0,77.0,Vila Monte Alegre,229000.0
195686.0,LINDO APARTAMENTO NO IGUATEMI,1.0,1.0,1.0,45.0,Iguatemi,250000.0
180215.0,APARTAMENTO NO ALTO DA BOA VISTA,2.0,2.0,1.0,53.0,Alto da Boa Vista,470000.0
161117.0,APARTAMENTO 03 DORMITÓRIOS 01 SUITE COM VARANDA GOURMET PRÓXIMO A AV. CARLOS CONSONI,3.0,3.0,1.0,87.0,Jardim Botanico,535500.0
44735.0,APARTAMENTO PRÓXIMO À AVENIDA LEÃO XIII,1.0,1.0,1.0,48.0,Parque Industrial Lagoinha,175000.0
187997.0,Apartamento de 38m² com 01 quarto para locação e venda   Jardim Palma Travassos,1.0,1.0,1.0,38.0,Jardim Palma Travassos,340000.0
237332.0,Apartamento de 48m² com 2 quartos à venda   Geraldo Correa de Carvalho,2.0,1.0,1.0,48.0,Geraldo Correia de Carvalho,154000.0
108911.0,APARTAMENTO NO VILA ANA MARIA,2.0,3.0,2.0,81.0,Vila Ana Maria,630000.0
227612.0,Apartamento de 55m² com 02 quartos à venda   Vila Virgínia,2.0,1.0,1.0,55.0,Vila Virginia,130000.0
189854.0,Apartamento de 183m² com 03 suítes para locação e venda   Jardim Botânico,3.0,5.0,3.0,183.0,Jardim Botanico,1450000.0
149711.0,APARTAMENTO PRÓXIMO À RODOVIA ANHANGUERA,2.0,1.0,1.0,42.0,Jardim Florestan Fernandes,195000.0
241253.0,Apartamento de 43m² com 02 quartos à venda   Jardim Interlagos,2.0,1.0,1.0,43.0,Jardim Interlagos,212000.0
242567.0,Apartamento de 41m² com 02 quartos à venda   Reserva Real,2.0,1.0,1.0,41.0,Reserva Real,160000.0
147110.0,APARTAMENTO PRÓXIMO AO SUPERMERCADO BIG COMPRAS,2.0,1.0,1.0,46.0,Conjunto Habitacional Jardim das Palmeiras,138000.0
69665.0,Apartamento de 73m² com 02 quartos à venda   Jardim Paulista,2.0,3.0,1.0,73.0,Jardim Paulista,350000.0
187415.0,APARTAMENTO NO RESERVA SUL,2.0,1.0,1.0,46.0,Reserva Sul Condominio,210000.0
239954.0,Apartamento de 153m² com 03 suítes à venda   Jardim Olhos D`Água,3.0,5.0,3.0,153.0,Jardim Olhos DAgua,1308000.0
156752.0,Apartamento de 116m² com 03 quartos sendo 01 suíte à venda   Vila Seixas,3.0,3.0,2.0,116.0,Vila Seixas,370000.0
127376.0,Apartamento   Padrão,2.0,2.0,1.0,67.0,Parque Industrial Lagoinha,320000.0
225683.0,Apartamento de 61m² com 02 quartos À venda   Quinta da Primavera,2.0,2.0,1.0,61.0,Quinta da Primavera,550000.0
201389.0,Apartamento de 02 quartos para venda   Jardim Irajá,2.0,2.0,1.0,65.0,Jardim Iraja,300000.0
193376.0,APARTAMENTO PRÓXIMO À RODOVIA ANHANGUERA,2.0,1.0,1.0,48.0,Quintino Facci II,135000.0
180440.0,APARTAMENTO EM ÓTIMA LOCALIZAÇÃO,2.0,1.0,1.0,41.0,Conjunto Habitacional Silvio Passalacqua,159000.0
161858.0,Apartamento de 47m² com 02 quartos à venda   Parque São Sebastião,2.0,1.0,1.0,47.0,Parque Sao Sebastiao,170000.0
133454.0,Apartamento de 200m² com 03 suítes para venda e locação   Vila Seixas,3.0,4.0,3.0,200.0,Vila Seixas,950000.0
143399.0,Apartamento de 45m² com 02 quartos para venda   Jardim João Rossi,2.0,1.0,1.0,45.0,Jardim Joao Rossi,120000.0
97382.0,Apartamento Mobiliado de 43m² com 01 quarto à venda   Nova Aliança,1.0,1.0,1.0,43.0,Nova Alianca,380000.0
221996.0,Apartamento de 144m² com 03 suítes à venda   Condomínio Itamaraty,3.0,5.0,2.0,144.0,Condominio Itamaraty,650000.0
105830.0,Apartamento de 139m² com 03 quartos para locação e venda   Jardim Canadá,3.0,4.0,2.0,139.0,Jardim Canada,1020000.0
199439.0,APARTAMENTO NO QUINTA SÃO JOSÉ,2.0,2.0,1.0,52.0,Quintas de Sao Jose,340000.0
230993.0,Apartamento de 62m² com 03 quartos à venda no Jardim Palma Travassos,3.0,2.0,1.0,62.0,Jardim Palma Travassos,300000.0
12719.0,Apartamento de 86m² com 03 quartos para venda   Vila Virgínia,3.0,2.0,1.0,86.0,Vila Virginia,285000.0
245168.0,Apartamento de 105m² com 03 quartos sendo 01 à venda   Lagoinha,3.0,2.0,1.0,105.0,Jardim Iraja,500000.0
116210.0,Apartamento reformado de 57m² com 02 quartos para venda   Alto da Boa Vista,2.0,1.0,1.0,57.0,Republica,260000.0
162113.0,APARTAMENTO PRÓXIMO À RUA GENERAL CÂMARA,2.0,1.0,1.0,57.0,Vila Maria Luiza,200000.0
178931.0,Apartamento de 72m² com 02 quartos à venda   Presidente Médici,2.0,2.0,1.0,72.0,Presidente Medici,250000.0
93695.0,Apartamento de 216m² com 03 quartos sendo 01 suíte à venda   Centro,3.0,4.0,1.0,216.0,Centro,650000.0
228845.0,Apartamento de 42m² com 02 quartos para venda   Ipiranga,2.0,1.0,1.0,42.0,Ipiranga,139000.0
174548.0,APARTAMENTO NA VILA ANA MARIA,1.0,2.0,2.0,66.0,Vila Ana Maria,400000.0
224444.0,Apartamento de 133m² com 03 quartos sendo 01 suíte à venda   Jardim Nova Aliança Sul,3.0,4.0,3.0,133.0,Jardim Nova Alianca Sul,870000.0
244898.0,Apartamento de 37 m² com 01 quartos  Lagoinha,1.0,1.0,1.0,37.0,Ribeirania,139000.0
234902.0,Apartamento de 59m² com 02 quartos sendo 01 suíte para locação e venda   Quintas de São José,2.0,2.0,1.0,59.0,Quintas de Sao Jose,460000.0
84932.0,Apartamento de 138m² 03 quartos sendo 01 suíte para locação   Jardim Sumaré,3.0,3.0,2.0,138.0,Jardim Sumare,590000.0
232367.0,Apartamento de 47m² com 02 quartos á venda   Alto do Ipiranga,2.0,1.0,1.0,47.0,Alto do Ipiranga,230000.0
118310.0,APARTAMENTO 2 DORMÍTÓRIOS EM ÓTIMA LOCALIZAÇÃO,2.0,2.0,1.0,62.0,Jardim Zara,340000.0
205355.0,Apartamento de 47m² com 02 quartos à venda   Chácaras Pedro Corrêa de Carvalho,2.0,1.0,1.0,47.0,Chacaras Pedro Correa de Carvalho,300000.0
238169.0,Apartamento de 48m² com 02 quartos à venda   Bonfim Paulista,2.0,1.0,1.0,48.0,Jardim Sao Fernando,219000.0
139316.0,APARTAMENTO NO SUMAREZINHO,3.0,1.0,1.0,103.0,Sumarezinho,286000.0
102554.0,Apartamento   Padrão,2.0,2.0,2.0,62.0,Vila Ana Maria,350000.0
129989.0,Apartamento   Padrão,2.0,1.0,1.0,49.0,Jardim Palma Travassos,180000.0
207260.0,Apartamento de 92m² com 03 quartos   Centro,3.0,2.0,1.0,92.0,Centro,320000.0
227366.0,Apartamento de 42m² com 02 quartos à venda   Quintino Facci II,2.0,1.0,1.0,42.0,Quintino Facci II,160000.0
154742.0,APARTAMENTO NO JD CALIFÓRNIA,2.0,1.0,1.0,44.0,Jardim California,120000.0
182936.0,APARTAMENTO EM BONFIM PAULISTA,2.0,1.0,1.0,42.0,Jardim Santa Cecilia,185000.0
243347.0,Apartamento de 83m² com 03 quartos sendo 01 suíte à venda   Presidente Médici,3.0,2.0,1.0,83.0,Presidente Medici,260000.0
243608.0,Apartamento de 41m² com 1 quarto   Jd Nova Aliança Sul,1.0,1.0,1.0,41.0,Jardim Nova Alianca Sul,250000.0
91241.0,Apartamento de 51m² 01 quarto para locação   Centro,1.0,1.0,1.0,51.0,Centro,200000.0
223814.0,Apartamento de 44m² com 02 quartos à venda   Recreio das Acácias,2.0,1.0,1.0,44.0,Recreio das Acacias,255000.0
177623.0,APARTAMENTO TÉRREO PRÓXIMO À RUA JAVARI,2.0,1.0,1.0,42.0,Jardim Jandaia,212000.0
240221.0,Apartamento de 51m² com 02 quartos à venda   Presidente Médici,2.0,1.0,1.0,51.0,Presidente Medici,230000.0
114398.0,Apartamento de 74m² com 03 quartos sendo 02 suites à venda   Lagoinha,3.0,2.0,1.0,74.0,Parque Industrial Lagoinha,200000.0
147713.0,APARTAMENTO PRÓXIMO À RODOVIA ANTÔNIO MACHADO SANTANNA,2.0,1.0,1.0,41.0,Residencial Jequitiba,195000.0
154955.0,APARTAMENTO PRÓXIMO À RUA JAVARI,2.0,1.0,1.0,46.0,Ipiranga,160000.0
165212.0,Apartamento de 114m² com 03 quartos à venda   Jardim Botânico,3.0,4.0,2.0,114.0,Jardim Botanico,798000.0
225449.0,Apartamento de 48m² com 02 quartos à venda   Jardim José Sampaio Júnior,2.0,1.0,1.0,48.0,Jardim Jose Sampaio Junior,160000.0
231911.0,Apartamento de 75m² com 02 quartos à venda   Bosque das Juritis,2.0,2.0,2.0,75.0,Bosque das Juritis,540000.0
192059.0,APARTAMENTO PQ DOS BANDEIRANTES,3.0,3.0,1.0,137.0,Parque dos Bandeirantes,400000.0
113552.0,Apartamento de 144m² com 04 quartos para locação e venda   Jardim Macedo,4.0,3.0,2.0,144.0,Jardim Macedo,532000.0
204365.0,Apartamento de 127m² com 03 suítes à venda   Nova Aliança,3.0,4.0,2.0,127.0,Nova Alianca,910000.0
179252.0,APARTAMENTO NA VILA ABRANCHES,2.0,1.0,1.0,46.0,Vila Abranches,152000.0
142304.0,Apartamento de 39m² com 02 quartos á venda   Residencial das Américas,2.0,1.0,1.0,39.0,Residencial das Americas,130000.0
133712.0,****LINDO APARTAMENTO ****,2.0,1.0,1.0,40.0,Jardim Castelo Branco,220000.0
95465.0,APARTAMENTO ÓTIMA LOCALIZAÇÃO NO JARDIM CALIFÓRNIA,1.0,1.0,1.0,46.0,Jardim California,430000.0
231794.0,Apartamento de 52m² com 02 quartos para locação venda   Loteamento Santa Marta,2.0,2.0,1.0,52.0,Bonfim Paulista,289900.0
178274.0,Apartamento de 62m² com 02 suítes à venda   Nova Aliança,2.0,3.0,1.0,62.0,Nova Alianca,527736.28
176291.0,APARTAMENTO TÉRREO EM BONFIM PAULISTA,2.0,1.0,1.0,43.0,Bonfim Paulista,191000.0
245000.0,"Apartamento de 70m² com 02 quartos, sendo 01 suíte à venda   Jardim Palma Travassos",2.0,2.0,2.0,70.0,Presidente Medici,550000.0
189236.0,Apartamento de 90m² com 02 quartos para locação e venda   Bosque das Juritis,2.0,2.0,2.0,90.0,Bosque das Juritis,650000.0
228902.0,Apartamento de 75m² com 02 quartos à venda   Vila Amélia,2.0,2.0,1.0,75.0,Vila Amelia,320000.0
106130.0,Apartamento   Padrão,2.0,1.0,1.0,54.0,Planalto Verde,160000.0
235046.0,Apartamento de 104m² com 03 quartos para venda e locação   Bosque das Juritis,3.0,3.0,2.0,104.0,Bosque das Juritis,540000.0
176867.0,Apartamento de 81m² com 02 suítes à venda   Nova Aliança,2.0,3.0,2.0,81.0,Nova Alianca,797300.56
117815.0,Apartamento de 71m² com 02 quartos à venda   Vila Elisa,2.0,1.0,1.0,71.0,Vila Elisa,170000.0
160229.0,APARTAMENTO PRÓXIMO À RUA MARQUÊS DA CRUZ,3.0,2.0,1.0,108.0,Vila Monte Alegre,350000.0
231968.0,Apartamento de 75m² com 02 quartos à venda   Bosque das Juritis,2.0,2.0,2.0,75.0,Bosque das Juritis,535000.0
245252.0,Apartamento de 85m² com 02 suítes para venda e locação   Nova Aliança,2.0,3.0,2.0,85.0,Nova Alianca,750129.0
200183.0,APARTAMENTO DO JD INTERLAGOS,2.0,1.0,1.0,63.0,Jardim Interlagos,200000.0
226469.0,Apartamento de 58m² com 02 quartos para locação e venda   Ribeirânia,2.0,2.0,1.0,58.0,Ribeirania,500000.0
212060.0,Apartamento de 42m² com 02 quartos à venda   Vila Virgínia,2.0,1.0,1.0,42.0,Vila Virginia,165000.0
156560.0,Apartamento de 45m² com 02 quartos para venda   Parque dos Lagos,2.0,1.0,1.0,45.0,Parque dos Lagos,160000.0
198062.0,APARTAMENTO TÉRREO NO RESERVA REAL,2.0,1.0,1.0,41.0,Reserva Real,180000.0
219422.0,Apartamento de 132m² com 02 suítes para venda e locação   Jardim Botânico,2.0,4.0,2.0,132.0,Jardim Botanico,1150000.0
154574.0,Apartamento térreo de 85m² com 02 quartos para locação e venda   Jardim Zara,2.0,2.0,1.0,85.0,Jardim Zara,280000.0
234344.0,Apartamento de 45m² com 01 quarto para venda   Recreio das Acácias,2.0,1.0,1.0,45.0,Recreio das Acacias,260000.0
103769.0,Apartamento de 120m² com 03 quartos ara locação e venda   Centro,3.0,2.0,2.0,120.0,Centro,400000.0
240923.0,Apartamento de 47m² com 02 quartos à venda   Jardim Helena;,2.0,1.0,1.0,47.0,Conjunto Habitacional Jardim das Palmeiras,196000.0
196001.0,Apartamento de 83m² com 03 quartos à venda   Jardim Botânico,3.0,3.0,1.0,83.0,Jardim Botanico,692131.58
118760.0,Ótimo apartamento próximo à Avenida Meira Junior,3.0,3.0,2.0,132.0,Jardim Paulistano,510000.0
241436.0,Apartamento de 65m² com 02 quartos à venda   Vila Tibério,2.0,1.0,1.0,65.0,Vila Tiberio,243800.0
94349.0,Apartamento de 90m² com 03 quartos para locação e venda   Nova Aliança,3.0,2.0,2.0,90.0,Nova Alianca,720000.0
68573.0,Apartamento de 44m² com 1 suíte para locação e venda   Jardim Paulista,1.0,1.0,1.0,44.0,Jardim Paulista,285000.0
228674.0,Apartamento de 367m² com 04 suítes à venda   Jardim Ilhas do Sul,4.0,7.0,4.0,367.0,Jardim Ilhas do Sul,3000000.0
128660.0,Apartamento de 02 quartos para locação   Lagoinha,2.0,1.0,1.0,46.0,Ribeirania,180000.0
167549.0,Apartamento de 48m² com 02 quartos à venda   Jardim Heitor Rigon,2.0,1.0,1.0,48.0,Jardim Heitor Rigon,149000.0
75593.0,Apartamento 63m² com 02 quartos para locação   Jardim Botânico,2.0,2.0,2.0,63.0,Jardim Botanico,400000.0
150659.0,APARTAMENTO DE 1 DORMITÓRIO OPORTUNIDADE,1.0,1.0,1.0,45.0,Jardim Paulista,280000.0
244178.0,Apartamento de 41m² com 02 quartos à venda   Reserva Real,2.0,1.0,1.0,41.0,Reserva Real,159000.0
239477.0,Apartamento de 95m² com 02 quartos à venda   Vila Seixas,2.0,2.0,1.0,95.0,Centro,270000.0
169070.0,Apartamento de 34m² com 01 quarto para locação   Centro,1.0,1.0,1.0,34.0,Centro,170000.0
95660.0,APARTAMENTO PARA LOCAÇÃO NO JARDIM PRESIDENTE DUTRA,2.0,1.0,1.0,43.0,Residencial das Americas,160000.0
181307.0,Apartamento de 47m² com 02 quartos para venda   Campos Elíseos,3.0,1.0,1.0,47.0,Campos Eliseos,180000.0
179669.0,Apartamento de 56m² com 02 quartos para locação   Pedro Correa de Carvalho,2.0,2.0,1.0,56.0,Chacaras Pedro Correa de Carvalho,230000.0
217427.0,Apartamento térreo de 43m² com 02 quartos à venda   Jardim Interlagos,2.0,1.0,1.0,43.0,Jardim Interlagos,170000.0
178769.0,APARTAMENTO NA RIBERÂNIA,2.0,1.0,1.0,45.0,Ribeirania,170000.0
225869.0,Apartamento de 42m² com 02 quartos para locação   Jardim Itaú,2.0,1.0,1.0,42.0,Jardim Itau,145000.0
82754.0,Apartamento de 44m² com 01 quarto e sacada para locação e venda   Nova Aliança,1.0,1.0,1.0,44.0,Nova Alianca,300000.0
183005.0,APARTAMENTO PRÓXIMO À RUA JOÃO BIM,2.0,1.0,1.0,74.0,Jardim Paulistano,225000.0
201896.0,Apartamento de 48m² com 02 suítes para venda   Vila Florença,2.0,3.0,2.0,48.0,Condominio Vila Florenca,450000.0
18581.0,Apartamento de 66m² com 03 quartos sendo 01 suíte à venda   Parque Industrial Lagoinha,3.0,2.0,1.0,66.0,Parque Industrial Lagoinha,250000.0
111689.0,Apartamento de 118m² com 03 suítes à venda   Jardim Saint Gerard,3.0,4.0,2.0,118.0,Jardim Saint Gerard,1107475.29
64496.0,Apartamento de 105m² à venda   Centro,3.0,1.0,1.0,105.0,Centro,320000.0
159872.0,Apartamento de 39m² com 01 quarto à venda   Vila Ana Maria,1.0,1.0,1.0,39.0,Vila Ana Maria,205000.0
95870.0,APARTAMENTO NO CENTRO,2.0,3.0,1.0,95.0,Centro,300000.0
178853.0,Apartamento de 88m² com 02 suítes à venda   Jardim Olhos D`Água II,2.0,3.0,2.0,88.0,Jardim Olhos DAgua,912189.0
173864.0,APARTAMENTO NA VILA TIBÉRIO,2.0,1.0,1.0,77.0,Vila Tiberio,276000.0
229295.0,Apartamento de 42m² com 02 quartos para locação   Vila Virgínia,2.0,1.0,1.0,42.0,Vila Virginia,260000.0
216044.0,Apartamento de 61m² com 02 quartos à venda   Quinta da Primavera,2.0,2.0,1.0,61.0,Quinta da Primavera,538000.0
191756.0,Ótimo apartamento no Jardim Paulista   Edifício Capri,2.0,2.0,1.0,66.0,Jardim Paulista,270000.0
239939.0,Apartamento de 48m² com 02 quartos à venda   Parque dos Pinus,2.0,1.0,1.0,48.0,Parque dos Pinus,170000.0
151583.0,Apartamento mobiliado para locação   Jd. Presidente Médici,1.0,1.0,1.0,38.0,Presidente Medici,192000.0
214781.0,Apartamento de 56m² com 02 quartos à venda   Sumarezinho,2.0,2.0,1.0,56.0,Sumarezinho,330000.0
132548.0,Apartamento de 99 m² com 03 quartos para locação   Jardim Irajá,3.0,3.0,2.0,99.0,Jardim Iraja,382000.0
120179.0,APARTAMENTO PRÓXIMO AO SHOPPING SANTA ÚRSULA,3.0,3.0,1.0,129.0,Centro,500000.0
222671.0,Apartamento térreo de 52m² com 02 quartos à venda   Residencial Greenville,2.0,1.0,1.0,52.0,Residencial Greenville,250000.0
72602.0,Apartamento mobiliado de 46m² com 01 quarto à venda   Jardim Botânico,1.0,1.0,1.0,46.0,Jardim Botanico,289000.0
194423.0,Apartamento Próximo ao Novo Shopping   Parque Romanetto,2.0,1.0,1.0,48.0,Residencial Jequitiba,160000.0
239732.0,Apartamento de 42m² com 02 quartos à venda   Planalto Verde,2.0,1.0,1.0,42.0,Planalto Verde,170000.0
214667.0,Apartamento de 109m² com 03 suítes para locação   Jardim Olhos D`água,3.0,4.0,2.0,109.0,Plazas de Espana,1400000.0
156839.0,Apartamento de 44m² com 02 quartos para locação   Quintas de São José,2.0,1.0,1.0,44.0,Quintas de Sao Jose,240000.0
212276.0,Apartamento de 52m² com 02 quartos à venda   Jardim Paulistano,2.0,1.0,1.0,52.0,Jardim Anhanguera,280000.0
101936.0,APARTAMENTO NO JARDIM CALIFORNIA,1.0,1.0,1.0,36.0,Jardim California,215000.0
240587.0,Apartamento de 41m² com 02 quartos à venda   Reserva Real,2.0,1.0,1.0,41.0,Reserva Real,225000.0
242465.0,Apartamento de 60m² com 02 quartos para venda e locação   Residencial Taiwan,2.0,2.0,1.0,60.0,Residencial Taiwan,580000.0
116249.0,Apartamento de 86m² com 02 suítes para venda   Bosque das Juritis,2.0,3.0,2.0,86.0,Bosque das Juritis,790000.0
195272.0,"APARTAMENTO NO PALMARES, 2 DORMITÓRIOS",2.0,2.0,2.0,63.0,Residencial e Comercial Palmares,212000.0
178850.0,Apartamento de 88m² com 03 quartos à venda   Jardim Olhos D`Água II,3.0,2.0,2.0,88.0,Jardim Olhos DAgua,745864.0
153971.0,Apartamento de 58m² com 02 quartos à venda   Planalto Verde,2.0,1.0,1.0,58.0,Planalto Verde,160000.0
98756.0,Apartamento de 90m² com 03 quartos à venda   No Irajá,3.0,2.0,1.0,90.0,Jardim Iraja,400000.0
222374.0,Apartamento de 156M² com 03 suítes à venda   Jardim Botânico,3.0,5.0,2.0,156.0,Jardim Botanico,1550000.0
239210.0,Apartamento térreo de 43m² com 02 quartos à venda   Valentina Figueiredo,2.0,1.0,1.0,43.0,Valentina Figueiredo,165000.0
162335.0,APARTAMENTO NA LAGOINHA,3.0,2.0,1.0,75.0,Parque Industrial Lagoinha,240000.0
213347.0,Apartamento de 43m² com 02 quartos à venda   Santa Marta em Bonfim Paulista,2.0,1.0,1.0,43.0,Loteamento Santa Marta,200000.0
149318.0,APARTAMENTO PRÓXIMO À RODOVIA ANHANGUERA,2.0,1.0,2.0,82.0,Residencial e Comercial Palmares,350000.0
237956.0,Apartamento de 133m² com 03 suítes para locação  Nova Aliança,3.0,4.0,2.0,133.0,Nova Alianca,1158584.0
15500.0,Apartamento Térreo de 67m² com 02 quartos à venda   Jardim Anhanguera,2.0,2.0,1.0,67.0,Jardim Anhanguera,180000.0
144404.0,Apartamento de 48m² com 02 quartos à venda   Vila Maria Luiza,2.0,1.0,1.0,48.0,Vila Maria Luiza,220000.0
239534.0,Apartamento de 41m² com 02 quartos à venda   Reserva Real,2.0,1.0,1.0,41.0,Reserva Real,144000.0
191882.0,APARTAMENTO NO JARDIM CASTELO BRANCO,1.0,1.0,1.0,41.0,Jardim Castelo Branco,170000.0
84170.0,APARTAMENTO NA VILA SEIXAS,2.0,2.0,1.0,89.0,Vila Seixas,318000.0
212621.0,Apartamento de 58m² com 02 quartos   Vila Tibério,2.0,1.0,1.0,58.0,Vila Tiberio,330000.0
241874.0,Apartamento de 191m² com 03 suítes para locação e venda   Vila do Golf,3.0,5.0,3.0,191.0,Vila do Golf,3000000.0
209828.0,Apartamento de 67m² com 02 quartos para venda   Residencial Florida,2.0,2.0,1.0,67.0,Residencial Florida,250000.0
59159.0,Apartamento   Padrão,1.0,1.0,1.0,40.0,Jardim Palma Travassos,277000.0
92465.0,Apartamento de 171m² com 04 quartos para venda e locação   Centro,4.0,2.0,2.0,171.0,Centro,689000.0
104789.0,FLAT MOBILIADO RESIDENCE PLAZA,1.0,1.0,1.0,45.0,Centro,165000.0
219893.0,Apartamento de 125m² com 03 quartos à venda   Centro,3.0,4.0,2.0,125.0,Centro,650000.0
199166.0,Apartamento de 69m² com 02 quartos para venda   Jardim Helena,2.0,1.0,1.0,69.0,Jardim Helena,225000.0
218612.0,Apartamento de 57m² com 02 quartos para locação   Ipiranga,2.0,1.0,1.0,57.0,Ipiranga,300000.0
180194.0,Apartamento de 221m² com 03 quartos para locação e venda   Centro,3.0,4.0,2.0,221.0,Centro,800000.0
104546.0,APARTAMENTO NO PRESIDENTE DUTRA,2.0,1.0,1.0,43.0,Residencial das Americas,100000.0
189530.0,Apartamento de 44m² com 02 quartos à venda   Jardim Paulista,1.0,1.0,1.0,44.0,Jardim Paulista,250000.0
126149.0,APARTAMENTO NO NOVA ALIANÇA,1.0,1.0,1.0,39.0,Nova Alianca,229000.0
229289.0,Apartamento/Padrão   Residencial   No bairro Centro  ,2.0,2.0,1.0,87.0,Centro,300000.0
96662.0,Apartamento de 75m² com 03 quartos para venda   Presidente Médici,3.0,2.0,1.0,75.0,Presidente Medici,330000.0
242720.0,Apartamento de 54m² com 02 quartos à venda   Dom Bernardo José Mielle,2.0,1.0,1.0,54.0,Dom Bernardo Jose Mielle,245000.0
180326.0,APARTAMENTO NO JARDIM JOSÉ WILSON TONI,2.0,1.0,1.0,42.0,Jardim Jose Wilson Toni,181000.0
112658.0,Apartamento de 42m² com 02 quartos á venda   Planalto Verde,2.0,1.0,1.0,42.0,Planalto Verde,165000.0
178436.0,APARTAMENTO EM BONFIM PAULISTA,2.0,2.0,1.0,56.0,Chacaras Pedro Correa de Carvalho,220000.0
224648.0,Apartamento de 46m² com 02 Quartos à Venda   Vila Monte Alegre,2.0,1.0,1.0,46.0,Jardim Antartica,270000.0
183284.0,Apartamento de 80m² com 02 quartos para venda   Centro,2.0,2.0,2.0,80.0,Centro,480000.0
129623.0,Apartamento de 152m² com 03 suítes à venda   Centro,4.0,6.0,2.0,152.0,Centro,500000.0
199124.0,Apartamento de 77m² com 03 quartos para locação e venda   Parque dos Bandeirantes,3.0,3.0,1.0,77.0,Parque dos Bandeirantes,360000.0
171608.0,APARTAMENTO NO JARDIM PAULISTA,2.0,2.0,2.0,66.0,Jardim Paulista,299000.0
177725.0,Apartamento de 84m² à venda   Bonfim Paulista,3.0,2.0,2.0,84.0,Bonfim Paulista,590000.0
140588.0,Apartamento de 37m² com 01 quarto à venda   Nova Aliança,1.0,1.0,1.0,37.0,Nova Alianca,253000.0
40376.0,ÓTIMO APARTAMENTO NO BAIRRO VILA TIBÉRIO,3.0,3.0,2.0,89.0,Vila Monte Alegre,240000.0
219620.0,Apartamento térreo de 40m² com 02 quartos à venda   Reserva Real,2.0,1.0,1.0,40.0,Reserva Real,159000.0
63191.0,Apartamento de 107m² com 03 quartos sendo 01 suíte à venda   Centro,3.0,2.0,2.0,107.0,Centro,380000.0
143600.0,**APARTAMENTO COM 2 SUÍTES**,2.0,3.0,1.0,79.0,Vila Seixas,390000.0
245507.0,Apartamento de 40m² com 02 quartos à venda   Recreio das Acácias,2.0,1.0,1.0,40.0,Jardim Cybelli,190000.0
106949.0,Apartamento de 01 quarto para venda   Jardim Sumaré,1.0,1.0,1.0,44.0,Jardim Sumare,204000.0
92387.0,Apartamento de 68m² com 03 quartos para locação e venda   Centro,3.0,3.0,1.0,68.0,Centro,243000.0
175958.0,APARTAMENTO NA VILA DO GOLF,2.0,2.0,2.0,81.0,Vila do Golf,615000.0
235991.0,Apartamento de 47m² com 02 quartos à venda   Quinta da Primavera,2.0,1.0,1.0,47.0,Quinta da Primavera,286000.0
186317.0,Apartamento de 59m² com 02 quartos á venda   Ribeirânia,2.0,2.0,1.0,59.0,Ribeirania,955000.0
191009.0,Apartamento de 90m² com 03 quartos à venda   Residencial e Comercial Palmares,3.0,2.0,1.0,90.0,Residencial e Comercial Palmares,450000.0
226037.0,Apartamento de 43m² com 02 quartos à venda   Reserva Macaúba,2.0,1.0,1.0,43.0,Reserva Macauba,155000.0
136508.0,Apartamento de 56m² com 01 quarto para venda   Vila Monte Alegre,1.0,1.0,1.0,56.0,Vila Monte Alegre,220000.0
176876.0,Apartamento de 02 quartos para venda   Reserva Real,2.0,1.0,1.0,62.0,Reserva Real,170000.0
107975.0,Apartamento   Padrão,2.0,2.0,1.0,69.0,Jardim Botanico,435000.0
190301.0,Apartamento de 40m² com 02 quartos para locação   Jardim Ouro Branco,2.0,1.0,1.0,40.0,Jardim Ouro Branco,220000.0
210887.0,Apartamento de 43m² com 02 quartos para locação e venda   Valentina Figueiredo,2.0,1.0,1.0,43.0,Valentina Figueiredo,200000.0
224606.0,Apartamento de 47m² com 02 quartos à venda   Residencial Greenville,2.0,1.0,1.0,47.0,Residencial Jequitiba,169000.0
240323.0,Apartamento de 45m² com 02 quartos para venda   Ribeirânia,2.0,1.0,1.0,45.0,Ribeirania,240000.0
217499.0,Apartamento de 131m² com 03 suítes à venda   Jardim Olhos D`Água,3.0,4.0,3.0,131.0,Jardim Olhos DAgua,1050000.0
225608.0,Apartamento térreo de 40m² com 02 quartos à venda   Reserva Real,2.0,1.0,1.0,40.0,Reserva Real,215000.0
217238.0,Apartamento de 48m² com 02 quartos à venda   Geraldo Correia de Carvalho,2.0,1.0,1.0,48.0,Geraldo Correia de Carvalho,197000.0
224069.0,Apartamento de 461m² com 04 suítes à venda   Ilhas do Sul,4.0,7.0,5.0,461.0,Jardim Ilhas do Sul,3090000.0
114377.0,Apartamento de 100m² com 03 quartos   Centro,3.0,2.0,1.0,100.0,Centro,371000.0
204338.0,Apartamento reformado de 46m² com 02 quartos à venda   City Ribeirão,2.0,1.0,1.0,46.0,City Ribeirao,254000.0
116684.0,Apartamento de 131m² com 03 suítes à venda   Jardim Botânico,3.0,4.0,2.0,131.0,Jardim Botanico,700000.0
123392.0,APARTAMENTO NO JARDIM BOTÂNICO,2.0,3.0,1.0,90.0,Jardim Botanico,450000.0
228800.0,Apartamento de 42m² com 02 Quartos a venda Quintino Face II,2.0,1.0,1.0,42.0,Quintino Facci II,240000.0
205949.0,Apartamento de 50m² com 02 quartos para locação e venda   Vila Recreio,2.0,1.0,1.0,50.0,Vila Recreio,230000.0
164219.0,Apartamento de 48m² com 02 quartos para locação e venda   Bonfim Paulista,2.0,1.0,1.0,48.0,Jardim Sao Fernando,256000.0
214118.0,Apartamento térreo de 41m² com 02 quartos à venda   Reserva Real,2.0,1.0,1.0,41.0,Reserva Real,160000.0
228896.0,Apartamento de 80m² com 02 suítes à venda   Vila do Golfe,2.0,3.0,2.0,80.0,Vila do Golf,1200000.0
159725.0,APARTAMENTO PRÓXIMO À RUA CORONEL AMÉRICO BATISTA,2.0,1.0,1.0,42.0,Ipiranga,182000.0
161789.0,Apartamento de 72m² com 02 quartos à venda   Centro,2.0,1.0,1.0,72.0,Centro,285000.0
228734.0,Casa sobrado de 257m² com 03 suítes para locação e venda  Vila do Golf,3.0,5.0,4.0,257.0,Vila do Golf,1810000.0
199658.0,Apartamento de 48m² com 02 quartos para venda   Vila Virgínia,2.0,1.0,1.0,48.0,Vila Virginia,240000.0
66623.0,Apartamento de 58m² com 02 quartos para locação para venda   Jardim Paulista,2.0,1.0,1.0,58.0,Jardim Paulista,270000.0
228422.0,Apartamento mobiliado de 232m² com 04 quartos à venda   Jardim Irajá,4.0,5.0,4.0,232.0,Jardim Canada,1499000.0
221075.0,Apartamento de 43m² com 02 quartos à venda   Jardim Diva Tarlá de Carvalho,2.0,1.0,1.0,43.0,Jardim Diva Tarla de Carvalho,156000.0
245345.0,Apartamento de 49m² com 02 quartos à venda   Mirante Sul,2.0,1.0,1.0,49.0,Condominio Mirante Sul,290000.0
188702.0,EXCELENTE APARTAMENTO NO BAIRRO VILA ANA MARIA,1.0,1.0,1.0,31.0,Vila Ana Maria,265000.0
183749.0,Apartamento de 50m² com 02 quartos à venda   Jardim Bom Pastor,2.0,1.0,1.0,50.0,Jardim Bom Pastor,240000.0
138503.0,Apartamento de 01 quarto para locação   Jardim Paulista,1.0,1.0,1.0,51.0,Jardim Paulista,180000.0
210725.0,Apartamento de 168m² com 03 suítes à venda   Residencial Alto do Ipê,3.0,4.0,3.0,168.0,Residencial Alto do Ipe,1590000.0
83954.0,Apartamento de 01 quarto para venda   Santa Cruz,1.0,1.0,1.0,45.0,Santa Cruz do Jose Jacques,310000.0
171251.0,APARTAMENTO TERREO NO PQ. SÃO SEBASTIAO,1.0,1.0,1.0,40.0,Parque Sao Sebastiao,130000.0
213131.0,Apartamento de 104m² com 03 quartos para locação   Centro,3.0,2.0,1.0,104.0,Centro,570000.0
235970.0,Apartamento de 41m² com 02 quartos á venda   Residencial Jequitibá,2.0,1.0,1.0,41.0,Residencial Jequitiba,225000.0
225842.0,Apartamento de 135m² com 03 suítes à venda   Bosque das Juritis,4.0,5.0,2.0,135.0,Bosque das Juritis,860000.0
191849.0,Apartamento de 42m² com 02 quartos para locação e venda   Jardim Santa Cecília,2.0,1.0,1.0,42.0,Jardim Santa Cecilia,170000.0
236420.0,Apartamento de 42m² com 02 quartos à venda   Jardim Heitor Rigon,2.0,1.0,1.0,42.0,Jardim Heitor Rigon,140000.0
88007.0,Apartamento de 187m² com 05 quartos à venda   Vila Seixas,5.0,5.0,3.0,187.0,Vila Seixas,950000.0
169454.0,Apartamento de 55m² com 02 quartos para venda   Parque dos Servidores,2.0,1.0,1.0,55.0,Residencial Parque dos Servidores,200000.0
155198.0,EXCELENTE APARTAMENTO À VENDA EM BONFIM PAULISTA,2.0,3.0,2.0,110.0,Bonfim Paulista,742000.0
178238.0,Apartamento de 65m² com 02 suítes e 02 vagas de garagem à venda   Nova Aliança,2.0,3.0,2.0,65.0,Nova Alianca,582283.35
216476.0,Apartamento de 66m² com 02 quartos à venda   Condomínio Itamaraty,2.0,2.0,1.0,66.0,Condominio Itamaraty,687000.0
196355.0,"Apartamento decorado no Nova Aliança, opção com toda mobília",2.0,3.0,2.0,79.0,Nova Alianca,650000.0
223811.0,Apartamento de 46m² com 02 quartos à venda   Reserva Flor de Lotus,2.0,1.0,1.0,46.0,Recreio das Acacias,290000.0
211238.0,Apartamento de 47m² com 01 quarto à venda   Vila Seixas,1.0,1.0,1.0,47.0,Centro,270000.0
199913.0,Apartamento de 165m² com 03 quartos à venda   Centro,3.0,4.0,1.0,165.0,Centro,590000.0
217958.0,Apartamento de 43m² com 02 quartos à venda   Jardim Diva Tarlá de Carvalho,2.0,1.0,1.0,43.0,Jardim Diva Tarla de Carvalho,150000.0
133535.0,Apartamento de 48m² com 02 quartos para locação   Residencial Jequitibá,2.0,1.0,1.0,48.0,Residencial Jequitiba,233000.0
121562.0,Apartamento de 85m² com 03 quartos à venda   Parque dos Bandeirantes,3.0,3.0,2.0,85.0,Parque dos Bandeirantes,350000.0
165458.0,Apartamento de 74m² com 02 quartos sendo 01 suíte à venda   Santa Cruz dos Jacques,2.0,2.0,1.0,74.0,Santa Cruz do Jose Jacques,390000.0
234416.0,Apartamento de 88m² com 03 quartos à venda   Alto da Boa Vista,3.0,2.0,2.0,88.0,Alto da Boa Vista,380000.0
163013.0,Apartamento térreo de 93m² com 02 quartos à venda   Sumarezinho,2.0,2.0,1.0,93.0,Sumarezinho,410000.0
93614.0,Apartamento de 58m² com 01 quarto para locação e venda   Jardim Botânico,1.0,1.0,1.0,58.0,Bosque das Juritis,425000.0
230891.0,Apartamento de 111m² com 03 quartos para locação e venda   Nova Aliança,3.0,3.0,2.0,111.0,Nova Alianca,800000.0
141398.0,Apartamento de 43m² com 02 quartos para locação   Valentina Figueiredo,2.0,1.0,1.0,43.0,Valentina Figueiredo,140000.0
173567.0,Apartamento de 63m² com 02 quartos para locação   Jardim Botânico,2.0,2.0,1.0,63.0,Jardim Botanico,370000.0
55346.0,Apartamento de 103m² com 03 quartos para venda   Jardim Paulistano,3.0,2.0,1.0,103.0,Jardim Paulistano,310000.0
221354.0,Apartamento de 58m² com 02 quartos à venda   Quintas de São José,2.0,2.0,1.0,58.0,Quintas de Sao Jose,410000.0
194831.0,EXCELENTE APARTAMENTO PARA LOCAÇÃO E VENDA NO BAIRRO JARDIM PALMARES.,2.0,2.0,2.0,62.0,Residencial e Comercial Palmares,260000.0
75248.0,APARTAMENTO A VENDA NA ARNALDO VICTALIANO,3.0,1.0,1.0,64.0,Jardim Palma Travassos,270000.0
160973.0,APARTAMENTO NO VITTA BANDEIRANTES,2.0,1.0,1.0,42.0,Jardim Itau,220000.0
120689.0,Apartamento de 70m² com 02 quartos para locação   Jardim Novo Mundo,2.0,2.0,1.0,70.0,Jardim Novo Mundo,500000.0
185129.0,Apartamento Sumarezinho com 2 Dormitórios,2.0,1.0,1.0,83.0,Sumarezinho,200000.0
131537.0,Apartamento de 02 quartos para locação   Alto da Boa Vista,2.0,2.0,2.0,78.0,Alto da Boa Vista,300000.0
170465.0,Apartamento de 254m² com 03 quartos à venda   Jardim Olhos D`Água II,3.0,4.0,4.0,254.0,Jardim Olhos DAgua,2018186.0
129983.0,Apartamento   Padrão,2.0,1.0,1.0,68.0,Ipiranga,223000.0
94385.0,Apartamento de 98m² com 03 quartos para locação e venda   Santa Cruz do José Jacques,3.0,2.0,2.0,98.0,Santa Cruz do Jose Jacques,450000.0
212024.0,Apartamento de 43m² com 02 quartos   Alto da Boa Vista,2.0,1.0,1.0,43.0,Vila Guiomar,230000.0
212618.0,Apartamento 46m² com 02 quartos à venda   Ipiranga,2.0,1.0,1.0,46.0,Ipiranga,150000.0
89678.0,Apartamento de 87m² com 03 quartos   Jardim Paulistano,3.0,2.0,2.0,87.0,Jardim Paulistano,380000.0
240008.0,Apartamento de 48m² com 02 quartos para locação e venda   Quinta da Primavera,2.0,1.0,1.0,48.0,Quinta da Primavera,380000.0
228068.0,Apartamento semimobiliado de 70m² com 02 quartos para locação e venda   Jardim Macedo,2.0,2.0,1.0,70.0,Jardim Macedo,530000.0
87149.0,Apartamento de 49m com 1 quarto   Centro,1.0,1.0,1.0,49.0,Centro,265000.0
244442.0,Apartamento de 285m² com 03 quartos sendo 01 suíte para Venda   Centro,3.0,3.0,1.0,285.0,Centro,450000.0
142679.0,APARTAMENTO PRÓXIMO À AVENIDA INDEPENDÊNCIA,1.0,1.0,1.0,42.0,Vila Seixas,234000.0
75986.0,Apartamento de 58m² com 02 quartos   Zardim Zara,2.0,2.0,1.0,58.0,Jardim Zara,220000.0
245030.0,Apartamento de 78m² com 03 quartos sendo 01 suíte para locação e venda   Quinta da Primavera,3.0,2.0,2.0,78.0,Quinta da Primavera,600000.0
216647.0,Apartamento de 41m² com 02 quartos para locação   Reserva Real,2.0,1.0,1.0,41.0,Reserva Real,150000.0
191336.0,****APARTAMENTO NO JARDIM PALMA TRAVASSOS****,3.0,2.0,1.0,67.0,Jardim Palma Travassos,420000.0
244868.0,Apartamento de 96m² com 03 quartos à venda   Lagoinha,3.0,2.0,1.0,96.0,Parque Industrial Lagoinha,320000.0
239465.0,Apartamento de 40m² com 02 quartos à venda   Parque dos Pinus,2.0,1.0,1.0,40.0,Parque dos Pinus,190000.0
117791.0,***ÓTIMO APARTAMENTO NO PALMARES***,2.0,2.0,1.0,62.0,Residencial e Comercial Palmares,200000.0
221429.0,Apartamento de 41m² com 02 quartos para locação e venda   Sílvio Passalacqua,2.0,1.0,1.0,41.0,Conjunto Habitacional Silvio Passalacqua,130000.0
212912.0,Apartamento de 153m² com 03 suítes à venda   Centro,3.0,4.0,2.0,153.0,Centro,830000.0
77759.0,APARTAMENTO PRÓXIMO AO PARQUE CARLOS RAYA,3.0,3.0,1.0,92.0,Jardim Sao Luiz,350000.0
219830.0,Apartamento de 43m² com 02 quartos para locação e venda   Jardim Heitor Rigon,2.0,1.0,1.0,43.0,Jardim Heitor Rigon,160000.0
130142.0,Apartamento de 97m² com 03 quarto com suíte à venda  Campos Elíseos,3.0,2.0,2.0,97.0,Campos Eliseos,540000.0
212027.0,Apartamento de 59m² com 02 quartos para locação e venda   Jardim Sumaré,2.0,2.0,2.0,59.0,Jardim Sumare,850000.0
220622.0,Apartamento de 171m² com 03 suítes à venda   Nova Aliança,3.0,5.0,2.0,171.0,Nova Alianca,1250000.0
216524.0,Apartamento térreo de 40m² com 02 quartos para locação e venda   Jardim Ouro Branco,2.0,1.0,1.0,40.0,Jardim Ouro Branco,170000.0
136283.0,APARTAMENTO DIFERENCIADO NO CENTRO,4.0,5.0,2.0,149.0,Centro,650000.0
169973.0,APARTAMENTO NO JARDIM ZARA,2.0,2.0,1.0,62.0,Jardim Zara,222600.0
239690.0,Apartamento de 63m² com 02 quartos e 01 escritório para venda   Guaporés,2.0,2.0,2.0,63.0,Jardim Guapore,400000.0
181208.0,LINDO APARTAMENTO NO PARQUE DOS LAGOS,2.0,1.0,1.0,48.0,Parque dos Lagos,180000.0
132122.0,APARTAMENTO NO CAMPOS ELÍSEOS,2.0,1.0,1.0,66.0,Campos Eliseos,250000.0
177749.0,APARTAMENTO NO JARDIM IRAJÁ,3.0,2.0,1.0,111.0,Condominio Itamaraty,450000.0
164783.0,Apartamento de 46m² com 02 quartos à venda   Ipiranga,2.0,1.0,1.0,46.0,Ipiranga,160000.0
202523.0,APARTAMENTO NO NOVA ALIANÇA SUL,2.0,2.0,2.0,79.0,Jardim Nova Alianca Sul,600000.0
122456.0,Apartamento de 51m² com 02 quartos para venda  ,1.0,1.0,1.0,51.0,Jardim Palma Travassos,240000.0
193217.0,Apartamento de 85m² com 02 quartos à venda   Nova Aliança,2.0,3.0,2.0,85.0,Nova Alianca,720604.0
222773.0,Apartamento de 92m² com 03 quartos sendo 01 suíte à venda   Jardim Paulistano,3.0,3.0,1.0,92.0,Jardim Paulistano,400000.0
244043.0,Apartamento de 44m² com 02 quartos à venda   Quintas de São José,2.0,1.0,1.0,44.0,Quintas de Sao Jose,320000.0
201677.0,Apartamento de 44m² com 2 quartos para locação e venda   Nova Califórnia,2.0,1.0,1.0,44.0,Jardim California,150000.0
199994.0,APARTAMENTO DUPLEX NO JARDIM PAULISTANO,3.0,3.0,2.0,84.0,Jardim Paulistano,350000.0
200447.0,EXCELENTE APARTAMENTO NO CAMPOS ELISEOS,2.0,1.0,1.0,49.0,Campos Eliseos,235000.0
215537.0,Apartamento de 153m² com 03 suítes para locação e venda  Jardim Olhos D`Água,3.0,5.0,3.0,153.0,Jardim Olhos DAgua,1250000.0
161426.0,APARTAMENTO NO CENTRO,3.0,2.0,1.0,158.0,Centro,460000.0
133166.0,Apartamento   Padrão,2.0,1.0,1.0,47.0,Residencial Jequitiba,220000.0
243800.0,Apartamento de 136m² com 03 quartos à venda   Jardim Macedo,3.0,2.0,2.0,136.0,Jardim Macedo,362000.0
65471.0,Apartamento de 72m² com 03 quartos à venda   Presidente Médici,3.0,1.0,1.0,72.0,Presidente Medici,245000.0
151757.0,APARTAMENTO PRÓXIMO À AVENIDA HERÁCLITO FONTOURA SOBRAL PINTO,2.0,1.0,1.0,47.0,Condominio Mirante Sul,212000.0
120698.0,APARTAMENTO NO JARDIM NOVO MUNDO,2.0,2.0,1.0,70.0,Jardim Novo Mundo,500000.0
230594.0,Apartamento de 50m² com 02 quartos à venda   Heitor Rigon,2.0,1.0,1.0,50.0,Jardim Heitor Rigon,150000.0
105236.0,Apartamento de 41m² com 01 quarto para locação   Presidente Médici,1.0,1.0,1.0,41.0,Presidente Medici,170000.0
41057.0,Apartamento de 173m² com 04 quartos à venda   Centro,4.0,5.0,2.0,173.0,Centro,775000.0
234389.0,"Apartamento de 72,5m² com 02 quartos à venda   Jardim Olhos D`Água II",2.0,2.0,2.0,5.0,Jardim Olhos DAgua,750000.0
234179.0,Apartamento de 376m² com 04 suítes à venda   Jardim Olhos D`Água,4.0,7.0,5.0,376.0,Jardim Ilhas do Sul,3150000.0
176849.0,APARTAMENTO NO JARDIM SUMARÉ,3.0,3.0,2.0,138.0,Jardim Sumare,650000.0
189044.0,Apartamento térreo de 48m² à venda   Condomínio Parque Renascer,2.0,1.0,1.0,48.0,Jardim Manoel Penna,181000.0
164201.0,APARTAMENTO NO CAMPOS ELÍSEOS,2.0,1.0,1.0,46.0,Campos Eliseos,175000.0
215849.0,Apartamento térreo de 42m² com 01 quarto e quintal à venda   Vila Amélia,1.0,1.0,1.0,42.0,Vila Tiberio,350245.0
179675.0,Apartamento de 56m² com 02 quartos para locação e venda   Chácaras Pedro Corrêa de Carvalho,2.0,2.0,1.0,56.0,Chacaras Pedro Correa de Carvalho,224400.0
73130.0,Apartamento de 61m² com 03 quartos para locação   Alto da Boa Vista,3.0,2.0,1.0,61.0,Alto da Boa Vista,243800.0
230474.0,Apartamento de 41m² com 02 quartos para locação e venda   Reserva Real.,2.0,1.0,1.0,41.0,Reserva Real,160000.0
236285.0,Apartamento de 160m² com 03 quartos para venda e locação   Jardim Botânico,3.0,5.0,3.0,160.0,Jardim Botanico,1300000.0
209987.0,Apartamento de 195m² com 03 suítes para venda e locação   Vila do Golfe,3.0,5.0,4.0,195.0,Residencial Alto do Ipe,1550000.0
150923.0,APARTAMENTO NO CENTRO,3.0,3.0,2.0,131.0,Centro,550000.0
227717.0,Apartamento de 153m² com 03 suítes à venda   Jardim Olhos D`Água,3.0,5.0,3.0,153.0,Jardim Olhos DAgua,1295451.0
65846.0,Apartamento de 172m² com 03 quartos para venda   Higienópolis,3.0,4.0,2.0,172.0,Higienopolis,550000.0
18569.0,Apartamento de 46m² com 01 dormitório   Centro,1.0,1.0,1.0,46.0,Centro,276000.0
179942.0,Apartamento de 79m² com 02 quartos para locação e venda   Jardim Palma Travassos,2.0,1.0,1.0,79.0,Jardim Palma Travassos,320000.0
215573.0,Apartamento de 42m² com 02 quartos para venda e locação   Parque Industrial Lagoinha,2.0,1.0,1.0,42.0,Parque Industrial Lagoinha,195000.0
78032.0,Apartamento mobiliado de 38m² com 01 quarto à venda   Jardim Iguatemi,1.0,1.0,1.0,38.0,Presidente Medici,215000.0
233594.0,Apartamento de 131m² com 03 suítes à venda   Jardim Olhos d`Água,3.0,4.0,3.0,131.0,Jardim Olhos DAgua,1200000.0
238586.0,Apartamento de 37m² com 01 quarto à venda   Parque Industrial Lagoinha,1.0,1.0,1.0,37.0,Parque Industrial Lagoinha,155000.0
157130.0,APARTAMENTO PRÓXIMO À VIA NORTE,2.0,1.0,1.0,43.0,Valentina Figueiredo,165000.0
209303.0,Apartamento de 42m² com 02 quartos para venda   Jardim Itaú,2.0,1.0,1.0,42.0,Jardim Itau,160000.0
129455.0,Apartamento de 49m² com 1 quarto para locação   Ribeirânia,1.0,1.0,1.0,49.0,Ribeirania,382000.0
184256.0,Apartamento de 50m² com 02 quartos à venda   City Ribeirão,2.0,2.0,1.0,50.0,City Ribeirao,400732.0
216788.0,Apartamento de 43m² com 01 suíte à venda   Nova Aliança,1.0,1.0,1.0,43.0,Nova Alianca,270000.0
235181.0,Apartamento de 140² com 03 suítes a venda   Nova Aliança,3.0,5.0,2.0,140.0,Nova Alianca,880000.0
224555.0,Apartamento de 66m² com 03 quartos sendo 01 suíte para locação   Parque Industrial Lagoinha,3.0,2.0,1.0,66.0,Parque Industrial Lagoinha,250000.0
244343.0,Apartamento de 47m² com 02 quartos à venda   Reserva São José,2.0,1.0,1.0,47.0,Reserva Sao Jose,300000.0
199817.0,APARTAMENTO NO JARDIM IRAJÁ,3.0,2.0,1.0,85.0,Jardim Iraja,371000.0
183407.0,APARTAMENTO PRÓXIMO À RODOVIA ALEXANDRE BALBO,2.0,1.0,1.0,43.0,Jardim Heitor Rigon,155000.0
174959.0,APARTAMENTO NO JARDIM ANHANGUERA,2.0,2.0,1.0,53.0,Jardim Anhanguera,270000.0
209111.0,Apartamento de 139m² com 03 suítes à venda   Jardim Saint Gerard,3.0,4.0,2.0,139.0,Jardim Saint Gerard,1166000.0
205991.0,Apartamento de 92m² com 03 quartos para locação e venda   Centro,3.0,3.0,1.0,92.0,Centro,270000.0
219668.0,Apartamento de 45m² com 01 quarto à venda   Nova Aliança,1.0,1.0,1.0,45.0,Nova Alianca,210000.0
126422.0,Apartamento   Padrão,3.0,3.0,2.0,99.0,Vila Tiberio,320000.0
187886.0,Apartamento de 03 quartos para locação   Centro,3.0,1.0,1.0,216.0,Centro,650000.0
190754.0,APARTAMENTO NOVISSÍMO JARDIM BOTÂNICO ANDAR ALTO,2.0,2.0,2.0,63.0,Alamedas do Botanico,663000.0
244079.0,Apartamento de 02 quartos para locação   Lar Itália,2.0,1.0,1.0,45.0,Jardim Vilico Cantarelli,150000.0
197792.0,Apartamento de 137m² com 03 quartos à venda   Jardim Botânico,3.0,5.0,2.0,137.0,Jardim Botanico,830000.0
239252.0,Apartamento de 93m² com 03 quartos à venda   Parque dos Bandeirantes,3.0,2.0,2.0,93.0,Parque dos Bandeirantes,330000.0
238712.0,Apartamento de 49m² com 02 quartos à venda   Jardim Botânico,2.0,2.0,1.0,49.0,Jardim Botanico,229000.0
230885.0,"Apartamento de 367m² com 04 suítes à venda   Ilhas do Sul Localizado próximo à Av. Dep. Sérgio Cardoso de Almeida, Kauai Sports Restaurante, Colégio Pequeno Príncipe e diversos comércios.",4.0,6.0,4.0,367.0,Jardim Ilhas do Sul,3100000.0
14453.0,Apartamento de 97m² com 03 quartos á venda   Centro,3.0,2.0,1.0,97.0,Centro,350000.0
200927.0,EXCELENTE APARTAMENTO NO CENTRO,2.0,2.0,1.0,93.0,Centro,480000.0
229469.0,Lançamento: Sensia Fiúsa View   Apartamento de 58m² com suíte e varanda gourmet à venda   Quinta da Primavera,2.0,2.0,1.0,58.0,Quinta da Primavera,434990.0
155858.0,Apartamento de 69m² com 02 quartos para locação   Jardim Botânico,2.0,3.0,1.0,69.0,Jardim Botanico,390000.0
241499.0,Apartamento de 105m² com 03 quartos sendo 01 suíte à venda   Ipiranga,3.0,2.0,1.0,105.0,Ipiranga,300000.0
146909.0,Apartamento de 01 quarto para venda   Nova Aliança,1.0,1.0,1.0,42.0,Nova Alianca,220000.0
101228.0,Apartamento de 48m² com 01 quarto para venda e locação   Centro,1.0,1.0,1.0,48.0,Centro,202000.0
231926.0,Apartamento de 47m² com 2 dormitórios à venda   Jardim Paulistano,2.0,1.0,1.0,47.0,Jardim Paulistano,180000.0
201197.0,APARTAMENTO NA VILA TIBERIO,3.0,2.0,2.0,80.0,Vila Tiberio,390000.0
231473.0,Apartamento de 43m² com 02 quartos para locação e venda   Valentina Figueiredo,2.0,1.0,1.0,43.0,Valentina Figueiredo,120000.0
179645.0,APARTAMENTO NO QUINTINO FACCI II,2.0,2.0,1.0,56.0,Chacaras Pedro Correa de Carvalho,224400.0
227708.0,Apartamento de 153m² com 03 suítes à venda   Jardim Olhos D`Água,3.0,5.0,3.0,153.0,Jardim Olhos DAgua,1218186.0
159368.0,Apartamento de 76m² com 02 quartos sendo 01 suíte á venda   Alto do Ipiranga,2.0,2.0,1.0,76.0,Alto do Ipiranga,250000.0
225269.0,Apartamento de 75m² com 02 quartos à venda   Centro,2.0,2.0,1.0,75.0,Alto da Boa Vista,340000.0
120044.0,Apartamento de 127M² com 03 Quartos a venda   Jardim Iraja,3.0,4.0,2.0,127.0,Jardim Iraja,820000.0
213557.0,Apartamento de 54m² com 02 quartos à venda   Vila Amélia,2.0,1.0,1.0,54.0,Vila Amelia,340000.0
106337.0,Apartamento de 89m² com 03 quartos 01 suíte à venda na Vila Seixas,3.0,2.0,1.0,89.0,Vila Seixas,250000.0
79244.0,Apartamento de 46m² com 01 quartos à venda   Jardim Paulista,1.0,1.0,1.0,46.0,Jardim Paulista,190000.0
103022.0,Apartamento de 42m² com 02 quartos à venda   Campos Elíseos,2.0,1.0,1.0,42.0,Campos Eliseos,185000.0
226295.0,Apartamento de 35m² com 01 quarto para locação   Jardim Botânico,1.0,1.0,1.0,35.0,Jardim Botanico,477000.0
235916.0,Apartamento 56m² com 03 quartos á venda   Planalto Verde,3.0,1.0,1.0,56.0,Planalto Verde,299000.0
230759.0,Apartamento de 67m² com 02 quartos à venda   Parque dos Bandeirantes,2.0,1.0,1.0,67.0,Jardim Castelo Branco,319000.0
106409.0,APARTAMENTO NA CITY,1.0,1.0,1.0,60.0,City Ribeirao,300000.0
239015.0,Apartamento de 90m² com 03 quartos à venda   Jardim Olhos d´agua,3.0,2.0,2.0,90.0,Jardim Olhos DAgua,788222.67
142586.0,APARTAMENTO PRÓXIMO À RUA JOÃO TONIOLI,2.0,1.0,1.0,43.0,Jardim Diva Tarla de Carvalho,191000.0
112940.0,Apartamento de 96m² com 03 quartos para locação   Jardim Irajá,3.0,3.0,2.0,96.0,Jardim Iraja,848000.0
242162.0,Apartamento de 227m² com 03 suítes à venda   Jardim Ilhas do Sul,3.0,6.0,4.0,227.0,Jardim Ilhas do Sul,2499000.0
177899.0,Apartamento mobiliado de 58m² com 02 quartos à venda   Jardim Sumaré,2.0,2.0,2.0,58.0,Jardim Sumare,700000.0
233273.0,Apartamento de 58m² com 01 suíte à venda   Jardim Botânico,1.0,1.0,1.0,58.0,Bosque das Juritis,420000.0
239957.0,Apartamento de 153m² com 03 suítes à venda   Jardim Olhos D`Água,3.0,5.0,3.0,153.0,Jardim Olhos DAgua,1386000.0
206876.0,Apartamento de 43m² com 02 quartos à venda   Loteamento Santa Marta,2.0,1.0,1.0,43.0,Loteamento Santa Marta,185000.0
112823.0,Apartamento de 52m² com 02 quartos à venda   Jardim Paulistano,2.0,2.0,1.0,52.0,Jardim Paulistano,230000.0
127895.0,Apartamento de 47m² com 02 quartos para venda   Residencial Jequitibá,2.0,1.0,1.0,47.0,Residencial Jequitiba,205000.0
228716.0,Apartamento de 42m² com 02 quartos à venda   Heitor Rigon,2.0,1.0,1.0,42.0,Jardim Heitor Rigon,119000.0
203900.0,Apartamento de 40m² com 02 quartos à venda   Jardim Castelo Branco,2.0,1.0,1.0,40.0,Jardim Castelo Branco,235000.0
237128.0,Apartamento de 54m² com 02 quartos para venda   Jardim Anhanguera,2.0,2.0,1.0,54.0,Jardim Anhanguera,300000.0
88862.0,Apartamento de 69m² com 03 quartos para locação e venda   Jardim Paulista,3.0,2.0,1.0,69.0,Jardim Paulista,300000.0
241640.0,Apartamento de 67m² com 03 quartos para venda   Alto da Boa Vista,3.0,2.0,1.0,67.0,Alto da Boa Vista,419999.0
205616.0,Apartamento térreo de 63m² com 02 quartos para locação   Ipiranga,2.0,2.0,1.0,63.0,Ipiranga,270000.0
163157.0,Apartamento de 50m² com 02 quartos para locação   Jardim Paulistano,2.0,1.0,1.0,50.0,Jardim Paulistano,300000.0
85376.0,Apartamento de 79m² com 03 quartos sendo 01 suíte à venda   Jardim Botânico,3.0,2.0,2.0,79.0,Jardim Botanico,530000.0
215192.0,Apartamento de 154m² com 04 suítes à venda   Jardim Olhos D`Água,3.0,6.0,3.0,154.0,Jardim Olhos DAgua,1350000.0
104747.0,APARTAMENTO PRÓXIMO Á AVENIDA TREZE DE MAIO,3.0,2.0,1.0,120.0,Jardim Paulista,350000.0
245348.0,Apartamento de 85m² com 02 suítes para venda   Nova Aliança,2.0,3.0,2.0,85.0,Nova Alianca,791955.0
178847.0,Apartamento de 69m² com 02 quartos à venda   Jardim Olhos D`Água II,2.0,2.0,1.0,69.0,Jardim Olhos DAgua,591713.0
109514.0,APARTAMENTO PRÓXIMO AO NOVO SHOPPING,2.0,2.0,1.0,71.0,Residencial Greenville,244000.0
215912.0,Apartamento de 100m² com 02 suítes à venda   Jardim Botânico,2.0,3.0,2.0,100.0,Jardim Botanico,950000.0
245339.0,Apartamento de 85m² com 02 suítes para venda   Nova Aliança,2.0,3.0,2.0,85.0,Nova Alianca,750179.0
160034.0,APARTAMENTO PRÓXIMO À USP,2.0,2.0,1.0,68.0,Vila Amelia,225000.0
154637.0,Apartamento de 76m² com 02 quartos à venda   Centro,2.0,3.0,1.0,76.0,Centro,276000.0
154754.0,Apartamento de 48m² com 02 quartos para venda   Reserva Sul Condomínio,2.0,1.0,1.0,48.0,Reserva Sul Condominio,212000.0
220640.0,Apartamento de 42m² com 02 quartos para locação e venda   Residencial Parque dos Servidores,2.0,1.0,1.0,42.0,Residencial Parque dos Servidores,155000.0
187001.0,APARTAMENTO A VENDA NO PARQUE DOS SERVIDORES,2.0,1.0,1.0,42.0,Residencial Parque dos Servidores,185000.0
240998.0,Apartamento de 43m² com 02 quartos à venda   Santa Marta em Bonfim Paulista,2.0,1.0,1.0,43.0,Loteamento Santa Marta,202000.0
135041.0,** OPORTUNIDADE DE APARTAMENTO NO PALMARES **,3.0,2.0,1.0,86.0,Residencial e Comercial Palmares,250000.0
225542.0,Apartamento de 54m² com 02 quartos à venda   Parque Industrial Lagoinha,2.0,1.0,1.0,54.0,Parque Industrial Lagoinha,320000.0
151424.0,APARTAMENTO PRÓXIMO À RODOVIA ANHANGUERA,2.0,1.0,1.0,42.0,Jardim Florestan Fernandes,149000.0
86291.0,Apartamento de 33m² com 01 suíte à venda   Nova Aliança,1.0,1.0,2.0,33.0,Nova Alianca,220000.0
216830.0,Apartamento de 42m² com 02 quartos à venda   Residencial Parque dos Servidores,2.0,1.0,1.0,42.0,Residencial Parque dos Servidores,220000.0
170927.0,Lançamento: Vista do Parque   Apartamento térreo de 48m² com 02 quartos e quintal à venda   Vila Virgínia,2.0,1.0,1.0,48.0,Vila Virginia,429193.87
209060.0,Apartamento de 76 m² com 02 quartos sendo 01 suíte à venda   Vila Ana Maria,2.0,2.0,1.0,76.0,Vila Ana Maria,455000.0
218243.0,Apartamento de 49m² com 02 quartos à venda   Ipiranga,2.0,1.0,1.0,49.0,Ipiranga,169000.0
210965.0,Apartamento de 48m² com 02 quartos para locação e venda   Parque das Oliveiras,2.0,1.0,1.0,48.0,Parque das Oliveiras,350000.0
230471.0,Apartamento mobiliado de 49m² com 02 quartos para locação e venda   Alto da Boa Vista,2.0,1.0,1.0,49.0,Alto da Boa Vista,480000.0
230417.0,Apartamento com 140m² com 03 quartos à venda   Nova Aliança,3.0,3.0,2.0,140.0,Nova Alianca,600000.0
129665.0,Apartamento de 92 m² com 02 quartos   Jardim Paulistano.,2.0,2.0,2.0,92.0,Jardim Paulistano,425000.0
148289.0,APARTAMENTO MOBILIADO NO JARDIM BOTÂNICO,3.0,4.0,2.0,105.0,Jardim Botanico,626000.0
150854.0,APARTAMENTO NA LAGOINHA,1.0,1.0,1.0,37.0,Parque Industrial Lagoinha,190000.0
93353.0,APARTAMENTO TÉRREO NO RESIDENCIAL FLORIDA,3.0,2.0,1.0,65.0,Residencial Florida,270000.0
206102.0,Apartamento de 131m² com 03 suítes para locação   Jardim Nova Aliança,3.0,5.0,2.0,131.0,Nova Alianca,950000.0
87797.0,Apartamento de 45m² com 02 quartos para locação e venda   Sumarezinho,2.0,1.0,1.0,45.0,Sumarezinho,220000.0
68546.0,Apartamento de 42m² com 01 quarto para a locação e venda   Vila Ana Maria,1.0,1.0,1.0,42.0,Vila Ana Maria,245000.0
237962.0,Apartamento de 85m² com 02 suítes para locação e venda   Nova Aliança,2.0,3.0,2.0,85.0,Nova Alianca,681656.0
133001.0,Apartamento   Padrão,2.0,1.0,1.0,45.0,Sumarezinho,212000.0
235121.0,Apartamento com 41m² com 02 quartos à venda   Reserva Real,2.0,1.0,1.0,41.0,Reserva Real,150000.0
143288.0,Apartamento de 159m² com 03 quartos à venda   Centro,3.0,3.0,2.0,159.0,Centro,850000.0
242597.0,Apartamento de 40m² com 02 quartos à venda   Reserva Real,2.0,1.0,1.0,40.0,Reserva Real,190000.0
162788.0,Apartamento 48m² com 02 quartos   Vila Seixas,1.0,1.0,1.0,48.0,Vila Seixas,280000.0
235553.0,Apartamento de 109m² com 03 suítes á venda   Jardim Olhos D´Água,3.0,4.0,2.0,109.0,Plazas de Espana,850000.0
213800.0,Apartamento de 69m² com 02 quartos para locação   Jardim Anhanguera,2.0,2.0,1.0,69.0,Jardim Anhanguera,200000.0
126758.0,Apartamento de 152m² com 03 suítes à venda   Jardim Nova Aliança,3.0,4.0,2.0,152.0,Nova Alianca,1250000.0
188975.0,Apartamento de 03 quartos para locação   Jardim Botânico,3.0,1.0,2.0,75.0,Jardim Botanico,480000.0
232148.0,Apartamento de 63m² com 01 suíte para venda e locação   Nova Aliança,1.0,2.0,1.0,63.0,Nova Alianca,800000.0
87911.0,APARTAMENTO NA VILA MARIANA,3.0,2.0,2.0,80.0,Vila Mariana,330000.0
133106.0,Apartamento de 63m² com 02 quartos para venda  Jardim Florestan Fernandes.,2.0,1.0,1.0,63.0,Jardim Florestan Fernandes,150000.0
25481.0,Apartamento de 46m² com 01 quarto à venda   Parque Industrial Lagoinha,1.0,1.0,1.0,46.0,Parque Industrial Lagoinha,180000.0
118085.0,Apartamento de 48m² com 02 quartos à venda   Residencial Jequitibá,2.0,1.0,1.0,48.0,Residencial Jequitiba,180000.0
194087.0,APARTAMENTO NA VILA MONTE ALEGRE,2.0,2.0,1.0,68.0,Vila Amelia,220000.0
137285.0,Apartamento de 432m² com 5 quartos para locação e venda   Centro,5.0,6.0,4.0,432.0,Centro,900000.0
91409.0,Apartamento de 45m² com 01 quarto à venda   Jardim Antártica,1.0,1.0,1.0,45.0,Jardim Antartica,150000.0
165653.0,Apartamento de 42m² com 02 quartos para venda   Bonfim Paulista,2.0,1.0,1.0,42.0,Jardim Santa Cecilia,195000.0
148223.0,APARTAMENTO PRÓXIMO À RODOVIA ANTÔNIO MACHADO SANTANNA,2.0,1.0,1.0,41.0,Residencial Jequitiba,190000.0
201467.0,Apartamento de 62m² com 02 quartos sendo 01 suíte para locação e venda   Jardim Botânico,2.0,2.0,1.0,62.0,Alamedas do Botanico,660000.0
231668.0,Apartamento de 170 m² com 03 suítes para locação e venda   Vila do Golfe.,3.0,6.0,3.0,170.0,Vila do Golf,1299000.0
94298.0,Apartamento de 97m² com 03 quartos sendo 01 suíte à venda   Campos Elíseos,3.0,2.0,2.0,97.0,Campos Eliseos,590000.0
173525.0,Apartamento de 41m² com 02 quartos para locação   Reserva Real,2.0,1.0,1.0,41.0,Reserva Real,190000.0
115733.0,Apartamento térreo de 46m² para locação   Jardim Marchesi,2.0,1.0,1.0,46.0,Jardim Marchesi,280000.0
230012.0,Apartamento de 65m² com 02 quartos à venda   Vila Seixas,2.0,1.0,1.0,65.0,Vila Seixas,230000.0
81545.0,Apartamento de 42m² colm 02 quartos à venda   Jardim Javari,2.0,1.0,1.0,42.0,Jardim Javari,159000.0
166925.0,APARTAMENTONO RESIDENCIAL DAS AMÉRICAS,2.0,1.0,1.0,42.0,Residencial das Americas,96000.0
238316.0,Apartamento de 161m² com 03 quartos para venda   Centro,3.0,2.0,1.0,161.0,Centro,329000.0
157199.0,Apartamento de 55m² com 02 quartos à venda   Vila Virgínia,2.0,1.0,1.0,55.0,Vila Virginia,180000.0
206009.0,Apartamento de 62m² com 02 quartos para locação   Vila Maria Luiza,2.0,2.0,1.0,62.0,Vila Maria Luiza,340000.0
89165.0,Apartamento de 116m² com 03 quartos para locação e venda   Jardim Nova Aliança,3.0,2.0,2.0,116.0,Nova Alianca,640000.0
226706.0,Apartamento de 41m² com 02 quartos à venda   Parque Palácio Imperial,2.0,1.0,1.0,41.0,Reserva Real,220000.0
141566.0,Apartamento de 52m² com 02 quartos à venda   Jardim Palma Travassos,2.0,1.0,1.0,52.0,Jardim Palma Travassos,160000.0
216728.0,Apartamento de 66m² com 02 quartos para venda   Centro,2.0,2.0,1.0,66.0,Centro,250000.0
176780.0,Apartamento de 42m² com 02 quartos à venda   Planalto Verde,2.0,1.0,1.0,42.0,Planalto Verde,189000.0
239789.0,Apartamento de 44m² com 2 quartos à venda   Residencial Greenville,2.0,1.0,1.0,44.0,Residencial Greenville,170000.0
244709.0,"Apartamento térreo de 57,70m² com 02 Quartos para Venda   Alto da Boa Vista",2.0,1.0,1.0,70.0,Alto da Boa Vista,210000.0
242420.0,Apartamento de 77m² com 02 suítes à venda   Nova Aliança,2.0,3.0,1.0,77.0,Nova Alianca,530000.0
123971.0,Apartamento   Padrão,2.0,1.0,1.0,45.0,Parque Sao Sebastiao,140000.0
159551.0,Apartamento   Padrão,1.0,1.0,1.0,41.0,Reserva Sul Condominio,235000.0
224645.0,Apartamento térreo de 42m² com 02 quartos à venda   Quintino Facci II,2.0,1.0,1.0,42.0,Valentina Figueiredo,139000.0
236288.0,Apartamento de 42m² com 02 quartos para venda   Parque Industrial Lagoinha,2.0,1.0,1.0,42.0,Parque Industrial Lagoinha,234000.0
213293.0,Apartamento de 56m² com 02 quartos à venda   Chácaras Pedro Corrêa de Carvalho,2.0,2.0,1.0,56.0,Chacaras Pedro Correa de Carvalho,260000.0
242246.0,Apartamento de 42m² com 02 quartos à venda   Parque Residencial Lagoinha,2.0,1.0,1.0,42.0,Parque Industrial Lagoinha,210000.0
224312.0,Apartamento de 180m² com 03 quartos sendo 01 suíte à venda   Centro,3.0,2.0,1.0,180.0,Centro,470000.0
187988.0,APARTAMENTO NO MONTE ALEGRE,2.0,1.0,1.0,61.0,Vila Monte Alegre,275000.0
102293.0,Apartamento de 02 quartos para locação   Centro,3.0,2.0,1.0,106.0,Centro,310000.0
101063.0,Apartamento térreo de 96m² com 03 quartos à venda   Jardim Paulista,3.0,3.0,1.0,96.0,Jardim Paulista,390000.0
119132.0,Apartamento   Padrão,1.0,1.0,1.0,49.0,Nova Alianca,250000.0
237323.0,Apartamento de 47m² com 02 quartos à venda   Jardim das Palmeiras,2.0,1.0,1.0,47.0,Conjunto Habitacional Jardim das Palmeiras,170000.0
202628.0,Apartamento de 02 quartos para locação   Alto da Boa Vista,2.0,1.0,1.0,53.0,Alto da Boa Vista,385000.0
16157.0,Apartamento   Padrão,3.0,5.0,2.0,147.0,Santa Cruz do Jose Jacques,760000.0
210926.0,Apartamento de 43m² com 02 quartos à venda   Jardim Diva Tarlá de Carvalho,2.0,1.0,1.0,43.0,Jardim Diva Tarla de Carvalho,140000.0
115778.0,APARTAMENTO NO BAIRRO JARDIM IRAJA,1.0,1.0,1.0,36.0,Jardim Iraja,200000.0
123107.0,Apartamento de 03 quartos para locação e venda   Centro,3.0,3.0,1.0,90.0,Centro,397000.0
155732.0,APARTAMENTO PRÓXIMO À AVENIDA CARAMURU,2.0,1.0,1.0,49.0,Jardim Sumare,179900.0
173918.0,Apartamento de 40m² com 01 quarto   Centro,1.0,1.0,1.0,40.0,Vila Seixas,240000.0
176957.0,APARTAMENTO DIFRENCIADO NO PRESIDENTE MÉDICI,3.0,1.0,1.0,75.0,Presidente Medici,360000.0
63641.0,Apartamento de 65m² com 03 quartos sendo 01 suíte à venda   Jardim Palma Travassos,3.0,2.0,1.0,65.0,Jardim Palma Travassos,270000.0
184454.0,Apartamento de 85m² com 03 quartos sendo 01 suíte à venda   Jardim Zara,3.0,2.0,1.0,85.0,Jardim Zara,325000.0
235778.0,Apartamento de 40m² com 02 quartos à venda   Reserva Real,2.0,1.0,1.0,40.0,Reserva Real,155000.0
182075.0,APARTAMENTO PRÓXIMO À RUA CORONEL AMÉRICO BATISTA,2.0,1.0,1.0,42.0,Ipiranga,120000.0
204470.0,Apartamento de 202m² com 03 suítes à venda   Jardim Irajá,4.0,6.0,4.0,202.0,Jardim Iraja,1200000.0
242417.0,Apartamento de 106m² com 03 quartos à venda   Nova Aliança,3.0,3.0,1.0,106.0,Nova Alianca,730000.0
156716.0,"APARTAMENTO EM ÓTIMA LOCALIZAÇÃO, PRÓXIMO À AVENIDA MAURILIO BIAGI",2.0,2.0,1.0,53.0,Jardim Palma Travassos,310000.0
174902.0,Apartamento de 42m² com 02 quartos à venda   Jardim Maria Goretti,2.0,1.0,1.0,42.0,Jardim Maria Goretti,210000.0
121262.0,Apartamento de 75m² com 03 quartos para locação   Jardim Zara,3.0,2.0,1.0,75.0,Jardim Zara,290000.0
167573.0,APARTAMENTO TÉRREO NO PARQUE ANHANGUERA,3.0,2.0,1.0,90.0,Parque Anhanguera,329000.0
116975.0,Apartamento de 62m² com 02 quartos á venda   Vila Maria Luiza,2.0,2.0,1.0,62.0,Vila Maria Luiza,280000.0
164171.0,Apartamento de 109m² com 03 quartos à venda   Bosque das Juritis,3.0,2.0,2.0,109.0,Bosque das Juritis,455000.0
196901.0,Apartamento de 45m² com 02 quartos para locação e venda   Nova Aliança,2.0,1.0,1.0,45.0,Nova Alianca,310000.0
92762.0,Apartamento   Padrão,3.0,2.0,1.0,89.0,Jardim Iraja,375000.0
209909.0,Apartamento de 68m² com 02 quartos à venda   Castelo Branco,2.0,2.0,1.0,68.0,Jardim Castelo Branco,260000.0
208877.0,Apartamento de 76 m² com 03 quartos   Presidente Medici,3.0,2.0,1.0,76.0,Presidente Medici,243800.0
189797.0,Apartamento de 173m² com 03 quartos para a locação   Centro,3.0,4.0,2.0,173.0,Centro,848000.0
93758.0,Apartamento de 59m² com 01 quarto para a locação e venda   Centro,1.0,1.0,1.0,59.0,Centro,270000.0
239099.0,Apartamento   Padrão,2.0,1.0,1.0,42.0,Jardim Santa Cecilia,168000.0
190400.0,APARTAMENTO NO JARDIM CASTELO BRANCO,2.0,2.0,1.0,70.0,Jardim Castelo Branco,258000.0
230120.0,Apartamento de 34m² com 01 quarto para locação e venda   Quintas de São José,1.0,1.0,1.0,34.0,Quintas de Sao Jose,210000.0
219461.0,Apartamento de 66m² com 03 quartos sendo 01 suíte à venda   Parque Industrial Lagoinha,3.0,2.0,1.0,66.0,Parque Industrial Lagoinha,229000.0
165452.0,APARTAMENTO PRÓXIMO Á AVENIDA PORTUGAL,2.0,2.0,1.0,74.0,Santa Cruz do Jose Jacques,380000.0
142442.0,Apartamento de 50m² com 01 quarto para locação   Jardim Botânico,1.0,1.0,1.0,50.0,Jardim Botanico,315000.0
198827.0,Apartamento de 183m²com 03 suítes à venda   Jardim Botânico,3.0,4.0,3.0,183.0,Jardim Botanico,1600000.0
112187.0,Apartamento de 125m² com 03 quartos à venda   Campos Elíseos,3.0,3.0,1.0,125.0,Campos Eliseos,340000.0
202664.0,Apartamento de 183m² com 03 quartos à venda   Jardim Botânico,3.0,5.0,3.0,183.0,Jardim Botanico,1900000.0
178754.0,APARTAMENTO NO IPIRANGA,2.0,1.0,1.0,41.0,Ipiranga,170000.0
215816.0,Apartamento de 40m² com 02 quartos à venda   Recreio das Acácias,2.0,1.0,1.0,40.0,Recreio das Acacias,250000.0
159461.0,EXCELENTE APARTAMENTO NOVO NA LAGOINHA,2.0,1.0,1.0,40.0,Jardim Castelo Branco,195000.0
241952.0,Apartamento de 65m² com 02 suítes à venda  Residencial Taiwan,2.0,3.0,1.0,65.0,Residencial Taiwan,530000.0
239951.0,Apartamento de 153m² com 04 suítes à venda   Jardim Olhos D`Água,4.0,6.0,3.0,153.0,Jardim Olhos DAgua,1308000.0
240242.0,Apartamento de 85m² com 02 Suítes a venda   Nova Aliança,2.0,3.0,2.0,85.0,Nova Alianca,680000.0
242507.0,Apartamento de 86m² com 02 suítes para locação e venda   Quinta da primavera,2.0,3.0,2.0,86.0,Quinta da Primavera,751000.0
238817.0,Apartamento   Padrão,2.0,2.0,1.0,90.0,Jardim Sumare,740000.0
82826.0,EXCELENTE APARTAMENTO TÉRREO PARA LOCAÇÃO E VENDA NO JARDIM BOTÂNICO,2.0,3.0,2.0,118.0,Jardim Botanico,380000.0
79187.0,Apartamento de 02 quartos para locação   Monte Alegre,2.0,2.0,1.0,93.0,Vila Monte Alegre,392000.0
164999.0,Apartamento de 68m² com 02 quartos à venda   Vila Seixas,2.0,2.0,1.0,68.0,Vila Seixas,371000.0
233156.0,"Apartamento com 191 m², com 03 quartos, para venda   Vila do Golf.",3.0,5.0,3.0,191.0,Vila do Golf,1745000.0
98309.0,"Apartamento de 01 quarto para locação , bairro Jd. Macedo",1.0,1.0,1.0,48.0,Jardim Macedo,210000.0
238991.0,Apartamento de 40m² para venda   Jardim Califórnia,1.0,1.0,1.0,40.0,Jardim California,200000.0
157610.0,APARTAMENTO PRÓXIMO À AVENIDA DOUTOR FRANCISCO JUNQUEIRA,3.0,3.0,1.0,111.0,Centro,286000.0
232865.0,Apartamento de 48m² com 02 quartos para venda   Jardim Paulistano,2.0,1.0,1.0,48.0,Jardim Paulistano,270000.0
159575.0,APARTAMENTO NO CENTRO,3.0,3.0,2.0,123.0,Centro,510000.0
191774.0,APARTAMENTO NO PARQUE DOS BANDEIRANTES,2.0,3.0,1.0,100.0,Parque dos Bandeirantes,265000.0
161237.0,Apartamento de 160m² com 03 quartos à venda   Centro,3.0,3.0,1.0,160.0,Centro,340000.0
181856.0,APARTAMENTO PRÓXIMO À AVENIDA EDUARDO GOMES DE SOUZA,1.0,1.0,1.0,37.0,City Ribeirao,182000.0
219533.0,Apartamento de 42m² com 02 quartos para a locação   Campos Elíseos,2.0,1.0,1.0,42.0,Campos Eliseos,190000.0
197075.0,EXCELENTE APARTAMENTO PARA VENDA NO CENTRO DE RIBEIRÃO PRETO,3.0,3.0,1.0,107.0,Centro,460000.0
185033.0,"Localizado próximo à Savegnago Supermercados, Spaço Ella   Salão de Beleza, Igreja Santa Madalena de Canossa e diversos comércios.",2.0,1.0,1.0,42.0,Vila Virginia,160000.0
156179.0,Apartamento de 59m² com 02 quartos à venda   Residencial Palmares,2.0,2.0,1.0,59.0,Residencial e Comercial Palmares,275000.0
150119.0,Apartamento 3 dormitórios   Lagoinha,3.0,2.0,1.0,66.0,Parque Industrial Lagoinha,280000.0
91379.0,Apartamento de 87m² com 02 quartos sendo 01 suíte à venda   Nova Aliança,1.0,2.0,2.0,87.0,Nova Alianca,599000.0
235532.0,Apartamento de 134m² com 03 suítes para locação e venda   Jardim Olhos D`Água,3.0,5.0,2.0,134.0,Jardim Olhos DAgua,1325000.0
214988.0,Apartamento de 59m² com 01 suíte à venda   Quinta da Primavera,1.0,2.0,1.0,59.0,Quinta da Primavera,525584.0
174935.0,Apartamento de 47m² com 02 quartos à venda   Jardim Paulistano,2.0,1.0,1.0,47.0,Jardim Paulistano,290000.0
245375.0,Apartamento de 63 m² a venda com 2 quartos  Presidente Médici,2.0,2.0,1.0,63.0,Presidente Medici,320000.0
172082.0,APARTAMENTO NA LAGOINHA,2.0,1.0,1.0,46.0,Ribeirania,185000.0
188747.0,APARTAMENTO NO GERALDO CORREIA DE CARVALHO,2.0,1.0,1.0,41.0,Conjunto Habitacional Silvio Passalacqua,130000.0
97661.0,Apartamento de 45m² com 01 quarto à venda   Jardim Irajá,1.0,1.0,1.0,45.0,Jardim Iraja,250000.0
214967.0,Apartamento de 113m² com 03 suítes à venda   Jardim Olhos D`Água II,3.0,4.0,2.0,113.0,Jardim Olhos DAgua,1091310.0
17501.0,APARTAMENTO PARA LOCAÇÃO NO CENTRO DE RIBEIRÃO PRETO.,1.0,1.0,1.0,19.0,Centro,125000.0
88904.0,Apartamento de 02 suítes para locação   Jardim Botânico,2.0,2.0,2.0,88.0,Jardim Iraja,480000.0
132092.0,Apartamento de 48m² com 02 quartos para venda   Jardim Manoel Penna,2.0,1.0,1.0,48.0,Jardim Manoel Penna,330000.0
181181.0,Apartamento de 72m² com 03 quartos para locação   Iguatemi,3.0,1.0,1.0,72.0,Presidente Medici,350000.0
201023.0,Apartamento de 194m² com 03 suítes   Jardim Botânico,3.0,5.0,3.0,194.0,Jardim Botanico,1620000.0
167708.0,Apartamento de 62m² com 03 quartos à venda   Alto do Ipiranga,3.0,2.0,1.0,62.0,Alto do Ipiranga,282000.0
178745.0,EXCELENTE APARTAMENTO PARA LOCAÇÃO E VENDA NO JARDIM MANOEL PENNA,2.0,1.0,1.0,48.0,Jardim Manoel Penna,180000.0
59558.0,APARTAMENTO PRÓXIMO À AVENIDA DOUTOR FRANCISCO JUNQUEIRA,3.0,4.0,1.0,125.0,Centro,450000.0
143009.0,APARTAMENTO PRÓXIMO À AVENIDA INDEPENDÊNCIA,2.0,2.0,1.0,117.0,Centro,265000.0
225689.0,Apartamento de 42m² com 02 quartos para venda e locação   Jardim Santa Cecilia,2.0,1.0,1.0,42.0,Jardim Santa Cecilia,195000.0
205847.0,Apartamento de 44m² com 02 quartos à venda   Parque Reino da Escócia,2.0,1.0,1.0,44.0,Residencial Greenville,185000.0
225398.0,Apartamento de 179m² com 03 suítes à venda   Jardim Botânico,3.0,5.0,3.0,179.0,Jardim Botanico,1700000.0
124892.0,Apartamento de 48m² com 02 quartos à venda   Jardim Paulistano,2.0,1.0,1.0,48.0,Jardim Paulistano,310000.0
207839.0,Apartamento de 124m com 03 quartos   Centro,4.0,3.0,2.0,122.0,Centro,650000.0
166778.0,Apartamento de 254m² com 04 quartos à venda   Jardim Olhos D`Água II,3.0,4.0,4.0,254.0,Jardim Olhos DAgua,2073602.0
99869.0,Apartamento de 01 quarto para locação   Nova Aliança,1.0,1.0,1.0,45.0,Nova Alianca,300000.0
242255.0,Apartamento de 94m² com 03 quartos para locação e venda   Ribeirânia,3.0,3.0,2.0,94.0,Ribeirania,400000.0
194624.0,Apartamento porteira fechada de 34m² com 01 quarto para locação e venda   Greenville,1.0,1.0,1.0,34.0,Residencial Greenville,160000.0
142577.0,APARTAMENTO PRÓXIMO À AVENIDA VIRGILIO SOEIRA,2.0,1.0,1.0,42.0,Planalto Verde,142000.0
147038.0,APARTAMENTO PRÓXIMO À AVENIDA PIO XII,2.0,1.0,1.0,42.0,Vila Virginia,200000.0
170462.0,APARTAMENTO NO RESIDENCIAL DAS AMÉRICAS,2.0,1.0,1.0,46.0,Residencial das Americas,240000.0
133205.0,Apartamento de 47m² com 02 quartos para venda  City Ribeirão,2.0,1.0,1.0,47.0,City Ribeirao,270000.0
215855.0,Apartamento de 51m² com 02 quartos à venda   Vila Amélia,2.0,1.0,1.0,51.0,Vila Tiberio,398693.0
100562.0,APARTAMENTO TÉRREO NO RESERVA SUL,2.0,1.0,1.0,48.0,Reserva Sul Condominio,180000.0
244886.0,Apartamento/Padrão 43m² a venda no bairro Nova Ribeirânia,1.0,1.0,1.0,43.0,Nova Ribeirania,335529.0
222149.0,Apartamento de 45m² com 01 quarto à venda   Centro,1.0,1.0,1.0,45.0,Centro,120000.0
100778.0,Apartamento de 75m² com 03 quartos a venda   Parque dos bandeirantes,3.0,2.0,2.0,75.0,Parque dos Bandeirantes,340000.0
234065.0,Apartamento de 48m² com 02 quartos á venda   Ipiranga,2.0,1.0,1.0,48.0,Ipiranga,192000.0
140615.0,Apartamento de 48m² com 02 quartos para venda   Jardim Paulistano,2.0,1.0,1.0,48.0,Jardim Paulistano,240000.0
230450.0,Apartamento de 38m² com 02 quartos à venda   Jardim Palma Travassos,1.0,1.0,1.0,38.0,Jardim Palma Travassos,315000.0
193205.0,Apartamento de 85m² com 02 quartos à venda   Nova Aliança,2.0,3.0,2.0,85.0,Nova Alianca,720604.0
143705.0,Apartamento de 38m² com 01 quarto para locação e venda   Sumarezinho,1.0,1.0,1.0,38.0,Sumarezinho,290000.0
240656.0,Apartamento de 44m² com 01 quarto para locação ou venda   Nova Aliança,1.0,1.0,1.0,44.0,Nova Alianca,320000.0
116300.0,Apartamento de 46m² com 01 quarto para venda   Jardim Paulista,1.0,1.0,1.0,46.0,Jardim Paulista,258000.0
217988.0,Apartamento de 46m² com 02 quartos à venda   Ipiranga,2.0,1.0,1.0,46.0,Ipiranga,190000.0
212501.0,Apartamento de 80m² com 02 quartos para venda   Vila Tibério,1.0,2.0,2.0,80.0,Vila Tiberio,390000.0
186680.0,Apartamento reformado de 159m² com 04 quartos sendo 01 suíte à venda   Centro,4.0,4.0,1.0,159.0,Centro,549000.0
172889.0,APARTAMENTO NO JARDIM BOTÂNICO,3.0,3.0,2.0,115.0,Jardim Botanico,690000.0
169424.0,Apartamento de 98m² com 03 quartos para venda   Jardim Irajá,3.0,3.0,1.0,98.0,Jardim Iraja,350000.0
181778.0,Apartamento de 42m² com 02 quartos à venda   Jardim Vilico Cantarelli,2.0,1.0,1.0,42.0,Jardim Vilico Cantarelli,150000.0
234983.0,Apartamento de 109m² com 03 quartos para locação   Parque dos Bandeirantes,3.0,3.0,2.0,109.0,Parque dos Bandeirantes,425000.0
241259.0,Apartamento de 111m² com 03 quartos à venda   Nova Aliança,3.0,3.0,2.0,111.0,Nova Alianca,600000.0
96938.0,APARTAMENTO PRÓXIMO À AVENIDA BARÃO DO BANANAL,2.0,2.0,2.0,63.0,Jardim Novo Mundo,270000.0
192215.0,APARTAMENTO PRÓXIMO JARDIM MANOEL PENNA,2.0,1.0,1.0,41.0,Residencial Jequitiba,220000.0
191039.0,Apartamento de 02 quartos para locação   Reserva Sul Condomínio,2.0,3.0,2.0,54.0,Reserva Sul Condominio,447000.0
239384.0,Lançamento: Cerqueira 2164   Apartamento de 55m² com 02 quartos com suíte à venda   Jardim Sumaré,2.0,2.0,1.0,55.0,Jardim Sumare,426000.0
179117.0,Apartamento   Padrão,2.0,3.0,2.0,65.0,Jardim Paulista,450000.0
142619.0,APARTAMENTO PRÓXIMO À AVENIDA TREZE DE MAIO,3.0,3.0,2.0,106.0,Jardim Paulistano,700000.0
244172.0,Apartamento de 42m² com 02 quartos para a locação e venda   Recanto das Palmeiras,2.0,1.0,1.0,42.0,Recanto das Palmeiras,159000.0
211013.0,Apartamento com 42m²   2 quartos   Vila Abranches.,2.0,1.0,1.0,42.0,Vila Abranches,154000.0
101084.0,Apartamento de 90m² com 02 quartos à venda   Residencial e Comercial Palmares,2.0,2.0,1.0,90.0,Residencial e Comercial Palmares,350000.0
152474.0,Apartamento de 138m² com 03 quartos à venda   Vila Seixas,3.0,2.0,1.0,138.0,Vila Seixas,560000.0
83717.0,Apartamento de 171 m² com 03 quartos a venda   Centro,3.0,3.0,1.0,171.0,Centro,410000.0
193607.0,Apartamento de 69m² com 02 suítes à venda   Jardim Botânico,2.0,3.0,1.0,69.0,Jardim Botanico,716600.0
121424.0,Apartamento de 149m² com 03 quartos sendo 01 suíte para locação e venda   Santa Cruz do José Jacques,3.0,3.0,2.0,149.0,Santa Cruz do Jose Jacques,540000.0
202475.0,Apartamento de 42 m² com 2 quartos   Vila Pompeia,2.0,1.0,1.0,42.0,Ipiranga,137800.0
230003.0,Apartamento loft Porteira fechada de 34m² com 01 quarto à venda   Santa Cruz do José Jacques,1.0,1.0,1.0,34.0,Santa Cruz do Jose Jacques,340000.0
103121.0,Apartamento de 116m² com 03 quartos à venda   Centro,3.0,4.0,1.0,116.0,Centro,435000.0
111536.0,Apartamento de 138m² com 03 quartos   Vila Seixas,3.0,2.0,1.0,138.0,Vila Seixas,680000.0
98507.0,APARTAMENTO NO JARDIM BOTÂNICO,1.0,1.0,1.0,43.0,Jardim Botanico,245000.0
94553.0,Apartamento de 29m² com 01 quarto à venda   Vila Amélia,1.0,1.0,1.0,29.0,Vila Amelia,270000.0
119051.0,Apartamento de 75m² com 03 quartos à venda   Jardim Botânico,3.0,2.0,2.0,75.0,Jardim Botanico,650000.0
113186.0,APARTAMENTO PRÓXIMO À USP,2.0,1.0,1.0,59.0,Jardim Antartica,181000.0
242540.0,Apartamento de 44m² com 02 quartos à venda   Jardim Itaú,2.0,1.0,1.0,44.0,Jardim Itau,140000.0
161498.0,Apartamento de 50m² com 02 quartos para locação e venda   Iguatemi,2.0,1.0,1.0,50.0,Jardim Palma Travassos,276000.0
178262.0,Apartamento de 61m² com 02 suítes e 02 vagas de garagem à venda   Nova Aliança,2.0,3.0,2.0,61.0,Nova Alianca,670038.58
158996.0,APARTAMENTO PRÓXIMO À AVENIDA HENRI NESTLE,2.0,1.0,1.0,45.0,Residencial Parque dos Servidores,190000.0
147083.0,APARTAMENTO PRÓXIMO À RODOVIA ANHANGUERA,2.0,1.0,1.0,48.0,Quintino Facci II,138000.0
69398.0,Apartamento 40m² com 01 quarto à venda   Vila Seixas,1.0,1.0,1.0,40.0,Vila Seixas,260000.0
183368.0,Apartamento de 63m² com 01 quarto térreo no mirante Sul,1.0,2.0,1.0,63.0,Reserva Sul Condominio,240000.0
171128.0,Apartamento com 01 dormitórios à venda   Centro,1.0,1.0,1.0,46.0,Centro,250000.0
94415.0,PRÓXIMO À AVENIDA CLÓVIS BEVILACQUA,3.0,2.0,1.0,99.0,Parque dos Bandeirantes,371000.0
199271.0,APARTAMENTO EM EXCELENTE LOCALIZAÇÃO NO CENTRO,2.0,2.0,1.0,96.0,Centro,410000.0
232301.0,Apartamento de 87m² com 02 suítes para locação   Jardim Botânico,2.0,3.0,2.0,87.0,Jardim Botanico,1300000.0
82880.0,Apartamento de 44m² com 01 quarto à venda   Nova Aliança,1.0,1.0,1.0,44.0,Nova Alianca,348000.0
107669.0,Apartamento de 170m² com 03 quartos à venda   Santa Cruz do José Jacques,3.0,5.0,3.0,170.0,Santa Cruz do Jose Jacques,750000.0
149264.0,Apartamento de 02 quartos com 44m²   Vila Guiomar,2.0,1.0,1.0,44.0,Vila Guiomar,310000.0
138875.0,APARTAMENTO JARDIM BOTÂNICO,2.0,2.0,1.0,67.0,Jardim Botanico,400000.0
156659.0,APARTAMENTO PRÓXIMO À AVENIDA LEÃO XIII,3.0,1.0,1.0,72.0,Iguatemi,240000.0
77744.0,APARTAMENTO PRÓXIMO À UNIP,1.0,1.0,1.0,4151.0,Nova Alianca,185000.0
106676.0,Apartamento de 59m² com 01 quarto à venda   Centro,1.0,1.0,1.0,59.0,Centro,420000.0
183311.0,Apartamento de 61m² com 02 quartos à venda   Quinta da Primavera,2.0,2.0,1.0,61.0,Quinta da Primavera,555000.0
243818.0,Apartamento de 132m² com 03 suítes à venda   Jardim Botânico,3.0,4.0,2.0,132.0,Jardim Botanico,1249000.0
225248.0,Apartamento de 40m² com 02 quartos para venda   Jardim Ouro Branco,2.0,1.0,1.0,40.0,Jardim Ouro Branco,200000.0
140333.0,APARTAMENTO NOVO PRÓXIMO A AVENIDA PATRIARCA,2.0,1.0,1.0,44.0,Vila Virginia,165000.0
244829.0,Apartamento de 55m² com 02 quartos à venda   Vila Maria Luiza,2.0,1.0,1.0,55.0,Vila Maria Luiza,234900.0
172133.0,APARTAMENTO NO JARDIM ITAÚ,2.0,1.0,1.0,46.0,Jardim Itau,175000.0
177491.0,Apartamento de 50m² com 02 quartos á venda   Alto do Ipiranga,2.0,1.0,1.0,50.0,Alto do Ipiranga,250000.0
226109.0,Apartamento de 91m² com 03 quartos à venda   Jardim Anhanguera,3.0,2.0,1.0,91.0,Jardim Anhanguera,260000.0
94937.0,APARTAMENTO MOBILIADO NO JARDIM FLORIDA,1.0,1.0,1.0,46.0,Jardim Florida,320000.0
184520.0,APARTAMENTO PRÓXIMO AO SHOPPING SANTA ÚRSULA,3.0,3.0,1.0,156.0,Centro,650000.0
149696.0,APARTAMENTO PRÓXIMO À RODOVIA ANHANGUERA,2.0,1.0,1.0,42.0,Jardim Florestan Fernandes,170000.0
186527.0,Apartamento de 105m² com 03 quartos à venda   Jardim Paulistano,3.0,3.0,2.0,105.0,Jardim Paulistano,430000.0
174053.0,Apartamento de 216m² com 03 quartos com 01 suíte à venda   Centro,3.0,4.0,1.0,216.0,Vila Seixas,475000.0
192131.0,Apartamento de 100m² com 2 suítes para venda e locação   Jardim Nova Aliança,2.0,3.0,2.0,100.0,Nova Alianca,1100000.0
208805.0,Apartamento mobilado de 45m² com 01 suíte para locação   Jardim Botânico,1.0,1.0,1.0,45.0,Jardim Botanico,390000.0
159938.0,Apartamento   Padrão,2.0,1.0,1.0,56.0,Parque Sao Sebastiao,275000.0
194357.0,Apartamento de 101m² com 02 suítes para locação e venda   Jardim Botânico,2.0,3.0,2.0,101.0,Jardim Botanico,513000.0
243950.0,Apartamento de 132m² com 03 suítes à venda   Jardim Botânico,3.0,5.0,2.0,132.0,Jardim Botanico,949000.0
177920.0,Apartamento de 46m² com 01 quartos para venda e locação   Jardim Botânico,1.0,1.0,1.0,46.0,Jardim Botanico,350000.0
163961.0,APARTAMENTO NO NOVA ALIANÇA,2.0,2.0,1.0,79.0,Nova Alianca,600000.0
214142.0,Apartamento de 46m² com 02 quartos à venda   Sumarezinho,2.0,1.0,1.0,46.0,Sumarezinho,260000.0
99071.0,Apartamento de 57m² com 02 quartos para locação   Jardim Paulista,2.0,2.0,1.0,57.0,Jardim Paulista,220000.0
186800.0,Apartamento de 218m² com 03 suítes à venda   Bosque das Juritis,3.0,5.0,3.0,218.0,Bosque das Juritis,1305000.0
205763.0,Apartamento de 51m² com 02 quartos à venda   Residencial das Américas,2.0,1.0,1.0,51.0,Residencial das Americas,240000.0
87719.0,Apartamento   Padrão,1.0,1.0,1.0,42.0,Jardim Nova Alianca Sul,245000.0
103970.0,Apartamento de 107m² com 03 quartos para locação e venda   Centro,3.0,2.0,1.0,107.0,Centro,400000.0
198611.0,Apartamento de 45m² com 01 quarto à venda   Jardim Recreio,1.0,1.0,1.0,45.0,Jardim Recreio,339200.0
126491.0,Apartamento de 54m² com 02 quartos para venda  Parque São Sebastião.,2.0,1.0,1.0,54.0,Parque Sao Sebastiao,245000.0
245189.0,Apartamento de 53m² com 02 quartos planejados à venda   Alto da Boa Vista,2.0,2.0,1.0,53.0,Alto da Boa Vista,410000.0
239126.0,Apartamento de 42m² com 02 quartos à venda   Ipiranga,2.0,1.0,1.0,42.0,Ipiranga,145000.0
99524.0,* Excelente Oportunidade *,2.0,1.0,1.0,56.0,Parque Sao Sebastiao,265650.0
183329.0,Apartamento de 43m² com 01 suíte para venda e locação   Alto da Boa Vista,1.0,1.0,1.0,43.0,Jardim Sumare,510000.0
223217.0,Apartamento térreo de 41m² com 02 quartos e quintal à venda   Reserva Real,2.0,1.0,1.0,41.0,Reserva Real,170000.0
194333.0,APARTAMENTO PRÓXIMO AVENIDA NOVE DE JULHO,3.0,3.0,1.0,210.0,Centro,400000.0
127355.0,Apartamento   Padrão,2.0,1.0,1.0,42.0,Jardim Manoel Penna,180000.0
133790.0,Apartamento   Padrão,2.0,1.0,1.0,42.0,Jardim Jose Wilson Toni,98000.0
118904.0,Apartamento de 143m² com 03 suítes à venda   Nova Aliança,3.0,5.0,2.0,143.0,Nova Alianca,1153000.0
96440.0,Apartamento de 37m² com 01 quarto para venda   Jardim Irajá,1.0,1.0,1.0,37.0,Jardim Iraja,202000.0
147458.0,Apartamento de 71m² com 02 quartos á venda   Jardim Botânico,2.0,1.0,2.0,71.0,Jardim Botanico,370000.0
116216.0,Apartamento de 83m² com 02 quartos para locação e venda   Vila Seixas,2.0,2.0,2.0,83.0,Vila Seixas,477000.0
236417.0,Apartamento de 40m² com 02 quartos à venda   Reserva Real,2.0,1.0,1.0,40.0,Reserva Real,149900.0
179615.0,Apartamento de 368m² com 04 quartos à venda   Centro,4.0,5.0,2.0,368.0,Centro,800000.0
145964.0,**LANÇAMENTO NO JARDIM ITAÚ**,2.0,1.0,1.0,42.0,Jardim Itau,164000.0
168866.0,APARTAMENTO DIFERENCIADO NO IPIRANGA,2.0,1.0,1.0,49.0,Ipiranga,250000.0
92108.0,Apartamento de 59m² com 02 quartos   Jardim Independência,2.0,1.0,1.0,59.0,Independencia,170000.0
149570.0,Duplex de 45m² com 01 suíte   Jardim Nova Aliança,1.0,2.0,1.0,45.0,Nova Alianca,355000.0
70046.0,Apartamento de 44m² com 01 quarto à venda   Jardim Sumaré,1.0,1.0,1.0,44.0,Jardim Sumare,230000.0
189413.0,Apartamento de 42m² com 02 quartos à venda   Jardim Santa Cecilia,2.0,1.0,1.0,42.0,Jardim Santa Cecilia,170000.0
141605.0,APARTAMENTO PRÓXIMO A AV. HENRI NESTLE,2.0,1.0,1.0,41.0,Reserva Real,175000.0
175076.0,Apartamento de 87m² com 03 quartos sendo 01 suíte para à venda   Jardim Catelo Branco,3.0,2.0,2.0,87.0,Parque dos Bandeirantes,320000.0
237950.0,Apartamento de 133m² com 03 suítes para locação e venda   Nova Aliança,3.0,4.0,2.0,133.0,Nova Alianca,1158584.0
68144.0,Apartamento de 121mts; 03 dorm sendo 01 suite   CAMPOS ELÍSEOS,3.0,3.0,1.0,121.0,Campos Eliseos,380000.0
223943.0,Apartamento com 404m² com 06 quartos sendo 03 suítes à venda   Centro,6.0,5.0,2.0,404.0,Centro,742000.0
239639.0,Apartamento de 51m² com 01 quarto para venda e locação   Jardim Irajá,1.0,1.0,1.0,51.0,Alto da Boa Vista,750000.0
95084.0,Apartamento   Padrão,1.0,1.0,1.0,54.0,Centro,160000.0
221918.0,Apartamento de 64m² com 02 quartos sendo 01 suíte à venda   Jardim Paulista,2.0,2.0,1.0,64.0,Jardim Paulista,390000.0
36512.0,APARTAMENTO PRÓXIMO Á UNAERP,3.0,2.0,1.0,76.0,Jardim Palma Travassos,320000.0
145601.0,Apartamento de 64m² com 02 quartos sendo 01 suíte à venda   Jardim Anhangüera,2.0,2.0,2.0,64.0,Jardim Anhanguera,250000.0
96065.0,APARTAMENTO PRÓXIMO AO SHOPPPING IGUATEMI,3.0,3.0,2.0,97.0,Jardim Nova Alianca Sul,620000.0
131699.0,EXCELENTE APARTAMENTO PARA VENDA NA ZONA SUL DE RIBEIRÃO PRETO,2.0,1.0,1.0,46.0,Reserva Sul Condominio,190000.0
239012.0,Apartamento de 90m² com 03 quartos à venda   Jardim Olhos d´agua,3.0,2.0,2.0,90.0,Jardim Olhos DAgua,788222.67
216200.0,Apartamento de 41m² com 02 quartos à venda   Reserva Real,2.0,1.0,1.0,41.0,Reserva Real,200000.0
175937.0,APARTAMENTO 2 DORMITÓRIOS,2.0,1.0,1.0,43.0,Jardim Heitor Rigon,180000.0
100814.0,Apartamento de 86m² com 02 suítes para locação e venda   Jardim Botânico,2.0,3.0,2.0,86.0,Bosque das Juritis,890000.0
122153.0,Apartamento de 62m² com 02 quartos à venda   Jardim Botânico,2.0,2.0,1.0,62.0,Jardim Botanico,403000.0
107345.0,Apartamento de 65m² com 02 quartos para venda   Nova Aliança,2.0,2.0,1.0,65.0,Nova Alianca,477000.0
238013.0,Apartamento semi mobiliado de 44m² com 02 quartos para locação e venda   Residencial Greenville,2.0,1.0,1.0,44.0,Residencial Greenville,230000.0
227864.0,Apartamento de 40m² com 02 quartos para locação e venda   Jardim Ouro Branco,2.0,1.0,1.0,40.0,Jardim Ouro Branco,150000.0
216026.0,Apartamento de 40m² com 02 quartos à venda   Reserva Real,2.0,1.0,1.0,40.0,Reserva Real,170000.0
205883.0,Apartamento de 43m² com 02 quartos à venda   Recreio das Acácias,2.0,1.0,1.0,43.0,Recreio das Acacias,250000.0
145679.0,Apartamento de 32m² com 01 quarto à venda   Nova Ribeirânia,1.0,1.0,1.0,32.0,Nova Ribeirania,350000.0
202016.0,APARTAMENTO NO GERALDO DE CARVALHO,2.0,1.0,1.0,48.0,Geraldo Correia de Carvalho,120000.0
154487.0,Apartamento de 42m² com 02 quartos à venda   Ipiranga,2.0,1.0,1.0,42.0,Ipiranga,190000.0
169157.0,Apartamento de 50m² com 02 quartos à venda   Jardim Anhanguera,2.0,1.0,1.0,50.0,Jardim Anhanguera,290000.0
109886.0,Apartamento de 02 quartos á venda   Jardim Botânico,2.0,2.0,1.0,65.0,Jardim Botanico,390000.0
245081.0,Apartamento de 56m² com 2 quartos à venda   Jardim Nova Aliança,2.0,2.0,1.0,56.0,Nova Alianca,400000.0
195425.0,LINDO APARTAMENTO NO PARQUE DOS BANDEIRANTES,3.0,2.0,2.0,93.0,Parque dos Bandeirantes,400000.0
187409.0,Apartamento de 95m² com 03 quartos à venda   Sumarezinho,3.0,3.0,1.0,95.0,Sumarezinho,370000.0
167669.0,Apartamento de 92m² com 03 quartos para locação   Centro,3.0,2.0,1.0,92.0,Jardim Sumare,303000.0
162938.0,Apartamento de 68m² com 02 quartos à venda   Centro,2.0,2.0,1.0,68.0,Centro,330000.0
171653.0,APARTAMENTO NO CENTRO,3.0,3.0,1.0,157.0,Centro,420000.0
147956.0,Apartamento de 41m² com 02 quartos   Jardim João Rossi,2.0,1.0,1.0,41.0,Jardim Joao Rossi,138000.0
190784.0,Apartamento de 42 m² com 02 quartos   Vila Pompeia,2.0,1.0,1.0,42.0,Ipiranga,140000.0
102974.0,Apartamento   Padrão,2.0,1.0,1.0,44.0,Residencial Greenville,175000.0
35024.0,Apartamento de 03 quartos para locação   Campos Elíseos,3.0,3.0,1.0,105.0,Campos Eliseos,320000.0
204728.0,Apartamento novo de 40m² com 01 quarto   Ribeirânia,1.0,1.0,1.0,40.0,Ribeirania,299000.0
173876.0,APARTAMENTO EM BONFIM PAULISTA,2.0,1.0,1.0,48.0,Loteamento Santa Marta,191000.0
170936.0,Lindo Apartamento a 7min do Shopping Santa Úrsula,2.0,1.0,1.0,77.0,Vila Virginia,414570.63
91166.0,Apartamento de 150m² com 03 suítes para locação   Centro,3.0,5.0,2.0,150.0,Centro,680000.0
186701.0,APARTAMENTO 3 DORMITÓRIOS NA LAGOINHA,3.0,2.0,1.0,68.0,Parque Industrial Lagoinha,350000.0
89096.0,Apartamento de 38m² com 01 quarto para locação   Vila Ana Maria,1.0,1.0,1.0,38.0,Vila Ana Maria,185000.0
209918.0,Apartamento de 38m² com 01 quarto para Venda Mobiliado   Residencial Florida,1.0,1.0,1.0,38.0,Jardim California,229000.0
229142.0,Apartamento de 39m² com 01 quarto à venda   Jardim Sumaré,1.0,1.0,1.0,39.0,Jardim Sumare,446000.0
66503.0,APARTAMENTO PRÓXIMO AO SHOPPING SANTA ÚRSULA,3.0,3.0,1.0,132.0,Centro,400000.0
224486.0,Apartamento de 126m² com 03 suítes à venda   Jardim Olhos D`Água,3.0,4.0,4.0,126.0,Jardim Olhos DAgua,968542.0
118016.0,Apartamento   Padrão,2.0,2.0,1.0,66.0,Residencial e Comercial Palmares,296000.0
156548.0,Apartamento de 50m² com 01 quarto para venda   Jardim Anhangüera,1.0,1.0,1.0,50.0,Jardim Anhanguera,290000.0
172946.0,Apartamento mobiliado de 35m² com 01 quarto à venda   Vila Seixas,1.0,1.0,1.0,35.0,Vila Seixas,280000.0
192956.0,****APARTAMENTO NA VILA VIRGINIA****,2.0,1.0,1.0,47.0,Vila Virginia,248450.0
210764.0,Apartamento de 107m² com 02 quartos à venda   Centro,2.0,2.0,1.0,107.0,Centro,425000.0
207821.0,Apartamento de 180m² com 03 quartos à venda   Jardim Irajá,3.0,4.0,2.0,180.0,Jardim Iraja,1100000.0
244889.0,Apartamento de 67m² com 02 quartos à venda   Ribeirânia,2.0,2.0,2.0,67.0,Nova Ribeirania,515000.0
147779.0,APARTAMENTO STUDIO PRÓXIMO A AV INDEPENDÊNCIA,1.0,1.0,1.0,49.0,Centro,350000.0
147764.0,APARTAMENTO PRÓXIMO À RUA PORTO SEGURO,2.0,1.0,1.0,47.0,Jardim Jandaia,155000.0
194993.0,Apartamento de 66m² com 02 quartos à venda   Residencial e Comercial Palmares,2.0,2.0,1.0,66.0,Residencial e Comercial Palmares,290000.0
161759.0,Apartamento de 42m² com 02 quartos à venda   Valentina Figueiredo,2.0,1.0,1.0,42.0,Valentina Figueiredo,165000.0
186296.0,EXCELENTE APARTAMENTO NO JARDIM JOSÉ SAMPAIO JUNIOR,2.0,1.0,1.0,42.0,Jardim Jose Sampaio Junior,145000.0
245366.0,Apartamento de 85m² com 02 suítes para venda   Nova Aliança,2.0,3.0,2.0,85.0,Nova Alianca,750179.0
215924.0,Apartamento de 45m² com 01 quarto à venda   Jardim Irajá,1.0,1.0,1.0,45.0,Jardim Iraja,250000.0
142256.0,Apartamento de 146m² com 04 quartos à venda   Jardim São Luiz,4.0,4.0,2.0,146.0,Jardim Sao Luiz,850000.0
36374.0,APARTAMENTO NA VILA ANA MARIA,1.0,1.0,1.0,20.0,Vila Ana Maria,198000.0
222743.0,Apartamento de 41m² com 01 quarto à venda   Parque São Sebastião,1.0,1.0,1.0,41.0,Parque Sao Sebastiao,170000.0
168446.0,APARTAMENTO EM BONFIM PAULISTA,2.0,1.0,1.0,48.0,Jardim Sao Fernando,235000.0
183341.0,Apartamento de 117m² com 03 quartos   Jardim Paulistano,3.0,2.0,1.0,117.0,Jardim Paulistano,360000.0
193238.0,APARTAMENTO NO CENTRO,3.0,2.0,1.0,127.0,Centro,375000.0
177218.0,Apartamento de 314m² com 04 quartos   Centro,4.0,4.0,3.0,314.0,Centro,630000.0
206153.0,Apartamento de 94m² com 03 quartos à venda   Parque Industrial Lagoinha,3.0,2.0,1.0,94.0,Parque Industrial Lagoinha,380000.0
223508.0,Apartamento de 48m² com 02 quartos para venda   Parque das Oliveiras,2.0,1.0,1.0,48.0,Parque das Oliveiras,250000.0
244403.0,Apartamento de 148m² com 03 suítes para locação e venda   Jardim Botânico,3.0,5.0,2.0,148.0,Jardim Botanico,1130000.0
172853.0,Apartamento de 114m² com 03 suítes à venda   Vila Ana Maria,3.0,4.0,2.0,114.0,Vila Ana Maria,889667.43
85352.0,LINDO APARTAMENTO NO BOTÂNICO,3.0,4.0,2.0,142.0,Jardim Botanico,750000.0
214793.0,Apartamento de 56m² com 01 quarto para locação   Centro,1.0,1.0,1.0,56.0,Centro,287000.0
96407.0,APARTAMENTO NO RESIDENCIAL FLORIDA,3.0,2.0,2.0,71.0,Residencial Florida,265000.0
75785.0,Apartamento com 93m² com 3 quartos à venda   Presidente Médici,3.0,2.0,1.0,93.0,Presidente Medici,470000.0
238865.0,Apartamento de 62m² com 02 quartos Mobiliado e suíte para Venda   Campos Elíseos,2.0,2.0,1.0,62.0,Campos Eliseos,360000.0
208682.0,Apartamento Mobiliado de 52m² com 02 quartos à venda   Jardim do Trêvo,2.0,1.0,1.0,52.0,Jardim Anhanguera,240000.0
103841.0,Apartamento   Padrão,2.0,1.0,1.0,44.0,Residencial Greenville,180000.0
202835.0,Apartamento de 92m² com 03 quartos para locação   Jardim Irajá,3.0,3.0,1.0,92.0,Jardim Iraja,430000.0
51857.0,APARTAMENTO PRÓXIMO AO RIBEIRÃO SHOPPING,1.0,1.0,1.0,31.0,Vila Ana Maria,180000.0
30224.0,APARTAMENTO EM ÓTIMA LOCALIZAÇÃO,1.0,1.0,1.0,27.0,Jardim Macedo,170000.0
67175.0,APARTAMENTO NA LAGOINHA,1.0,1.0,1.0,38.0,Parque Industrial Lagoinha,175000.0
190805.0,APRTAMENTO PRÓXIMO A QUITO JUNQUEIRA,3.0,2.0,1.0,59.0,Campos Eliseos,200000.0
150608.0,APARTAMENTO PRÓXIMO AO NOVO SHOPPING,2.0,1.0,1.0,47.0,Residencial Greenville,191000.0
135989.0,APARTAMENTO NO GREENVILE,2.0,1.0,1.0,44.0,Residencial Greenville,186000.0
53009.0,APARTAMENTO PRÓXIMO À AVENIDA CASTELO BRANCO,3.0,2.0,2.0,104.0,Castelo Branco,371000.0
214910.0,Apartamento de 202m² com 04 quartos para venda e locação   Jardim Irajá,4.0,5.0,3.0,202.0,Jardim Iraja,1080000.0
163148.0,Apartamento térreo de 86m² com 03 quartos para locação   Residencial e Comercial Palmares,3.0,2.0,1.0,86.0,Residencial e Comercial Palmares,450000.0
154181.0,Apartamento de 51m² com 02 quartos à venda   Presidente Médici,2.0,1.0,1.0,51.0,Presidente Medici,230000.0
98078.0,Apartamento de 53m² com 02 quartos à venda   Alto da Boa Vista,2.0,2.0,1.0,53.0,Alto da Boa Vista,420000.0
62978.0,Apartamento de 156m² com 04 quartos para venda e locação  Centro,4.0,4.0,2.0,156.0,Centro,750000.0
96248.0,Apartamento de 48m² com 1 dormitório   Vila Seixas,1.0,1.0,1.0,48.0,Centro,230000.0
172751.0,APARTAMENTO NO ALTO DA BOA VISTA,3.0,2.0,1.0,58.0,Alto da Boa Vista,270000.0
198437.0,***OTIMO APARTAMENTO TÉRREO****,2.0,2.0,1.0,64.0,Parque Anhanguera,320000.0
81056.0,Apartamento de 57m² à venda   Planalto Verde,2.0,2.0,2.0,57.0,Planalto Verde,220000.0
150464.0,APARTAMENTO JARDIM NOVA ALIANÇA,2.0,1.0,1.0,55.0,Nova Alianca,371000.0
229682.0,Apartamento de 63m² com 02 quartos para locação e venda   Jardim Irajá,2.0,1.0,1.0,63.0,Jardim Iraja,520000.0
189407.0,Apartamento de 107 m² com 3 dormitórios no Jardim Irajá,3.0,2.0,1.0,107.0,Jardim Iraja,320000.0
234257.0,Apartamento de 59m² com 02 quartos sendo 01 suite à venda   Residencial Greenville,2.0,2.0,1.0,59.0,Residencial Greenville,285000.0
221321.0,Apartamento de 51m² com 02 quartos à venda   Jardim Manoel Penna,2.0,1.0,1.0,51.0,Jardim Manoel Penna,300000.0
154217.0,Apartamento térreo de 42m² com 02 quartos à venda   Planalto Verde,2.0,1.0,1.0,42.0,Planalto Verde,175000.0
150806.0,Apartamento de 3 dormitórios e 1 suíte próximo Av. João Fiusa,3.0,2.0,1.0,98.0,Jardim Iraja,380000.0
130730.0,Apartamento de 42m² com 02 quartos para a locação e venda   Jardim Heitor Rigon,2.0,1.0,1.0,42.0,Jardim Heitor Rigon,140000.0
233939.0,Apartamento de 57m² com 02 quartos á venda   Residencial e Comercial Palmares,2.0,2.0,1.0,57.0,Residencial e Comercial Palmares,300000.0
218825.0,Apartamento de 49m² com 02 quartos para locação   City Ribeirão,2.0,2.0,1.0,49.0,City Ribeirao,220000.0
139313.0,APARTAMENTO NO JARDIM ANHANGUERA,3.0,2.0,1.0,70.0,Jardim Anhanguera,250000.0
180584.0,Apartamento de 62m² com 02 quartos à venda   Vila Ana Maria,2.0,2.0,2.0,62.0,Vila Ana Maria,340000.0
121277.0,Apartamento de 67m² com 02 quartos à venda   Jardim Antártica,2.0,2.0,1.0,67.0,Jardim Antartica,360000.0
188396.0,Apartamento de 53m² com 02 quartos para locação e venda   Nova Aliança,2.0,1.0,1.0,53.0,Nova Alianca,350000.0
242324.0,Apartamento de 95m² com 03 quartos sendo 01 suíte à venda   Jardim Paulista,3.0,3.0,1.0,95.0,Jardim Paulista,500000.0
204158.0,Apartamento de 45m² com 02 quartos à venda   Parque dos Lagos,2.0,1.0,1.0,45.0,Parque dos Lagos,185000.0
170288.0,APARTAMENTO NO JARDIM CALIFÓRNIA,1.0,1.0,1.0,62.0,Nova Alianca,461809.73
221336.0,Apartamento de 53m² com 02 quartos sendo 01 suíte à venda   Reserva Sul Condomínio,2.0,2.0,1.0,53.0,Reserva Sul Condominio,290000.0
206840.0,Apartamento de 105m² com 02 suítes para locação e venda   Parque Industrial Lagoinha,2.0,3.0,1.0,105.0,Parque Residencial Lagoinha,300000.0
25025.0,Apartamento de 71m² com 02 quartos à venda   Vila Ana Maria,2.0,2.0,2.0,71.0,Vila Ana Maria,335000.0
121487.0,Apartamento   Padrão,2.0,1.0,1.0,66.0,Sumarezinho,170000.0
139736.0,Apartamento de 68m² com 03 quartos para locação   Lagoinha,2.0,1.0,1.0,68.0,Vila Seixas,245000.0
92426.0,Apartamento de 125m² com 03 quartos   Centro,3.0,3.0,2.0,125.0,Centro,580000.0
95414.0,Apartamento de 141m² com 03 quartos para locação   Centro,3.0,3.0,1.0,141.0,Centro,380000.0
241040.0,Apartamento de 67m² com 02 Quartos a Venda   Ribeirania,2.0,2.0,1.0,67.0,Ribeirania,435000.0
232400.0,Apartamento de 77m² com 02 quartos à venda   Jardim Palma Travassos,2.0,1.0,1.0,77.0,Jardim Palma Travassos,320000.0
229325.0,Apartamento de 41m² com 02 quartos para venda e locação   Reserva Real,2.0,1.0,1.0,41.0,Reserva Real,160000.0
201827.0,APARTAMENTO NO JARDIM MANOEL PENNA,2.0,1.0,1.0,46.0,Jardim Manoel Penna,275000.0
83405.0,Apartamento de 75m² com 03 quartos à venda   Jardim Irajá,3.0,2.0,2.0,75.0,Jardim Iraja,400000.0
168470.0,APARTAMENTO NO JARDIM OURO BRANCO,2.0,1.0,1.0,52.0,Jardim Ouro Branco,202000.0
152960.0,**ÓTIMO APARTAMENTO NO JARDIM INTERLAGOS**,3.0,1.0,1.0,58.0,Jardim Interlagos,180000.0
218546.0,Apartamento de 48m² com 02 quartos à venda   Ipiranga,2.0,1.0,1.0,48.0,Ipiranga,200000.0
199847.0,APARTAMENTO JARDIM MARCHESI,2.0,1.0,1.0,47.0,Jardim Marchesi,150000.0
234554.0,Apartamento de 48m² com 02 quartos para locação e venda   Parque das Oliveiras II,2.0,1.0,1.0,48.0,Parque das Oliveiras II,280000.0
192377.0,Apartamento de 180m² com 4 quartos à venda   Bairro Jardim Canadá,4.0,4.0,3.0,180.0,Jardim Canada,1280000.0
193718.0,Apartamento   Padrão,2.0,1.0,1.0,42.0,Nova Alianca,150000.0
230804.0,Apartamento de 31m² com 01 quarto á venda   Vila Virgínia,1.0,1.0,1.0,31.0,Vila Virginia,110000.0
197624.0,Apartamento de 442m² com 04 quartos para locação e venda   Centro,4.0,5.0,4.0,442.0,Centro,1100000.0
212219.0,Apartamento de 43m² com 02 quartos à venda   Jardim Diva Tarlá de Carvalho,2.0,1.0,1.0,43.0,Jardim Diva Tarla de Carvalho,145000.0
237959.0,Apartamento de 133m² com 03 suítes para locação e venda   Nova Aliança,3.0,4.0,2.0,133.0,Nova Alianca,1158584.0
184793.0,Apartamento   Padrão,3.0,1.0,1.0,58.0,Campos Eliseos,260000.0
157994.0,APARTAMENTO PRÓXIMO À AVENIDA INDEPENDÊNCIA,1.0,1.0,1.0,47.0,Centro,239000.0
213446.0,Apartamento de 154m² com 03 suítes à venda   Jardim Olhos D`Água,3.0,5.0,3.0,154.0,Jardim Olhos DAgua,1600000.0
128138.0,Apartamento Flat de 27m² à venda   Jardim Califórnia,1.0,1.0,1.0,27.0,Jardim California,350000.0
236636.0,Apartamento de 62m² com 02 quartos à venda   Ribeirânia,2.0,2.0,1.0,62.0,Ribeirania,570000.0
104429.0,APARTAMENTO DIFERENCIADO NO BOTÂNICO,3.0,3.0,2.0,143.0,Jardim Iraja,650000.0
240749.0,Apartamento de 46m² com 02 quartos à venda   Residencial Greenville,2.0,1.0,1.0,46.0,Residencial Greenville,350000.0
171116.0,APARTAMENTO EM BONFIM PAULISTA,2.0,1.0,1.0,48.0,Condominio Mirante Sul,250000.0
133355.0,Apartamento de 42m² com 02 quartos para locação   Residencial Jequitibá,2.0,1.0,2.0,42.0,Residencial Jequitiba,195000.0
238496.0,Apartamento 132m² com 03 suítes à venda   Jardim Botânico,3.0,5.0,2.0,132.0,Jardim Botanico,1050000.0
67226.0,Apartamento de 46m² com 02 quartos à venda   Ipiranga,2.0,1.0,1.0,46.0,Ipiranga,160000.0
64895.0,Apartamento de 85m² com 02 quartos sendo 01 suíte para venda   Centro,2.0,2.0,1.0,85.0,Centro,320000.0
154538.0,Apartamento de 48m² com 02 quartos Jardim Manoel Penna,2.0,1.0,1.0,48.0,Jardim Manoel Penna,145000.0
234599.0,Apartamento de 43m² com 02 quartos para venda,2.0,1.0,1.0,43.0,Reserva Macauba,235000.0
93146.0,EXCELENTE LOCALIZAÇÃO NA VILA TIBÉRIO,2.0,2.0,1.0,62.0,Vila Tiberio,235000.0
164150.0,APARTAMENTO TÉRREO NO PARQUE DOS LAGOS,2.0,1.0,1.0,47.0,Parque dos Lagos,180000.0
91478.0,Apartamento de 01 quarto para locação   Nova Aliança,1.0,1.0,1.0,42.0,Nova Alianca,228000.0
237353.0,Apartamento de 55m² com 02 quartos sendo 01 suíte à venda   Jardim Olhos D`Água,2.0,2.0,1.0,55.0,Jardim Olhos DAgua,395000.0
163508.0,Apartamento de 126m² com 03 quartos à venda   Jardim Olhos D`Água II,3.0,4.0,2.0,126.0,Jardim Olhos DAgua,1096978.9
198914.0,LINDO APARTAMENTO NO JARDIM PALMA TRAVASSOS,3.0,3.0,1.0,65.0,Iguatemi,260000.0
83696.0,Apartamento de 82m² com 02 quartos sendo 1 suíte á venda   Jardim Paulista,2.0,2.0,1.0,82.0,Jardim Paulista,530000.0
213824.0,Apartamento de 69m² com 01 suíte para locação e venda   Jardim Olhos D`Água,1.0,2.0,1.0,69.0,Jardim Olhos DAgua,792000.0
101135.0,APARTAMENTO PRÓXIMO À RODOVIA ANHANGUERA,3.0,2.0,1.0,90.0,Residencial e Comercial Palmares,270000.0
201761.0,Apartamento de m² com 02 quartos sendo 01 suíte para locação e venda   Ribeirânia,2.0,2.0,1.0,70.0,Ribeirania,640000.0
231455.0,Apartamento de 227 m² com 04 suítes para venda   Ilhas do Sul.,3.0,5.0,4.0,227.0,Jardim Ilhas do Sul,1950000.0
109535.0,Apartamento de 104m² com 03 suítes á venda   Jardim Botânico,3.0,2.0,1.0,104.0,Jardim Botanico,600000.0
210455.0,Apartamento de 369m² e 4 quartos à venda   Centro,4.0,6.0,3.0,369.0,Centro,1000000.0
233864.0,Apartamento de 42m² com 02 quartos para venda   Ribeirão Verde,2.0,1.0,1.0,42.0,Ribeirao Verde,140000.0
124202.0,APARTAMENTO PARA REFORMAR NO BAIRRO REPÚBLICA,2.0,1.0,1.0,57.0,Republica,170000.0
135734.0,Apartamento de 60m² com 02 quartos para venda   Jardim Botânico,2.0,2.0,1.0,60.0,Jardim Botanico,298000.0
155780.0,Apartamento de 40m² com 01 quarto para venda   Jardim Palma Travassos,1.0,1.0,1.0,40.0,Jardim Palma Travassos,250000.0
222968.0,Apartamento de 46m² com 02 quartos à venda   Jardim Marchesi,2.0,1.0,1.0,46.0,Jardim Marchesi,180000.0
152684.0,Apartamento de 03 quartos para locação e venda   Campos Elíseos,3.0,1.0,1.0,58.0,Campos Eliseos,240000.0
149825.0,APARTAMENTO PRÓXIMO AO ATACADÃO,2.0,1.0,1.0,43.0,Jardim Interlagos,186000.0
91334.0,Apartamento de 39m² com 01 quarto para locação   Nova Aliança,1.0,1.0,1.0,39.0,Nova Alianca,260000.0
131000.0,**Oportunidade Apartamento**,2.0,2.0,1.0,54.0,Residencial Greenville,232000.0
225956.0,Apartamento de 41m² com 02 quartos à venda   Reserva Real,2.0,1.0,1.0,41.0,Reserva Real,220000.0
184493.0,Apartamento   Padrão,2.0,1.0,1.0,57.0,Residencial das Americas,165000.0
213944.0,Apartamento de 47m² com 02 quartos à venda   Jardim Paiva,2.0,2.0,1.0,47.0,Jardim Paiva,270000.0
165194.0,APARTAMENTO NO CAMPOS ELISEOS,2.0,1.0,1.0,42.0,Campos Eliseos,160000.0
239600.0,Apartamento de 63m² com 02 quartos à venda   Planalto Verde,2.0,2.0,1.0,63.0,Planalto Verde,265000.0
101273.0,Apartamento   Padrão,2.0,2.0,1.0,65.0,Residencial Florida,270000.0
91454.0,Apartamento de 03 quartos para locação   Jd. Interlagos,3.0,2.0,2.0,66.0,Jardim Interlagos,320000.0
137498.0,Apartamento de 03 quartos para locação   Centro,3.0,3.0,1.0,85.0,Centro,270000.0
173861.0,Apartamento de 52m² com 02 quartos sendo 01 suíte à venda   Loteamento Santa Marta,2.0,2.0,1.0,52.0,Loteamento Santa Marta,360400.0
224516.0,Apartamento de 367m² com 04 suítes à venda   Jardim Ilhas do Sul,4.0,7.0,4.0,367.0,Jardim Ilhas do Sul,3000000.0
108713.0,Apartamento de 45m² com 02 quartos à venda   Parque São Sebastião,2.0,1.0,1.0,45.0,Parque Sao Sebastiao,180000.0
193748.0,APARTAMENTO TÉRREO PRÓXIMO À JOSÉ ANTÔNIO FERRAREZI,2.0,1.0,1.0,63.0,Reserva Real,220000.0
224717.0,Apartamento de 71m² com 02 quartos   Vila Elisa,2.0,1.0,2.0,71.0,Vila Elisa,210000.0
175778.0,APARTAMENTO A VENDA NO RESIDENCIAL JEQUITIBÁ,2.0,1.0,1.0,41.0,Residencial Jequitiba,230000.0
122753.0,Apartamento   Padrão,3.0,2.0,1.0,64.0,Jardim Palma Travassos,350000.0
245471.0,Apartamento de 43m² com 02 quartos à venda   Valentina Figueiredo,2.0,1.0,1.0,43.0,Valentina Figueiredo,149000.0
218006.0,Lançamento: Cidade de Milão   Apartamento de 204m² com 03 suítes à venda   Jardim Ilhas do Sul,3.0,4.0,3.0,204.0,Jardim Ilhas do Sul,1985670.0
224684.0,Apartamento reformado de 40² com 02 quartos para venda   Parque dos Pinus,2.0,1.0,1.0,40.0,Parque dos Pinus,185000.0
241892.0,Apartamento de 43m² à venda   Reserva Macaúba,2.0,1.0,1.0,43.0,Reserva Macauba,170000.0
187577.0,Apartamento de 55m² com 01 quarto para venda   Centro,1.0,1.0,1.0,55.0,Centro,250000.0
220214.0,Apartamento com 49m² com 02 quartos à venda   Jardim Novo Mundo,2.0,1.0,1.0,49.0,Jardim Novo Mundo,235000.0
234191.0,Apartamento de 43m² com 02 quartos para locação e venda   Valentina Figueiredo,2.0,1.0,1.0,43.0,Valentina Figueiredo,160000.0
242807.0,Apartamento mobiliado de 56m² com 02 quartos à venda   Sumarezinho,2.0,2.0,1.0,56.0,Sumarezinho,489000.0
235799.0,Apartamento de 43m² Térreo com 02 quartos á venda   Jardim Diva Tarla de Carvalho,2.0,1.0,1.0,43.0,Jardim Diva Tarla de Carvalho,145000.0
243344.0,Apartamento de 108m² com 03 suítes à venda   Bosque das Juritis,3.0,4.0,3.0,108.0,Bosque das Juritis,900000.0
76136.0,Apartamento de 142m² com 03 quartos para venda e locação   Jardim Sumaré,4.0,3.0,2.0,142.0,Jardim Sumare,562000.0
203600.0,APARTAMENTO NO BAIRRO VILA SEIXAS,2.0,2.0,1.0,64.0,Vila Seixas,420000.0
142943.0,Apartamento de 43m² com 01 quarto para venda   Vila Ana Maria,1.0,1.0,1.0,43.0,Vila Ana Maria,255000.0
226268.0,Apartamento de 45m² com 02 quartos à venda   Jardim Manoel Penna,2.0,1.0,1.0,45.0,Jardim Manoel Penna,195000.0
198560.0,APARTAMENTO NO JARDIM IRAJÁ,3.0,2.0,2.0,96.0,Condominio Itamaraty,430000.0
130199.0,Apartamento   Padrão,2.0,1.0,1.0,41.0,Conjunto Habitacional Silvio Passalacqua,150000.0
139604.0,APARTAMENTO NO PARQUE DOS SERVIDORES,2.0,1.0,2.0,56.0,Residencial Parque dos Servidores,180000.0
70274.0,Apartamento de 62 m² com 2 quartos   Vila Ana Maria,2.0,2.0,1.0,62.0,Vila Ana Maria,318000.0
156428.0,APARTAMENTO PRÓXIMO À AVENIDA DOM PEDRO I,2.0,2.0,1.0,49.0,Ipiranga,180000.0
188750.0,APARTAMENTO NO JARDIM OLHOS D´ÁGUA II,3.0,3.0,2.0,88.0,Jardim Olhos DAgua,870000.0
218207.0,Apartamento de 46m² com 02 quartos à venda   Parque Ribeirão,2.0,1.0,1.0,46.0,Parque Ribeirao Preto,155000.0
239642.0,Apartamento de 51m² com 01 quarto para venda e locação   Jardim Irajá,1.0,1.0,1.0,51.0,Jardim Iraja,750000.0
73241.0,Apartamento de 42m² com 02 quartos à venda   Ipiranga,2.0,1.0,1.0,42.0,Ipiranga,160000.0
147608.0,Apartamento de 118m² com 03 suítes para locação e venda   Jardim Botânico,3.0,5.0,2.0,118.0,Jardim Botanico,650000.0
211046.0,Apartamento de 38m² com 01 quarto para locação e venda   Jardim Palma Travassos,1.0,1.0,1.0,38.0,Jardim Palma Travassos,350000.0
224315.0,Apartamento de 122m² com 03 quartos sendo 01 suíte para locação e venda   Centro,3.0,3.0,2.0,122.0,Centro,540000.0
142895.0,APARTAMENTO PRÓXIMO À AVENIDA DOUTOR CELSO CHARURI,2.0,1.0,1.0,52.0,Residencial Greenville,308000.0
224483.0,Apartamento de 126m² com 03 suítes à venda   Jardim Olhos D`Água,3.0,4.0,4.0,126.0,Jardim Olhos DAgua,1038561.0
165755.0,Apartamento Vila Virginia,2.0,1.0,1.0,45.0,Jardim Maria Goretti,195000.0
146999.0,Apartamento de 02 quartos para locação   Ipiranga,2.0,1.0,1.0,55.0,Ipiranga,199000.0
231632.0,Apartamento de 53m² com 02 quartos à venda   Parque das Oliveiras,2.0,2.0,1.0,53.0,Parque das Oliveiras II,300000.0
214040.0,Lançamento Portugal 2207   Apartamento de 38m² com 01 quarto à venda   Santa Cruz do José Jacques,1.0,1.0,1.0,38.0,Santa Cruz do Jose Jacques,282290.74
91556.0,Apartamento de 75m² com 02 suítes à venda  Jardim Paulista,2.0,1.0,2.0,75.0,Jardim Paulista,446000.0
236975.0,Apartamento de 90m² com 03 quartos à venda   Centro,3.0,3.0,1.0,90.0,Centro,400000.0
173261.0,LINDO APARTAMENTO VILA VIRGINIA,2.0,1.0,1.0,62.0,Vila Virginia,180000.0
106634.0,APARTAMENTO NO BAIRRO VILA MONTE ALEGRE,2.0,2.0,1.0,66.0,Sumarezinho,270000.0
210086.0,Apartamento de 90m² com 03 quartos à venda   Jardim Irajá,3.0,3.0,1.0,90.0,Jardim Iraja,420000.0
174488.0,APARTAMENTO NO JARDIM PAULISTANO,2.0,2.0,2.0,74.0,Jardim Paulistano,290000.0
207332.0,Apartamento   Padrão,2.0,1.0,1.0,47.0,City Ribeirao,250000.0
160235.0,APARTAMENTO PRÓXIMO À RUA MARQUÊS DA CRUZ,3.0,2.0,1.0,108.0,Vila Monte Alegre,350000.0
80354.0,Apartamento de 158m² com 02 quartos   Centro,3.0,2.0,1.0,158.0,Centro,400000.0
201521.0,Excelente apartamento no Jardim Botânico,1.0,1.0,1.0,45.0,Jardim Botanico,260000.0
127865.0,KIT PRÓXIMO À AVENIDA INDEPENDÊNCIA,1.0,1.0,1.0,32.0,Vila Seixas,140000.0
200636.0,APARTAMENTO NO RIBEIRÃO VERDE,2.0,1.0,1.0,42.0,Jardim Florestan Fernandes,170000.0
212381.0,Apartamento de 75m² com 03 quartos à venda,3.0,2.0,1.0,75.0,Planalto Verde,330000.0
168893.0,APARTAMENTO NOVO NO MONTE ALEGRE,2.0,2.0,1.0,58.0,Vila Monte Alegre,290000.0
174791.0,EXCELENTE APARTAMENTO RESIDENCIAL 2 DORMITÓRIOS,2.0,2.0,2.0,62.0,Jardim Anhanguera,192000.0
161936.0,Apartamento de 69m² com 02 suítes à venda   Vila Monte Alegre,2.0,2.0,2.0,69.0,Vila Monte Alegre,455000.0
221609.0,Apartamento de 43m² com 02 quartos à venda   Condomínio Uirapuru,2.0,1.0,1.0,43.0,Condominio Uirapuru,140000.0
189962.0,APARTAMENTO NOVO PRONTO PARA MORAR,2.0,1.0,1.0,43.0,Jardim Interlagos,160000.0
214409.0,Apartamento de 84m² com 03 quartos para locação e venda   Residencial Greenville,3.0,2.0,1.0,84.0,Residencial Greenville,298000.0
137885.0,LINDO APARTAMENTO NO JARDIM INTERLAGOS,3.0,2.0,1.0,66.0,Parque dos Lagos,320000.0
237035.0,Apartamento mobiliado de 40m² com 02 quartos á venda   Jardim Ouro Branco,2.0,1.0,1.0,40.0,Jardim Ouro Branco,235000.0
223925.0,Apartamento de 41m² com 02 quartos à venda   Conjunto Habitacional Sílvio Passalacqua,2.0,1.0,1.0,41.0,Conjunto Habitacional Silvio Passalacqua,170000.0
192740.0,"SOBRADO EM CONDOMÍNIO, PRÓXIMO À AVENIDA DOM PEDRO I .",2.0,1.0,1.0,79.0,Ipiranga,180000.0
234401.0,Apartamento de 529m² com 04 suítes à venda   Jardim Botânico,4.0,7.0,6.0,529.0,Jardim Botanico,7500000.0
16148.0,APARTAMENTO NO PARQUE INDUSTRIAL LAGOINHA,3.0,2.0,1.0,66.0,Parque Industrial Lagoinha,300000.0
101666.0,APARTAMENTO EM BONFIM PAULISTA,1.0,1.0,1.0,41.0,Jardim San Marco,210000.0
216503.0,Apartamento de 42m² com 02 quartos à venda   Recanto das Flores em Bonfim Paulista,2.0,1.0,1.0,42.0,Jardim Santa Cecilia,180000.0
215450.0,Apartamento de 53m² com 02 quartos para locação   Jardim Zara,2.0,1.0,1.0,53.0,Jardim Zara,290000.0
152075.0,Apartamento térreo de 93m² com 03 quartos   Presidente Medici,3.0,3.0,2.0,93.0,Presidente Medici,350000.0
239447.0,"Apartamento de 75,32m² com 02 Suítes para venda ? Nova Aliança",2.0,3.0,1.0,32.0,Nova Alianca,636000.0
148538.0,APARTAMENTO PRÓXIMO À AVENIDA LUIS GALVÃO CÉSAR,3.0,2.0,1.0,70.0,Planalto Verde,210000.0
240875.0,Apartamento de 62m² com 02 quartos sendo 01 suíte à venda   Loteamento Santa Marta,2.0,2.0,1.0,62.0,Loteamento Santa Marta,380000.0
163445.0,Apartamento de 40m² com com 02 quartos para locação e venda   Parque dos Pinus,2.0,1.0,1.0,40.0,Parque dos Pinus,127700.0
243701.0,Apartamento de 104m² com 03 quartos à venda   Vila Seixas,3.0,3.0,2.0,104.0,Vila Seixas,490000.0
132128.0,Apartamento   Padrão,2.0,1.0,1.0,55.0,Vila Virginia,160000.0
204695.0,Apartamento de 43m² com 02 quartos à venda   Jardim Diva Tarla de Carvalho,2.0,1.0,1.0,43.0,Jardim Diva Tarla de Carvalho,130000.0
205100.0,Apartamento de 322m² com 04 suítes e 04 vagas de garagem para locação e venda   Vila do Golf,4.0,7.0,4.0,322.0,Vila do Golf,2880000.0
242252.0,Apartamento de 86m² com 03 quartos à venda   Quinta da Primavera,3.0,3.0,2.0,86.0,Quinta da Primavera,742000.0
111470.0,Apartamento de 54m² com 02 quartos à venda   Santa Cruz do José Jacques,2.0,1.0,1.0,54.0,Santa Cruz do Jose Jacques,470000.0
102506.0,Apartamento 97m² à venda   Jardim Palma Travassos,3.0,2.0,1.0,97.0,Jardim Palma Travassos,520000.0
234038.0,EXCELENTE APARTAMENTO NO CENTRO,3.0,3.0,1.0,123.0,Centro,360000.0
190862.0,Apartamento de 55m² com 02 quartos à venda   Residencial Monterrey,2.0,2.0,1.0,55.0,Residencial Monterrey,450000.0
90743.0,EXCELENTE APARTAMENTO PARA VENDA NO BAIRRO VILA MONTE ALEGRE,2.0,1.0,1.0,54.0,Vila Monte Alegre,300000.0
75527.0,APARTAMENTO COM 3 DORMITÓRIOS NO JARDIM SÃO LUIZ,3.0,2.0,1.0,83.0,Jardim Sao Luiz,350000.0
206597.0,Apartamento de 89m² com 03 quartos à venda   Centro,3.0,2.0,1.0,89.0,Centro,350000.0
201695.0,Apartamento de 92m² com 3 quartos à venda   Vila Seixas,3.0,2.0,1.0,92.0,Vila Seixas,280000.0
167462.0,Apartamento de 43m² com 02 quartos à venda   Jardim Interlagos,2.0,1.0,1.0,43.0,Jardim Interlagos,170000.0
100958.0,Apartamento de 37m² com 01 quarto para locação   Noa Aliança,1.0,1.0,1.0,37.0,Nova Alianca,230000.0
144713.0,"Apartamento de 48,73m² com 02 quartos à venda   Jardim Paulista",2.0,1.0,1.0,73.0,Jardim Paulista,285000.0
161135.0,Apartamento de 129m² com 03 quartos à venda   Jardim Macedo,3.0,3.0,2.0,129.0,Jardim Macedo,325000.0
191747.0,Apartamento/Padrão   Residencial   No bairro Jardim Heitor Rigon   Vitta Parque dos Pinus,2.0,1.0,1.0,43.0,Jardim Heitor Rigon,160000.0
244712.0,Casa sobrado de 175m² com 03 suítes para venda   San Marco,3.0,4.0,4.0,175.0,Jardim San Marco,1200000.0
225056.0,Apartamento de 44m² com 02 quartos à venda   Residencial Greenville,2.0,1.0,1.0,44.0,Residencial Greenville,190000.0
241142.0,Apartamento de 50m² com 02 quartos para locação e venda   Reserva São José,2.0,2.0,1.0,50.0,Reserva Sao Jose,360000.0
120269.0,Apartamento de 47m² com 01 suíte á venda   Jardim Macedo,1.0,2.0,1.0,47.0,Jardim Macedo,180000.0
220079.0,Apartamento de 99m² com 03 quartos à venda   Jardim Paulista,3.0,2.0,2.0,99.0,Jardim Paulista,300000.0
104327.0,Apartamento   Padrão,1.0,1.0,1.0,60.0,City Ribeirao,250000.0
94229.0,Apartamento de 65m² com 03 quartos sendo 01 suíte para venda   Jardim Palma Travassos,3.0,2.0,1.0,65.0,Jardim Palma Travassos,350000.0
235214.0,Apartamento reformado de 02 quartos à venda   Reserva Real,2.0,1.0,1.0,40.0,Reserva Real,165000.0
215969.0,Apartamento de 83m² com 02 suítes à venda   Jardim Botânico,2.0,3.0,2.0,83.0,Jardim Botanico,1260000.0
146450.0,APARTAMENTO PRÓXIMO À AVENIDA BANDEIRANTES,2.0,1.0,1.0,42.0,Jardim Itau,180000.0
180608.0,APARTAMENTO NO WILSON TONI,2.0,1.0,1.0,42.0,Jardim Jose Wilson Toni,80000.0
225386.0,Apartamento de 66m² com 02 quartos sendo 01 suíte para locação   Ribeirânia,2.0,2.0,1.0,66.0,Ribeirania,450000.0
124787.0,Apartamento de 54m² com 02 quartos à venda  Jardim Palma Ttravasso,2.0,2.0,1.0,54.0,Jardim Palma Travassos,360000.0
139334.0,APARTAMENTO NO RIBEIRÃO VERDE,2.0,1.0,1.0,42.0,Ribeirao Verde,149000.0
83294.0,Apartamento de 69m² com 02 quartos   Jardim Paulista,2.0,2.0,1.0,69.0,Jardim Paulista,210000.0
239492.0,Apartamento de 59m² com 01 quarto para venda e locação   Alto da Boa Vista,1.0,1.0,1.0,59.0,Alto da Boa Vista,742000.0
151937.0,Apartamento de 41m² com 02 quartos à venda   Reserva Real,2.0,1.0,1.0,41.0,Reserva Real,180000.0
206156.0,Apartamento de 42m² com 02 quartos para locação   Jardim José Wilson Toni,2.0,1.0,1.0,42.0,Jardim Jose Wilson Toni,100000.0
134846.0,APARTAMENTO NO HIGIENÓPOLIS,4.0,6.0,4.0,318.0,Higienopolis,870000.0
145790.0,**LANÇAMENTO NO PARQUE DOS SERVIDORES**,2.0,1.0,1.0,63.0,Recreio Anhanguera,198500.0
153230.0,APARTAMAMENTO SEMI MOBILIADO RICO EM ARMÁRIOS,2.0,1.0,1.0,57.0,Ipiranga,235000.0
142829.0,Apartamento de 68m² com 02 quartos à venda   Jardim Castelo Branco,2.0,2.0,1.0,68.0,Jardim Castelo Branco,280000.0
204638.0,Apartamento de 60m² com 02 quartos para locação e venda   Planalto verde,2.0,1.0,1.0,60.0,Planalto Verde,180000.0
136913.0,APARTAMENTO PADRÃO   ÚNICO RESIDENCIAL,2.0,1.0,1.0,65.0,Jardim Novo Mundo,301972.99
178268.0,Apartamento de 61m² com 02 suítes à venda   Nova Aliança,2.0,3.0,1.0,61.0,Nova Alianca,520793.5
101267.0,APARTAMENTO NO RESIDENCIAL FLÓRIDA,2.0,2.0,1.0,73.0,Residencial Florida,290000.0
208544.0,Apartamento   Padrão,1.0,1.0,1.0,49.0,Condominio Itamaraty,240000.0
121631.0,Apartamento 46m² com 02 quartos   Residencial Greenville,2.0,1.0,1.0,46.0,Residencial Greenville,180000.0
225161.0,Apartamento de 43m² com 02 quartos à venda   Jardim Florestan Fernandes,2.0,1.0,1.0,43.0,Jardim Diva Tarla de Carvalho,155000.0
111077.0,Apartamento   Padrão,2.0,1.0,1.0,61.0,Ribeirania,175000.0
149936.0,Apartamento de 62m² com 02 suítes á venda   Jardim Califórnia,2.0,2.0,2.0,62.0,Jardim California,480000.0
156764.0,Apartamento de 43m² com 02 quartos para venda   Jardim Interlagos,2.0,1.0,1.0,43.0,Jardim Interlagos,170000.0
81269.0,Apartamento de 60m² com 02 quartos   Jardim Greenville,2.0,2.0,1.0,60.0,Residencial Greenville,300000.0
242777.0,Apartamento de 40m² com 02 quartos à venda   Jardim Itaú,2.0,1.0,1.0,40.0,Jardim Itau,240000.0
41363.0,Apartamento de 238m² com 04 quartos à venda   Jardim Irajá,4.0,5.0,4.0,238.0,Jardim Iraja,1500000.0
240932.0,Apartamento de 65m² com 03 quartos à venda   Jardim Sumarezinho,3.0,2.0,1.0,65.0,Sumarezinho,520000.0
78125.0,Apartamento de 90 m² com 03 quartos   Centro,3.0,2.0,1.0,90.0,Centro,340000.0
137207.0,Apartamento de 59m² com 02 quartos á venda   Jardim Zara,2.0,2.0,1.0,59.0,Jardim Zara,350000.0
144494.0,APARTAMENTO PRÓXIMO À RODOVIA LUÍS PIZETA,2.0,1.0,1.0,49.0,Jardim Santa Cecilia,175000.0
218303.0,Apartamento de 40m² com 02 quartos para venda e locação   Jardim Castelo Branco,2.0,1.0,1.0,40.0,Jardim Castelo Branco,215000.0
209495.0,Apartamento de 45m² com 01 quarto para locação   Nova Aliança,1.0,1.0,1.0,45.0,Nova Alianca,251000.0
238283.0,Apartamento de 195m² com 04 quartos à venda   Residencial Alto do Ipê,4.0,3.0,4.0,195.0,Residencial Alto do Ipe,1800000.0
108626.0,Apartamento de 92m² com 03 quartos   Centro,3.0,3.0,1.0,92.0,Jardim Sumare,300000.0
115643.0,KIT PRÓXIMO À USP,1.0,1.0,1.0,34.0,Vila Tiberio,165000.0
183416.0,APARTAMENTO PRÓXIMO À RODOVIA ANHANGUERA,2.0,1.0,1.0,43.0,Jardim Interlagos,175000.0
135848.0,APARTAMENTO NO CENTRO,4.0,3.0,2.0,125.0,Centro,650000.0
173708.0,Apartamento de 63m² com 03 quartos à venda   Jardim Palma Travassos,3.0,1.0,1.0,63.0,Jardim Palma Travassos,155000.0
187511.0,Apartamento de 106m² com 03 quartos   Bosque da Juritis,3.0,3.0,2.0,106.0,Bosque das Juritis,735000.0
109523.0,Apartamento de 107m² com 02 quartos no Centro   Ribeirão Preto,2.0,2.0,1.0,107.0,Centro,370000.0
57497.0,Apartamento   Padrão,3.0,1.0,2.0,83.0,Nova Alianca,370000.0
197372.0,EXCELENTE APARTAMENTO PARA LOCAÇÃO NO CENTRO DE RIBEIRÃO PRETO,2.0,2.0,1.0,75.0,Alto da Boa Vista,340000.0
154001.0,Apartamento de 69m² com 03 quartos à venda   Jardim Paulista,3.0,2.0,1.0,69.0,Jardim Paulista,240000.0
242306.0,Apartamento mobiliado de 196m² com 03 quartos para locação e venda   Santa Cruz José Jacques,4.0,5.0,3.0,196.0,City Ribeirao,1180000.0
244460.0,Apartamento de 298m² com 04 suítes para locação e venda   Jardim Olhos D`Água,4.0,6.0,4.0,298.0,Jardim Olhos DAgua,2490000.0
170786.0,Apartamento   Padrão,2.0,1.0,1.0,46.0,Vila Virginia,220000.0
208760.0,Apartamento de 105m² com 03 quartos à venda   Jardim Botânico,3.0,3.0,1.0,105.0,Jardim Botanico,460000.0
85946.0,Apartamento de 58m² com 02 quartos à venda  ,2.0,2.0,1.0,58.0,Jardim Botanico,385000.0
242087.0,Apartamento de 185m² com 03 suítes à venda   Vila do Golfe,3.0,5.0,3.0,185.0,Vila do Golf,1800015.81
130523.0,Apartamento a Venda no Jardim Jandaia Ribeirão Preto,2.0,2.0,1.0,47.0,Jardim Jandaia,165000.0
206360.0,Apartamento de 41m² com 02 quartos para locação e venda   Reserva Real,2.0,1.0,1.0,41.0,Reserva Real,180000.0
208853.0,Apartamento mobiliado de 90m² com 03 quartos à venda   Nova Aliança,3.0,3.0,2.0,90.0,Nova Alianca,960000.0
159476.0,Apartamento de 46m² com 02 quartos para locação   Jardim Sumaré,2.0,1.0,1.0,46.0,Vila Tiberio,160000.0
123419.0,Apartamento de 101m² com 03 suítes para venda   Nova Aliança,3.0,3.0,2.0,101.0,Nova Alianca,750000.0
115295.0,EXCELENTE APARTAMENTO NO CENTRO,3.0,3.0,1.0,30.0,Centro,360000.0
137561.0,Apartamento 43m² com 02 quartos para Locação   Residencial Parque dos Servidores,2.0,1.0,1.0,43.0,Residencial Parque dos Servidores,205000.0
180176.0,Apartamento de 02 quartos   Jardim Botânico,2.0,2.0,1.0,62.0,Jardim Botanico,370000.0
202988.0,APARTAMENTO NO BAIRRO PARQUE SÃO SEBASTIÃO,2.0,1.0,1.0,47.0,Parque Sao Sebastiao,163000.0
179177.0,Apartamento de 48m² com 02 quartos à venda   Ipiranga,2.0,1.0,1.0,48.0,Ipiranga,135000.0
186278.0,Apartamento de 68m² com 02 quartos sendo 01 suíte para locação e venda   Santa Cruz do José Jacques,2.0,1.0,1.0,68.0,Santa Cruz do Jose Jacques,375000.0
242894.0,Apartamento de 71m² com 02 quartos sendo 01 suíte para locação e venda   Bonfim Paulista,2.0,2.0,1.0,71.0,Bonfim Paulista,450000.0
92888.0,Apartamento   Padrão,1.0,1.0,1.0,43.0,Jardim Iraja,180000.0
95795.0,Apartamento   Padrão,3.0,2.0,2.0,104.0,Parque Industrial Lagoinha,450000.0
187940.0,APARTAMENTO PRÓXIMO AO SENAC,3.0,1.0,1.0,80.0,Campos Eliseos,200000.0
183914.0,Apartamento térreo de 55m² com 02 quartos à venda   Vila Virginia,2.0,1.0,1.0,55.0,Vila Virginia,191000.0
160187.0,Apartamento de 41m² com 02 quartos à venda   Residencial Jequitibá,2.0,1.0,1.0,41.0,Residencial Jequitiba,197000.0
207485.0,Apartamento com Suíte de 57m² à Venda   Ipiranga,2.0,2.0,1.0,57.0,Ipiranga,313000.0
123056.0,APARTAMENTO DE 82 M COM VAGA COBERTA NO ALTO DO IPIRANGA E PRÓXIMO A AV. DOM PEDRO,3.0,2.0,1.0,82.0,Ipiranga,230000.0
65747.0,Apartamento de 66m² com 03 quartos à venda   Parque Industrial Lagoinha,3.0,1.0,1.0,66.0,Parque Industrial Lagoinha,220000.0
89549.0,Apartamento de 77m² com 02 quartos à venda   Jardim Antártica,2.0,2.0,1.0,77.0,Jardim Antartica,296800.0
202631.0,APARTAMENTO NO JARDIM ZARA,2.0,1.0,1.0,42.0,Jardim Zara,212000.0
236996.0,Apartamento de 42m² com 02 quartos à venda   Ipiranga,2.0,1.0,1.0,42.0,Ipiranga,96000.0
239063.0,Apartamento de 40m² com 02 quartos à venda   Jardim Cybelli,2.0,1.0,1.0,40.0,Jardim Cybelli,210000.0
241220.0,Apartamento de 49m² com 02 quartos sendo 01 suite à venda   Residencial Greenville,2.0,2.0,1.0,49.0,Residencial Greenville,285000.0
163043.0,Apartamento de 01 quarto para locação   Centro,1.0,1.0,1.0,55.0,Centro,287000.0
220922.0,Apartamento de 46m² com 02 quartos à venda   Ipiranga,2.0,1.0,1.0,46.0,Ipiranga,180000.0
90131.0,APARTAMENTO NO JARDIM NOVA ALIANÇA,1.0,1.0,1.0,37.0,Nova Alianca,210000.0
239408.0,Apartamento de 95m² com 03 quartos à venda   Campos Elíseos,3.0,2.0,2.0,95.0,Campos Eliseos,594000.0
242576.0,Apartamento de 43m² com 02 quartos à venda   Jardim Heitor Rigon,2.0,1.0,1.0,43.0,Jardim Heitor Rigon,130000.0
96080.0,APARTAMENTO PRÓXIMO À RUA JOÃO BIM,2.0,2.0,1.0,62.0,Vila Tamandare,230000.0
159350.0,Apartamento de 90m² com 01 quarto à venda   Centro,1.0,2.0,1.0,90.0,Centro,430000.0
128114.0,Apartamento de 109 m² com 03 quartos   Jardim Paulistano,3.0,3.0,2.0,109.0,Jardim Paulistano,583000.0
237506.0,Apartamento de 72m² com 02 quartos sendo 01 suíte para locação   Santa Cruz do José Jacques,2.0,2.0,1.0,72.0,Santa Cruz do Jose Jacques,390000.0
138116.0,Apartamento de 42m² 01 quarto à venda   Jardim Manoel Penna,1.0,1.0,1.0,42.0,Jardim Manoel Penna,191000.0
141215.0,Apartamento de 85m² com 03 quartos sendo 01 suíte para locação   Bonfim Paulista,3.0,2.0,2.0,85.0,Bonfim Paulista,650000.0
211457.0,Apartamento de 76m² com 02 suítes   Jardim Botânico,2.0,3.0,2.0,76.0,Jardim Botanico,540000.0
221624.0,Apartamento de 48m² com 02 quartos à venda   Jardim Heitor Rigon,2.0,1.0,1.0,48.0,Jardim Heitor Rigon,170000.0
112544.0,Apartamento de 81m² com 03 quartos á venda   Sumarezinho,3.0,2.0,1.0,81.0,Sumarezinho,450000.0
113705.0,Apartamento   Padrão,2.0,1.0,1.0,48.0,Reserva Real,156928.0
239003.0,Apartamento de 90m² com 03 quartos à venda   Jardim Olhos d´agua,3.0,2.0,2.0,90.0,Jardim Olhos DAgua,765651.19
226400.0,Apartamento de 44m² com 02 quartos à venda   Residencial Greenville,2.0,1.0,1.0,44.0,Residencial Greenville,195000.0
217394.0,Apartamento de 42m² com 02 quartos à venda   Jardim José Wilson Toni,2.0,1.0,1.0,42.0,Jardim Jose Wilson Toni,195000.0
127439.0,Apartamento de 42m² com 02 quartos para venda   Planalto Verde,2.0,1.0,1.0,42.0,Planalto Verde,210000.0
200960.0,EXCELENTE APARTAMENTO PARA VENDA NO BAIRRO JARDIM IRAJÁ,1.0,2.0,1.0,37.0,Jardim Iraja,250000.0
179024.0,Apartamento de 183m² com 03 suítes à venda   Jardim Botânico,3.0,5.0,3.0,183.0,Jardim Botanico,1750000.0
175973.0,APARTAMENTO NO RESIDENCIAL DAS AMÉRICAS,2.0,1.0,1.0,44.0,Residencial das Americas,138000.0
178004.0,Apartamento de 79m² com 02 quartos sendo 01 suíte para locação e venda   Nova Aliança,2.0,2.0,1.0,79.0,Nova Alianca,490000.0
179651.0,Apartamento de 56m² com 02 quartos à venda   Chácaras Pedro Corrêa de Carvalho,2.0,2.0,1.0,56.0,Chacaras Pedro Correa de Carvalho,276000.0
120215.0,APARTAMENTO PRÓXIMO À AVENIDA MEIRA JÚNIOR,2.0,2.0,1.0,83.0,Jardim Paulistano,300000.0
179801.0,APARTAMENTO NO QUINTINO FACCI II,2.0,2.0,1.0,56.0,Chacaras Pedro Correa de Carvalho,230000.0
86405.0,APARTAMENTO PRÓXIMO À AVENIDA INDEPENDÊNCIA,3.0,3.0,2.0,103.0,Vila Seixas,530000.0
118571.0,APARTAMENTO PRÓXIMO A RODOVIA ANHANGUERA,2.0,2.0,1.0,56.0,Residencial e Comercial Palmares,260000.0
234704.0,Apartamento de 218m² com 04 quartos para venda e locação   Bosque das Juritis,4.0,5.0,3.0,218.0,Bosque das Juritis,1910000.0
202025.0,APARTAMENTO NA VILA TIBERIO,3.0,2.0,2.0,80.0,Vila Tiberio,390000.0
122543.0,Apartamento de 45m² com 02 quartos para locação e venda   Jardim Manoel Penna,2.0,1.0,1.0,45.0,Jardim Manoel Penna,254400.0
184475.0,****OTIMO APARTAMENTO****,1.0,1.0,1.0,40.0,Parque dos Bandeirantes,185000.0
167666.0,APARTAMENTO DIFERENCIADO NO GERALDO DE CARVALHO,2.0,1.0,1.0,48.0,Geraldo Correia de Carvalho,186000.0
122540.0,Apartamento de 42m² 02 quartos à venda   Parque dos Servidores,2.0,1.0,1.0,42.0,Residencial Parque dos Servidores,212000.0
232850.0,Apartamento 118m² com 03 suítes à venda   Jardim Olhos D`Água,3.0,4.0,2.0,118.0,Jardim Olhos DAgua,1250000.0
60569.0,APARTAMENTO NO CENTRO,3.0,2.0,1.0,104.0,Centro,349000.0
245333.0,Apartamento de 85m² com 02 suítes para venda   Nova Aliança,2.0,3.0,2.0,85.0,Nova Alianca,750179.0
91484.0,APARTAMENTO PRÓXIMO À AVENIDA INDEPENDÊNCIA,1.0,1.0,1.0,42.0,Centro,212000.0
144548.0,Apartamento de 131m² com 03 suítes para locação _ Jardim Nova Aliança,3.0,5.0,2.0,131.0,Nova Alianca,1060000.0
141749.0,APARTAMENTO PRÓXIMO À AVENIDA BRAZ OLAIA ACOSTA,1.0,1.0,1.0,39.0,Vila Ana Maria,212000.0
164081.0,APARTAMENTO PRÓXIMO À AVENIDA BARÃO DO BANANAL,2.0,1.0,1.0,53.0,Jardim Zara,350000.0
243692.0,Apartamento de 173m² com 03 quartos à venda   Centro,3.0,3.0,2.0,173.0,Centro,615000.0
220088.0,Apartamento de 40m² com 02 quartos à venda   Recreio das Acácias,2.0,1.0,1.0,40.0,Recreio das Acacias,290000.0
139337.0,APARTAMENTO NO RESERVA REAL,2.0,1.0,1.0,41.0,Reserva Real,152000.0
236510.0,Apartamento de 60m² com 02 quartos à venda   Sumarezinho,2.0,2.0,1.0,60.0,Sumarezinho,340000.0
178874.0,Apartamento de 151m² com 03 suítes à venda   Jardim Olhos D`Água II,3.0,5.0,2.0,151.0,Jardim Olhos DAgua,1269740.0
210815.0,Apartamento de 160m² com 03 quartos à venda   Centro,3.0,3.0,1.0,160.0,Centro,385000.0
99866.0,Apartamento duplex de 49m² com 01 quarto à venda   Centro,1.0,1.0,1.0,49.0,Centro,170000.0
208799.0,Apartamento de 45m² com 02 quartos à venda   Vila Abranches,2.0,1.0,1.0,45.0,Vila Abranches,120000.0
117233.0,Apartamento de 140m² com 03 quartos para locação   Centro,4.0,3.0,2.0,140.0,Centro,330000.0
224480.0,Apartamento de 126m² com 03 suítes à venda   Jardim Olhos D`Água,3.0,4.0,2.0,126.0,Jardim Olhos DAgua,1012490.0
135815.0,Apartamento de 75m² com 03 quartos sendo 01 suíte à venda   Jardim Itaporã,3.0,2.0,1.0,75.0,Jardim Itapora,524000.0
99863.0,Apartamento duplex de 41m² com 01 quarto para venda e locação   Centro,1.0,1.0,1.0,41.0,Centro,170000.0
182639.0,APARTAMENTO PRÓXIMO À AVENIDA VIRGILIO SOEIRA,2.0,1.0,1.0,42.0,Planalto Verde,200000.0
206984.0,Apartamento de 42m² com 02 quartos   Jardim Santa Cecília,2.0,1.0,1.0,42.0,Jardim Santa Cecilia,190000.0
85685.0,Apartamento de 50m² com 01 quarto à venda   Jardim Paulista,1.0,1.0,1.0,50.0,Jardim Paulista,230000.0
90542.0,Apartamento de 90m² com 03 quartos sendo 01 suíte para venda   Centro,3.0,3.0,1.0,90.0,Centro,372000.0
230303.0,Apartamento de 46m² com 02 quartos á venda   Jardim Manoel Penna,2.0,1.0,2.0,46.0,Jardim Manoel Penna,275000.0
233357.0,Apartamento de 75m² com 03 quartos á venda   Presidente Médici,3.0,1.0,1.0,75.0,Presidente Medici,360000.0
131573.0,APARTAMENTO NO PALMARES,2.0,1.0,1.0,54.0,Residencial e Comercial Palmares,250000.0
171062.0,APARTAMENTO MOBILIADO NO JARDIM IRAJÁ,1.0,1.0,1.0,33.0,Jardim Iraja,230000.0
163343.0,APARTAMENTO PRÓXIMO AO ATACADÃO,2.0,1.0,1.0,42.0,Valentina Figueiredo,165000.0
234968.0,Apartamento terréo de 85m² com 03 quartos à venda   Presidente Médici,3.0,2.0,1.0,85.0,Presidente Medici,330000.0
170279.0,APARTAMENTO NO JARDIM ZARA,2.0,2.0,1.0,67.0,Jardim Zara,233200.0
109799.0,Apartamento   Padrão,3.0,3.0,2.0,156.0,Centro,480000.0
195038.0,Apartamento de 75m² 02 quartos para locação   Parque Remanso do Bosque,2.0,1.0,1.0,75.0,Conjunto Habitacional Silvio Passalacqua,160000.0
178280.0,Apartamento de 75m² com 03 quartos à venda   Nova Aliança,3.0,3.0,1.0,75.0,Nova Alianca,788375.15
181850.0,"Apartamento de 56² terreo, com 2 quartos á venda   Parque São Sebastião",2.0,2.0,1.0,56.0,Parque Sao Sebastiao,430000.0
152639.0,Apartamento de 42m² com 02 quartos à venda   Jardim Javari,2.0,1.0,1.0,42.0,Jardim Javari,85000.0
180386.0,Apartamento de 57m² com 02 quartos sendo 01 suíte para venda   Residencial Greenville,2.0,2.0,1.0,57.0,Residencial Greenville,250000.0
197198.0,Apartamento de 02 quartos para locação   Recreio das Acácias,2.0,1.0,1.0,40.0,Recreio das Acacias,220000.0
137921.0,APARTAMENTO NO LAGOINHA,2.0,2.0,1.0,81.0,Parque Industrial Lagoinha,318000.0
95147.0,Apartamento de 54m² de 02 quartos para locação   Bairro Vila Monte Alegre,2.0,2.0,1.0,54.0,Vila Monte Alegre,478000.0
209009.0,Apartamento mobiliado de 51m² com 01 quarto para locação e venda   Alto da Boa Vista,1.0,1.0,1.0,51.0,Alto da Boa Vista,636000.0
190340.0,APARTAMENTO NO JARDIM PAULISTANO,2.0,1.0,1.0,48.0,Jardim Paulistano,330000.0
213329.0,Apartamento de 131m² com 04 quartos à venda   Presidente Médici,4.0,3.0,4.0,131.0,Presidente Medici,630000.0
199505.0,Apartamento de 46m² com 02 quartos à venda   Ribeirânia,2.0,1.0,1.0,46.0,Ribeirania,215000.0
245024.0,Apartamento com 78m² com 03 quartos à venda   Parque dos Lagos,3.0,2.0,1.0,78.0,Parque dos Lagos,320000.0
223322.0,Apartamento de 165m² com 03 quartos sendo 01 suíte para locação e venda   Centro,3.0,4.0,1.0,165.0,Centro,500000.0
187451.0,Apartamento de 59m² com 02 quartos para locação e venda   Ribeirânia,2.0,2.0,1.0,59.0,Ribeirania,450000.0
80393.0,Apartamento de 54m² com 02 quartos para venda   Vila Amélia,2.0,1.0,1.0,54.0,Vila Amelia,370000.0
148430.0,Apartamento de 86m² com 03 quartos sendo 01 suíte à venda   Quinta da Primavera,3.0,3.0,2.0,86.0,Quinta da Primavera,740000.0
169865.0,APARTAMENTO NO PARQUE SÃO SEBASTIÃO,2.0,1.0,1.0,45.0,Parque Sao Sebastiao,130000.0
221252.0,Apartamento de 42m² com 02 quartos à venda   Jardim José Sampaio Júnior,2.0,1.0,1.0,42.0,Jardim Jose Sampaio Junior,150000.0
230432.0,Apartamento   Padrão,3.0,4.0,3.0,132.0,Jardim Botanico,1400000.0
82595.0,APARTAMENTO NA VILA VIRGINIA,2.0,1.0,1.0,50.0,Vila Virginia,180000.0
90662.0,Apartamento de 63m² com 02 qaurtos sendo 1 suíte à venda   Nova Aliança,2.0,2.0,1.0,63.0,Nova Alianca,370000.0
202430.0,APARTAMENTO NO CENTRO,2.0,1.0,1.0,85.0,Centro,360000.0
170939.0,Lindo Apartamento a 7min do Shopping Santa Úrsula,2.0,1.0,1.0,73.0,Vila Virginia,392182.96
66830.0,APARTAMENTO NA VILA AMÉLIA,2.0,2.0,1.0,46.0,Vila Amelia,190000.0
231398.0,Apartamento de 63m² com 02 quartos sendo 01 suíte à venda   Residencial Flórida,2.0,2.0,1.0,63.0,Residencial Florida,270000.0
221432.0,Apartamento de 47m² com 02 quartos à venda   Residencial Jequitibá,2.0,1.0,1.0,47.0,Residencial Jequitiba,185000.0
217973.0,Apartamento de 109m² com 02 suítes para locação e venda   Plazas de España,2.0,4.0,2.0,109.0,Plazas de Espana,1250000.0
132263.0,Apartamento de 232m² com 04 quartos à venda   Centro,4.0,5.0,2.0,232.0,Centro,850000.0
242891.0,Apartamento de 87m² com 03 quartos à venda   Jardim Paulistano,3.0,2.0,2.0,87.0,Jardim Paulistano,340000.0
178895.0,Apartamento de 53m² com 02 quartos no Paulistano,3.0,1.0,1.0,53.0,Jardim Paulistano,190000.0
174455.0,APARTAMENTO NO PARQUE DOS BANDEIRANTES,2.0,2.0,1.0,78.0,Parque dos Bandeirantes,265000.0
243539.0,Apartamento mobiliado de 31m² com 01 quarto à venda   Ribeirânia,1.0,1.0,1.0,31.0,Ribeirania,287000.0
122114.0,Apartamento   Padrão,2.0,1.0,1.0,46.0,Jardim Paulistano,160000.0
229340.0,Apartamento de 47m² com 02 quartos à venda   Alto do Ipiranga,2.0,1.0,1.0,47.0,Alto do Ipiranga,240000.0
96110.0,Apartamento de 109m² com 03 quartos à venda   Centro,3.0,2.0,1.0,109.0,Centro,320000.0
231083.0,Apartamento de 42m² com 02 quartos à venda   Jardim Heitor Rigon,2.0,2.0,1.0,42.0,Jardim Heitor Rigon,135000.0
220889.0,Apartamento de 65m² com 03 quartos sendo 01 suíte para locação   Sumarezinho,3.0,2.0,1.0,65.0,Sumarezinho,390000.0
237983.0,Apartamento de 140m² com 02 quartos sendo 01 suíte para locação   Nova Aliança,2.0,2.0,1.0,140.0,Nova Alianca,410000.0
214577.0,Apartamento de 90m² com 03 quartos à venda   Jardim Olhos D`Água II,3.0,2.0,2.0,90.0,Jardim Olhos DAgua,763000.0
89396.0,APARTAMENTO NA CARAMURU,2.0,1.0,1.0,48.0,Alto da Boa Vista,220000.0
171905.0,APARTAMENTO NA VILA SEIXAS,1.0,1.0,1.0,34.0,Vila Seixas,160000.0
183755.0,Apartamento de 50m² com 02 quartos à venda   Jardim Bom Pastor,2.0,1.0,1.0,50.0,Jardim Bom Pastor,240000.0
161405.0,Apartamento térreo de 67m² com 02 quartos para locação e venda   Jardim Botânico,2.0,2.0,2.0,67.0,Jardim Botanico,426000.0
230990.0,Apartamento de 127m² com 03 quartos à venda   Campos Elisios,3.0,3.0,3.0,127.0,Campos Eliseos,440000.0
172844.0,Apartamento de 114m² com 03 suítes à venda   Vila Ana Maria,3.0,4.0,2.0,114.0,Nova Alianca,975106.24
238505.0,Apartamento de 49m² com 01 quarto e varanda gourmet à venda   Nova Aliança,1.0,1.0,1.0,49.0,Nova Alianca,360000.0
133052.0,Apartamento de 79 m² com 03 quartos à venda   Campos Elíseos,3.0,2.0,1.0,79.0,Campos Eliseos,260000.0
129248.0,Apartamento de 01 quarto para locação   Ribeirânia,1.0,1.0,1.0,46.0,Ribeirania,191000.0
192947.0,APARTAMENTO NO SUMAREZINHO,2.0,1.0,1.0,45.0,Sumarezinho,215000.0
245342.0,Apartamento de 85m² com 02 suítes para venda   Nova Aliança,2.0,3.0,2.0,85.0,Nova Alianca,750179.0
181745.0,Apartamento de 57m² com 02 quartos à venda   Caramuru,2.0,1.0,1.0,57.0,Republica,210000.0
214748.0,Apartamento de 132m² com 03 suítes à venda   Jardim Botânico,3.0,4.0,2.0,132.0,Jardim Botanico,1301000.0
150653.0,Apartamento de 134m² com 03 quartos para locação   Jardim Sumaré,3.0,3.0,1.0,134.0,Jardim Sumare,530000.0
182093.0,APARTAMENTO PRÓXIMO À UNIP,1.0,1.0,1.0,45.0,Nova Alianca,265000.0
240296.0,Apartamento de 199m² com 04 quartos à venda   Centro,4.0,3.0,1.0,199.0,Centro,350000.0
185618.0,Apartamento de 146m² com 03 quartos para locação   Centro,3.0,3.0,1.0,146.0,Centro,386000.0
243695.0,Apartamento de 43m² com 02 quartos à venda   Valentina Figueiredo,2.0,1.0,1.0,43.0,Valentina Figueiredo,160000.0
221180.0,Apartamento de 42m² com 02 quartos para locação e venda   Jardim José Wilson Toni,2.0,1.0,1.0,42.0,Jardim Jose Wilson Toni,140000.0
177653.0,APARTAMENTO DIFERENCIADO,2.0,1.0,1.0,42.0,Jardim Vilico Cantarelli,175000.0
218903.0,Apartamento de 64m² com 02 quartos para locação e venda   Quinta da Primavera,2.0,2.0,1.0,64.0,Quinta da Primavera,700000.0
234452.0,Apartamento de 134m² reformado com 03 quartos à venda   Centro,3.0,3.0,1.0,134.0,Centro,460000.0
209459.0,Apartamento de 45m² com 02 quartos   Santa Marta,2.0,1.0,1.0,45.0,Loteamento Santa Marta,220000.0
202643.0,Apartamento de 42m² com 01 quarto para locação e venda  Jardim Califórnia,1.0,1.0,1.0,42.0,Jardim California,237000.0
203540.0,Apartamento de 46m² com 02 quartos para locação e venda   Parque São Sebastião,2.0,1.0,1.0,46.0,Parque Sao Sebastiao,180000.0
121835.0,APARTAMENTO NO CENTRO,1.0,1.0,1.0,34.0,Centro,140000.0
243830.0,Apartamento de 55m² com 02 quartos para locação e venda   Iguatemi,2.0,1.0,1.0,55.0,Iguatemi,370000.0
242198.0,Apartamento de 66m² com 02 quartos à venda   Campos Elíseos,2.0,1.0,1.0,66.0,Campos Eliseos,270000.0
225446.0,Apartamento de 44m² com 01 suíte para locação   Nova Aliança,1.0,1.0,1.0,44.0,Nova Alianca,325000.0
98015.0,Apartamento de 106m² com 03 quartos para venda e locação   Jardim Botânico,3.0,4.0,3.0,106.0,Jardim Botanico,960000.0
163034.0,APARTAMENTO PRÓXIMO À AVENIDA LEÃO XIII,3.0,2.0,1.0,64.0,Jardim Palma Travassos,265000.0
150809.0,Apartamento da 48m² com 02 quartos à venda   Quintino Facci II,2.0,1.0,1.0,48.0,Quintino Facci II,100000.0
237263.0,Apartamento de 40m² com 02 quartos para locação e venda   Reserva Real,2.0,1.0,1.0,40.0,Reserva Real,140000.0
147212.0,APARTAMENTO EM ÓTIMA LOCALIZAÇÃO NO CAMPOS ELISEOS!,3.0,2.0,1.0,59.0,Campos Eliseos,210000.0
165518.0,LINDO APARTAMENTO PRÓXIMO A AV CASTELO BRANCO,2.0,2.0,2.0,47.0,Parque dos Bandeirantes,320000.0
245108.0,Apartamento de 50m² com 02 quartos para venda   Heitor Rigon,2.0,1.0,1.0,50.0,Jardim Heitor Rigon,100000.0
178970.0,Apartamento de 46m² com 02 quartos à venda   Ribeirânia,2.0,1.0,1.0,46.0,Ribeirania,230000.0
108005.0,Apartamento de 37m² com 01 quarto à venda   Nova Aliança,1.0,1.0,1.0,37.0,Nova Alianca,230000.0
70448.0,APARTAMENTO NO JARDIM BOTÂNICO,1.0,1.0,1.0,46.0,Jardim Botanico,320000.0
117773.0,Apartamento de 104m² com 03 quartos à venda   Jardim Paulista,3.0,3.0,1.0,104.0,Jardim Paulista,290000.0
128351.0,APARTAMENTO NA REPUBLICA,2.0,1.0,1.0,57.0,Republica,198000.0
214427.0,Apartamento de 58m² com 02 quartos à venda   Loteamento Santa Marta,2.0,2.0,1.0,58.0,Loteamento Santa Marta,300000.0
173258.0,APARTAMENTO NO PARQUE RIBEIRÃO,2.0,1.0,1.0,60.0,Parque Ribeirao Preto,130000.0
229511.0,Apartamento e 49m² com 02 quartos para venda   Jardim Anhanguera,2.0,1.0,1.0,49.0,Jardim Anhanguera,320000.0
82823.0,Apartamento de 68m² com 02 suítes para locação   Botânico,2.0,3.0,2.0,68.0,Jardim Botanico,375000.0
232988.0,Apartamento mobiliado de 170m² com 03 suítes para locação e venda   Vila do Golfe,3.0,4.0,3.0,170.0,Vila do Golf,1990000.0
163052.0,Apartamento para venda com 3 quartos   Jardim Irajá,3.0,2.0,1.0,104.0,Jardim Iraja,371000.0
238826.0,"Localizado próximo ao Paulistão atacadista, Lagoa Burger, Posto Ipiranga",2.0,2.0,1.0,69.0,Jardim Sumare,571000.0
74309.0,APARTAMENTO NA VILA SEIXAS,1.0,1.0,1.0,43.0,Vila Seixas,318000.0
223232.0,Apartamento de 49m² com 02 quartos à venda   Campos Elíseos,2.0,1.0,1.0,49.0,Campos Eliseos,220000.0
198275.0,Apartamento de 32m² 01 quarto para locação   Jardim Irajá,1.0,1.0,1.0,32.0,Jardim Iraja,371000.0
61970.0,APARTAMENTO NO CENTRO,3.0,2.0,1.0,85.0,Centro,360000.0
87683.0,Apartamento de 124m² com 03 quartos à venda  Jardim Botânico,3.0,4.0,2.0,124.0,Jardim Botanico,630000.0
216308.0,Apartamento de 43m² com 02 quartos para locação   Jardim Interlagos,2.0,1.0,1.0,43.0,Jardim Interlagos,198000.0
201041.0,Apartamento de 80m² com 03 quartos para locação e venda   Vila Tibério,3.0,2.0,2.0,80.0,Vila Tiberio,390000.0
114152.0,Apartamento de 131m² com 03 suítes para locação e venda   Nova Aliança,3.0,5.0,2.0,131.0,Nova Alianca,970000.0
204710.0,Apartamento 130m² com 02 quartos para locação   Campos Elíseos,2.0,2.0,1.0,130.0,Campos Eliseos,923000.0
231971.0,Apartamento de 71m² com 02 quartos à venda   Bosque das Juritis,2.0,2.0,2.0,71.0,Bosque das Juritis,520000.0
239966.0,Apartamento de 153m² com 04 suítes à venda   Jardim Olhos D`Água,4.0,6.0,3.0,153.0,Jardim Olhos DAgua,1470000.0
89372.0,Apartamento de 34m² com 01 quarto para locação   Jardim Irajá,1.0,1.0,1.0,34.0,Jardim Iraja,250000.0
76295.0,Apartamento de 42m² com 01 quarto à venda   Vila Seixas,1.0,1.0,1.0,42.0,Vila Seixas,212000.0
159044.0,Apartamento de 61m² para locação e venda   Presidente Médici,2.0,2.0,1.0,61.0,Presidente Medici,235000.0
170330.0,Apartamento de 197m² com 03 suítes à venda   Jardim Olhos D`Água II,3.0,4.0,2.0,197.0,Jardim Olhos DAgua,1661218.0
206948.0,Apartamento de 42m² com 02 quartos à venda   Ribeirão Verde,2.0,1.0,1.0,42.0,Jardim Florestan Fernandes,170000.0
165563.0,Apartamento de 90m² com 03 quartos para locação   Comercial Palmares,3.0,2.0,1.0,90.0,Residencial e Comercial Palmares,450000.0
214931.0,Apartamento de 254m² com 03 suítes à venda   Jardim Olhos D`Água,3.0,5.0,4.0,254.0,Jardim Olhos DAgua,2294824.0
195752.0,EXCELENTE APARTAMENTO NA LAGOINHA,3.0,2.0,2.0,104.0,Lagoinha,350000.0
207578.0,Apartamento de 41.85m² com 2 quartos à venda   Bairro Reserva Real,2.0,1.0,1.0,85.0,Reserva Real,145000.0
152582.0,Apartamento de 42m² com 02 quartos para locação e venda   Jardim Zara,2.0,1.0,1.0,42.0,Jardim Zara,110000.0
224999.0,Apartamento térreo de 40m² com 02 quartos à venda   Jardim Cybelli,2.0,1.0,1.0,40.0,Jardim Cybelli,185000.0
54677.0,Apartamento   Padrão,3.0,2.0,1.0,58.0,Jardim Sumare,225000.0
135785.0,Duplex de 49m² 01 quarto à venda   Centro,1.0,1.0,1.0,49.0,Centro,280000.0
245402.0,Apartamento de 85m² com 02 suítes para venda   Nova Aliança,2.0,3.0,2.0,85.0,Nova Alianca,776382.0
168956.0,APARTAMENTO MOBILIADO NO JARDIM JOSÉ SAMPAIO JUNIOR,2.0,1.0,1.0,41.0,Jardim Jose Sampaio Junior,190000.0
123983.0,APARTAMENTO NO JARDIM MARCHESI,2.0,1.0,1.0,43.0,Condominio Uirapuru,138000.0
214574.0,Apartamento de 55m² com 01 quarto à venda   Jardim Castelo Branco,1.0,1.0,1.0,55.0,Jardim Castelo Branco,106000.0
82955.0,Apartamento de 148m² com 04 quartos para locação   Santa Cruz do José Jacques,4.0,4.0,3.0,148.0,Santa Cruz do Jose Jacques,725000.0
32585.0,Apartamento de 45m² de 1 quarto para locação e venda   Centro,1.0,1.0,1.0,45.0,Centro,210000.0
198488.0,Apartamento de 57m² com 02 quartos para locação e venda   Alto da Boa Vista,2.0,2.0,1.0,57.0,Jardim das Oliveiras,388467.0
227699.0,Apartamento de 153m² com 03 suítes à venda   Jardim Olhos D`Água,3.0,5.0,3.0,153.0,Jardim Olhos DAgua,1218186.0
219053.0,Apartamento de 51m² com 02 quartos à venda   Jardim Novo Mundo,2.0,1.0,1.0,51.0,Jardim Novo Mundo,235000.0
163520.0,APARTAMENTO PRÓXIMO À USP,2.0,1.0,1.0,56.0,Vila Amelia,220000.0
221528.0,Apartamento de 140m² com 03 suítes para venda   Jardim Botânico,3.0,4.0,3.0,140.0,Jardim Botanico,1250000.0
212186.0,Apartamento de 154m² com 03 suítes à venda   Jardim Olhos D`Água II,3.0,5.0,3.0,154.0,Jardim Olhos DAgua,1200000.0
179639.0,APARTAMENTO NO QUINTINO FACCI II,2.0,2.0,1.0,56.0,Chacaras Pedro Correa de Carvalho,224400.0
209885.0,Apartamento de 55m² com 02 quartos à venda   Campos Elíseos,2.0,2.0,1.0,55.0,Campos Eliseos,283990.0
206708.0,Apartamento de 90m² com 03 quartos para locação e venda   Nova Aliança,3.0,2.0,2.0,90.0,Nova Alianca,590000.0
232697.0,Apartamento de 40m² com 02 quartos à venda   Recreio das Acácias,2.0,1.0,1.0,40.0,Recreio das Acacias,199900.0
183980.0,Apartamento de 63m² com 02 quartos à venda   Jardim São José,2.0,1.0,2.0,63.0,Jardim Sao Jose,365000.0
154064.0,Apartamento de 50m² com 02 quartos à venda   Jardim Anhangüera,2.0,1.0,1.0,50.0,Jardim Anhanguera,260000.0
222119.0,Apartamento de 152m² com 03 suítes à venda   Nova Aliança,3.0,5.0,2.0,152.0,Nova Alianca,1000000.0
200309.0,*****OTIMO APARTAMENTO*****,2.0,1.0,1.0,42.0,Jardim Zara,160000.0
226493.0,Apartamento de 82m² com 02 quartos à venda   Jardim Nova Aliança Sul,2.0,2.0,2.0,82.0,Jardim Nova Alianca Sul,520000.0
100976.0,Apartamento semi mobiliado para venda   Nova Aliança,2.0,1.0,1.0,46.0,Nova Alianca,250000.0
197648.0,ÓTIMO APARTAMENTO NO HEITOR RIGON,2.0,1.0,1.0,43.0,Jardim Heitor Rigon,130000.0
6362.0,Apartamento de 97m² com 03 quartos à venda   Centro,3.0,2.0,1.0,97.0,Centro,390000.0
96041.0,Apartamento de 34m² com 01 quarto à venda   Jardim Irajá,1.0,1.0,1.0,34.0,Jardim Iraja,265000.0
146195.0,Apartamento de 43m² de 01 suíte   Jardim Irajá,1.0,2.0,1.0,43.0,Jardim Iraja,202000.0
149018.0,Apartamento de 02 quartos para locação   Alto da Boa Vista,2.0,1.0,1.0,48.0,Alto da Boa Vista,180000.0
238862.0,Apartamento de 57m² com 02 quartos à venda   Nova Aliança,2.0,2.0,1.0,57.0,Nova Alianca,450000.0
215129.0,Apartamento de 239m² com 03 suítes para locação   Jardim Botânico,4.0,6.0,3.0,239.0,Jardim Canada,1500000.0
220325.0,Apartamento de 42m² com 02 quartos para locação e venda   Jardim José Wilson Toni,2.0,1.0,1.0,42.0,Jardim Jose Wilson Toni,150000.0
36668.0,Apartamento de 116 m² com 3 quartos   Jardim Paulista,3.0,3.0,1.0,116.0,Jardim Paulista,300000.0
133277.0,****APARTAMENTO PADRÃO****,2.0,1.0,1.0,76.0,Residencial Jequitiba,212000.0
206525.0,Apartamento de 81m² com 02 suítes para locação e venda   Nova Aliança,2.0,3.0,2.0,81.0,Nova Alianca,630000.0
60524.0,Apartamento de 71m² com 02 quartos à venda   Jardim Zara,2.0,2.0,1.0,71.0,Jardim Zara,190000.0
208640.0,Apartamento de 155m² com 03 suítes à venda   Bosque das Juritis,3.0,5.0,3.0,155.0,Bosque das Juritis,1310000.0
164663.0,APARTAMENTO NO JARDIM BOTANICO,2.0,2.0,1.0,54.0,Jardim Botanico,312000.0
154025.0,APARTAMENTO PRÓXIMO À AVENIDA INDEPENDÊNCIA,3.0,3.0,1.0,100.0,Centro,400000.0
243017.0,Apartamento de 45m² com 02 quartos à venda   Lagoinha,2.0,1.0,1.0,45.0,Ribeirania,212000.0
170318.0,Apartamento de 151m² com 03 suítes à venda   Jardim Olhos D`Água II,3.0,5.0,2.0,151.0,Jardim Olhos DAgua,1787493.0
201701.0,Apartamento de 78m² com 03 quartos sendo 01 suíte   Jardim Independência,3.0,2.0,1.0,78.0,Independencia,345000.0
238856.0,"Apartamento de 106,65m² Térreo, com 02 quartos à venda   Vila Seixas",2.0,2.0,1.0,65.0,Vila Seixas,380000.0
238106.0,Apartamento de 114m² com 03 quartos à venda   Centro,3.0,2.0,1.0,114.0,Centro,439000.0
137936.0,Apartamento de 107m com 3 quartos   Iguatemi,3.0,3.0,2.0,107.0,Iguatemi,320000.0
238904.0,Apartamento de 41m² com 02 quartos para locação   Residencial Jequitibá,2.0,1.0,1.0,41.0,Residencial Jequitiba,180000.0
222764.0,Apartamento de 48m² com 02 quartos à venda   Jardim Heitor Rigon,2.0,1.0,1.0,48.0,Jardim Heitor Rigon,130000.0
206672.0,Apartamento de 132m² com 03 suítes à venda   Residencial Alto do Ipê,3.0,4.0,2.0,132.0,Residencial Alto do Ipe,950000.0
117428.0,Apartamento de 112m² com 03 quartos à venda   Nova Aliança,3.0,3.0,2.0,112.0,Nova Alianca,690000.0
124403.0,Apartamento de 73m² com 02 suítes à venda   Bosque das Juritis,2.0,3.0,1.0,73.0,Bosque das Juritis,780000.0
220997.0,Apartamento de 199m² com 04 quartos sendo 01 suíte para locação   Centro,4.0,3.0,1.0,199.0,Centro,380000.0
128366.0,Apartamento   Padrão,4.0,6.0,2.0,310.0,Jardim Botanico,2797600.0
132344.0,APARTAMENTO PARA INVESTIMENTO RENTÁVEL,2.0,1.0,1.0,46.0,Parque Sao Sebastiao,200000.0
101057.0,Apartamento   Padrão,3.0,2.0,1.0,110.0,Residencial e Comercial Palmares,350000.0
231908.0,Apartamento de 55m² com 02 quartos para venda e locação   City Ribeirão,2.0,1.0,2.0,55.0,Santa Cruz do Jose Jacques,530000.0
233648.0,Apartamento de 41m² com 01 quarto para venda   Vila Seixas,1.0,1.0,1.0,41.0,Vila Seixas,225000.0
195224.0,BELISSIMO APARTAMENTO NA ZONA SUL,2.0,2.0,1.0,53.0,Reserva Sul Condominio,290000.0
48956.0,APARTAMENTO NO CAMPOS ELÍSEOS,3.0,3.0,1.0,97.0,Campos Eliseos,430000.0
169250.0,APARTAMENTO NO RESERVA REAL,2.0,2.0,1.0,44.0,Reserva Real,267990.0
220979.0,Apartamento de 67m² com 02 quartos sendo 01 suíte à venda   Jardim Antártica,2.0,2.0,1.0,67.0,Jardim Antartica,350000.0
100088.0,Kitnet de 34m² com 01 quarto   Centro,1.0,1.0,1.0,34.0,Centro,140000.0
179564.0,Apartamento duplex de 184m² com 03 quartos   Centro,3.0,3.0,1.0,184.0,Centro,720800.0
235019.0,Lançamento: Alto da Mata Residencial   Apartamento de 58m² com 02 quartos com suíte à venda   Vivendas da Mata,2.0,1.0,1.0,58.0,Real Sul,320000.0
59075.0,"Apartamento com 2 quartos com 53m² com 3 quartos à venda, Jardim Anhanguera",2.0,1.0,1.0,53.0,Jardim Anhanguera,168500.0
199121.0,APARTAMENTO NOVO PARA LOCAÇÃO E VENDA,2.0,1.0,1.0,42.0,Quintino Facci II,130000.0
165440.0,Apartamento de 90m² com 03 quartos para locação e venda   Residencial e Comercial Palmares,3.0,2.0,1.0,90.0,Residencial e Comercial Palmares,371000.0
137810.0,Apartamento de 46m² com 02 quartos para venda e locação   Condomínio Mirante Sul,2.0,1.0,1.0,46.0,Condominio Mirante Sul,244000.0
134024.0,Apartamento de 81m² com 03 quartos para venda   Sumarezinho,3.0,2.0,1.0,81.0,Sumarezinho,320000.0
188558.0,Apartamento de 80m² com 02 quartos para venda   Centro,2.0,3.0,2.0,80.0,Centro,470000.0
182063.0,APARTAMENTO PRÓXIMO À AVENIDA DOUTOR FRANCISCO JUNQUEIRA,1.0,1.0,1.0,42.0,Vila Seixas,192000.0
49490.0,Apartamento de 107m² com 03 quartos à venda   Vila Seixas,3.0,3.0,1.0,107.0,Centro,270000.0
236108.0,Apartamento de 123m² com 03 quartos à venda   Jardim Paulista,3.0,3.0,2.0,123.0,Jardim Paulista,775000.0
239555.0,Apartamento de 69m² com 02 quartos para venda   Ipiranga,2.0,1.0,1.0,69.0,Ipiranga,200000.0
183449.0,APARTAMENTO PRÓXIMO À AVENIDA JOÃO BATISTA DUARTE,2.0,1.0,1.0,43.0,Valentina Figueiredo,150000.0
183446.0,APARTAMENTO PRÓXIMO À AVENIDA JOÃO BATISTA DUARTE,2.0,1.0,1.0,43.0,Valentina Figueiredo,150000.0
194849.0,Apartamento de 85m² com 03 quartos para locação e venda   Jardim Irajá,3.0,2.0,1.0,85.0,Jardim Botanico,465000.0
180188.0,Apartamento de 43m² com 02 quartos para locação e venda   Reserva Macaúba,2.0,1.0,1.0,43.0,Reserva Macauba,200000.0
165659.0,APARTAMENTO TÉRREO NO SUMAREZINHO,2.0,1.0,1.0,67.0,Sumarezinho,210000.0
163541.0,Apartamento com 75m² com 2 quartos à venda   Centro,2.0,2.0,1.0,75.0,Alto da Boa Vista,290000.0
242405.0,Apartamento de 66m² com 02 quartos à venda   Campos Elíseos,2.0,1.0,1.0,66.0,Campos Eliseos,225000.0
203585.0,APARTAMENTO NO BAIRRO RECANTO DAS PALMEIRAS,2.0,1.0,1.0,42.0,Recanto das Palmeiras,160000.0
101090.0,Apartamento   Padrão,2.0,2.0,1.0,90.0,Residencial e Comercial Palmares,350000.0
109001.0,Apartamento   Padrão,2.0,3.0,2.0,81.0,Vila Ana Maria,697000.0
215858.0,Apartamento de 44m² com 01 quarto à venda   Nova Aliança,1.0,1.0,1.0,44.0,Nova Alianca,380000.0
113675.0,Imóvel próximo ao parque Raya,2.0,2.0,1.0,68.0,Jardim Botanico,360000.0
123755.0,APARTAMENTO PRÓXIMO À AVENIDA NOVE DE JULHO,3.0,3.0,2.0,146.0,Centro,371000.0
128120.0,Apartamento de 02 quartos para locação   Campos Elíseos,2.0,1.0,1.0,42.0,Campos Eliseos,160000.0
201071.0,APARTAMENTO DIFERENCIADO NO CENTRO DE RIBEIRÃO,2.0,2.0,2.0,72.0,Centro,405000.0
161231.0,Apartamento de 48m² com 02 quartos à venda   Jardim Paulistano,2.0,1.0,1.0,48.0,Jardim Paulistano,300000.0
186209.0,Apartamento de 216m² com 03 quartos   Centro,3.0,4.0,1.0,216.0,Centro,650000.0
40640.0,Apartamento   Padrão,3.0,3.0,1.0,97.0,Campos Eliseos,330000.0
237803.0,Apartamento de 55m² com 02 quartos à venda   Santa Cruz do José Jacques,2.0,1.0,2.0,55.0,Santa Cruz do Jose Jacques,499000.0
189344.0,Apartamento com 2 dormitórios em ótima localização,2.0,1.0,1.0,64.0,Jardim Novo Mundo,279000.0
98642.0,APARTAMENTO NO JARDIM NOVA ALIANÇA,1.0,1.0,1.0,55.0,Nova Alianca,280000.0
91022.0,Apartamento de 48m² com 01 quarto à venda   Centro,1.0,1.0,1.0,48.0,Centro,250000.0
215681.0,Apartamento mobiliado de 64m² com 02 quartos para locação e venda   Vila Seixas,2.0,2.0,2.0,64.0,Vila Seixas,450000.0
217637.0,Apartamento de 42m² com 02 quartos para locação   Jardim Florestan Fernandes,2.0,1.0,1.0,42.0,Jardim Florestan Fernandes,170000.0
193466.0,APARTAMENTO MOBILIADO PRÓXIMO À USP,2.0,2.0,1.0,78.0,Vila Tiberio,480000.0
173339.0,Apartamento 48m² com 02 quartos à venda   Parque São Sebastião,2.0,1.0,1.0,48.0,Parque Sao Sebastiao,260000.0
97256.0,Apartamento de 1 quarto à venda  Parque Anhanguera,1.0,1.0,1.0,32.0,Parque Anhanguera,135000.0
233003.0,Apartamento de 56m² mobiliado com 01 suíte para locação e venda   Jardim Botânico,1.0,2.0,1.0,56.0,Jardim Botanico,901000.0
234047.0,Apartamento térreo de 64m² com 02 quartos á venda   Jardim Botânico,2.0,2.0,2.0,64.0,Jardim Botanico,350000.0
88103.0,Apartamento de 107m² com 03 quartos para locação e venda   Centro,3.0,2.0,1.0,107.0,Centro,360000.0
233810.0,Apartamento mobiliado de 90m² com 02 suítes para venda   Nova Aliança,2.0,3.0,1.0,90.0,Nova Alianca,680000.0
165836.0,Apartamento térreo de 42m² com 02 quartos à venda   Residencial Parque dos Servidores,2.0,1.0,1.0,42.0,Residencial Parque dos Servidores,185000.0
116909.0,Apartamento de 71m² com 02 quartos à venda   Jardim Paulistano,2.0,1.0,1.0,71.0,Jardim Paulistano,310000.0
230840.0,Apartamento 46m² com 02 quartos para locação e venda   Jardim Paulistano,2.0,1.0,1.0,46.0,Jardim Paulistano,270000.0
129998.0,Apartamento   Padrão,2.0,1.0,1.0,48.0,Condominio Mirante Sul,240000.0
199607.0,Apartamento de 64m² com 03 quartos para locação   Campos Eliseos,3.0,2.0,1.0,64.0,Campos Eliseos,270000.0
186335.0,Apartamento a Venda próximo a USP em Ribeirão Preto,3.0,2.0,1.0,118.0,Vila Monte Alegre,340000.0
167720.0,Apartamento de 138m² com 03 quartos   Vila Seixas,3.0,3.0,1.0,138.0,Vila Seixas,750000.0
242519.0,Apartamento de 42m² com 02 quartos à venda   Quintino Facci II,2.0,1.0,1.0,42.0,Quintino Facci II,160000.0
196637.0,Apartamento de 252m² com 04 quartos à venda   Centro,4.0,4.0,3.0,252.0,Centro,1060000.0
127322.0,APARTAMENTO NO JARDIM PRESIDENTE DUTRA,2.0,1.0,1.0,52.0,Jardim Presidente Dutra,240000.0
159839.0,APARTAMENTO NA CITY RIBEIRÃO,2.0,1.0,1.0,47.0,City Ribeirao,235000.0
240683.0,Apartamento de 52m² com 02 quartos à venda   Jardim Palma Travassos,2.0,1.0,1.0,52.0,Jardim Palma Travassos,150000.0
221210.0,Apartamento de 74m² com 03 quartos à venda   Campos Elíseos,3.0,1.0,1.0,74.0,Campos Eliseos,330000.0
242090.0,Apartamento de 185m² com 03 suítes à venda   Vila do Golfe,3.0,5.0,3.0,185.0,Vila do Golf,1837910.88
135302.0,LINDO APARTAMENTO,2.0,1.0,1.0,47.0,Jardim das Palmeiras,140000.0
122783.0,Apartamento   Padrão,2.0,1.0,1.0,51.0,Presidente Medici,230000.0
108878.0,APARTAMENTO NO JARDIM SÃO LUIZ,2.0,2.0,2.0,78.0,Jardim Sao Luiz,650000.0
235040.0,Apartamento de 151m² com 03 suítes para venda   Jardim Irajá,3.0,5.0,1.0,151.0,Jardim Iraja,1050000.0
147173.0,APARTAMENTO PRÓXIMO Á AVENIDA CARAMURU,2.0,1.0,1.0,62.0,Residencial Florida,240000.0
147521.0,Apartamento de 59m² com 02 quartos para venda   Independência,2.0,1.0,1.0,59.0,Independencia,135000.0
232823.0,Apartamento de 42m² com 02 quartos para venda   Jardim José Sampaio Júnior,2.0,1.0,1.0,42.0,Jardim Jose Sampaio Junior,160000.0
72299.0,APARTAMENTO DIFERENCIADO NO GERALDO CORREIA DE CARVALHO,2.0,1.0,1.0,60.0,Geraldo Correia de Carvalho,165000.0
242456.0,Apartamento de 51m² com 02 quartos à venda   Jardim Palma Travassos,2.0,1.0,1.0,51.0,Jardim Palma Travassos,179500.0
74357.0,Apartamento   Padrão,2.0,2.0,1.0,60.0,Nova Alianca,531000.0
192110.0,Apartamento de 237m² com 04 suítes,4.0,6.0,4.0,237.0,Jardim Ilhas do Sul,1800000.0
103091.0,Apartamento de 02 quartos para locação e venda   Ribeirânia,2.0,1.0,1.0,45.0,Ribeirania,215000.0
114329.0,Apartamento de 44m² com 02 quartos à venda   Vila Virgínia,2.0,1.0,1.0,44.0,Vila Virginia,175000.0
167402.0,APARTAMENTO NA VILA SEIXAS,1.0,1.0,1.0,38.0,Vila Seixas,233200.0
69875.0,Apartamento de 44m² com 01 quarto   Centro,1.0,1.0,1.0,44.0,Centro,125000.0
130106.0,FLAT NO CENTRO MOBILIADO,1.0,1.0,1.0,52.0,Jardim Sumare,170000.0
209591.0,Apartamento de 73m² com 02 quartos à venda   Lagoinha,2.0,2.0,1.0,73.0,Parque Industrial Lagoinha,350000.0
107507.0,Apartamento   Padrão,2.0,1.0,1.0,41.0,Ipiranga,175000.0
217865.0,Apartamento studio de 29m² com quintal à venda   Vila Amélia,1.0,1.0,1.0,29.0,Vila Tiberio,308987.0
103124.0,Apartamento de 02 quartos à venda   City Ribeirão.,2.0,1.0,1.0,46.0,City Ribeirao,240000.0
224507.0,Apartamento de 43m² com 02 quartos à venda   Chácaras Pedro Corrêa de Carvalho,2.0,1.0,1.0,43.0,Chacaras Pedro Correa de Carvalho,135000.0
230741.0,Apartamento térreo de 46m² com 02 quartos á venda   Campos Elíseos,2.0,1.0,1.0,46.0,Campos Eliseos,215000.0
108053.0,Apartamento de 58m² com 01 suíte à venda   Jardim Botânico,1.0,1.0,1.0,58.0,Bosque das Juritis,425000.0
225128.0,Apartamento mobiliado de 45m² com 02 quartos para venda e locação   Vila Guiomar,2.0,1.0,1.0,45.0,Vila Guiomar,279000.0
139637.0,Apartamento de 115m² com 03 quartos sendo 01 suíte á venda   Jardim Irajá,3.0,2.0,1.0,115.0,Jardim Iraja,530000.0
151469.0,APARTAMENTO TÉRREO NO IPIRANGA,2.0,1.0,1.0,50.0,Vila Recreio,210000.0
212177.0,Apartamento de 278m² com 04 suítes à venda   Ribeirânia,4.0,6.0,4.0,278.0,Ribeirania,1850000.0
154280.0,Apartamento semi mobiliado de 45m² com 02 quartos para locação e venda   Parque dos Lagos,2.0,1.0,1.0,45.0,Parque dos Lagos,190000.0
158330.0,Apartamento de 48M² 02 Quartos a venda  Jardim Heitor Rigon,2.0,1.0,1.0,48.0,Jardim Heitor Rigon,195000.0
201734.0,APARTAMENTO NO JOÃO ROSSI,2.0,1.0,1.0,42.0,Jardim Joao Rossi,130000.0
239450.0,Apartamento de 92m² com 02 quartos para venda e locação   Jardim Botânico,2.0,2.0,1.0,92.0,Jardim Botanico,459000.0
242375.0,Apartamento de 44m² com 02 quartos à venda   Recreio das Acácias,2.0,1.0,1.0,44.0,Recreio das Acacias,235000.0
227282.0,Apartamento de 49m² com 02 dormitórios à venda   Ipiranga,2.0,1.0,1.0,49.0,Ipiranga,220000.0
219509.0,Apartamento de 48m² com 02 quartos à venda   Condomínio Mirante Sul,2.0,1.0,1.0,48.0,Condominio Mirante Sul,340000.0
168434.0,"LINDO APARTAMENTO PRONTO PARA MORAR, ULTIMAS UNIDADES!",2.0,3.0,2.0,79.0,Nova Alianca,550000.0
232997.0,Apartamento de 75m² com 03 quartos para venda   Presidente Médici,3.0,2.0,1.0,75.0,Presidente Medici,330000.0
221042.0,Apartamento de 47m² com 01 suíte à venda   Nova Aliança,1.0,2.0,1.0,47.0,Nova Alianca,305000.0
101318.0,Apartamento de 63m² com 01 quarto à venda   Centro,1.0,1.0,1.0,63.0,Centro,250000.0
233651.0,Apartamento de 63m² com 02 quartos sendo 01 suíte à venda   Jardim Sumaré,2.0,2.0,1.0,63.0,Jardim Sumare,600000.0
235148.0,Apartamento de 95 m² com 3 quartos sendo 01 suíte 2 vagas à venda no Santa Cruz,3.0,3.0,2.0,95.0,Santa Cruz do Jose Jacques,650000.0
129977.0,Apartamento   Padrão,2.0,1.0,1.0,41.0,Conjunto Habitacional Silvio Passalacqua,125000.0
227522.0,Apartamento de 46m² com 01 quarto à venda   Centro,1.0,1.0,1.0,46.0,Centro,240000.0
244388.0,Apartamento térreo de 48m² com 02 quartos para locação   Parque das Oliveiras II,2.0,1.0,1.0,48.0,Parque das Oliveiras II,330000.0
232043.0,Apartamento padrão de 101m² com 03 quartos para venda   Jardim Irajá,3.0,3.0,1.0,101.0,Jardim Iraja,380000.0
234470.0,Apartamento mobiliado de 47 m² com 02 quartos para locação e venda   Condomínio Mirante Sul.,2.0,1.0,1.0,47.0,Condominio Mirante Sul,295000.0
103010.0,Apartamento de 38m² com 01 quarto para venda   Presidente Médici,1.0,1.0,1.0,38.0,Presidente Medici,235000.0
127694.0,Apartamento de 164m² com 03 quartos à venda   Centro,3.0,4.0,1.0,164.0,Centro,380000.0
224810.0,Apartamento de 60m² com 2 quartos à venda   Jardim Paulista,2.0,2.0,1.0,60.0,Jardim Paulista,330000.0
211916.0,Apartamento térreo de 76m² com 03 quartos para venda   Parque dos Bandeirantes,3.0,1.0,1.0,76.0,Parque dos Bandeirantes,220000.0
150851.0,APARTAMENTO NO CENTRO PRÓXIMO À CATEDRAL,2.0,3.0,1.0,99.0,Centro,290000.0
151574.0,Apartamento de 39m² com 02 quartos à venda   Jardim Zara,2.0,1.0,1.0,39.0,Jardim Zara,155000.0
202946.0,APARTAMENTO NO BAIRRO ADELINO SIMIONI,2.0,1.0,1.0,43.0,Adelino Simioni,175000.0
85280.0,Apartamento de 82m² com 02 quartos à venda   Jardim Paulista,2.0,2.0,2.0,82.0,Jardim Paulista,500000.0
226763.0,Apartamento de 03 quartos sendo 01 suíte de 144m² para locação e venda   Jardim Botânico,3.0,3.0,2.0,144.0,Jardim Botanico,1100000.0
160232.0,APARTAMENTO PRÓXIMO À RUA MARQUÊS DA CRUZ,3.0,2.0,1.0,108.0,Vila Monte Alegre,350000.0
242759.0,Apartamento de 137m² com 04 quartos para locação e venda   Jardim Irajá,4.0,4.0,2.0,137.0,Jardim Iraja,890000.0
117710.0,APARTAMENTO NO PARQUE DOS LAGOS,2.0,1.0,1.0,48.0,Parque dos Lagos,191000.0
186065.0,Apartamento de 67m² com 02 quartos para venda   Jardim Irajá,2.0,2.0,1.0,67.0,Jardim Iraja,580000.0
175130.0,APARTAMENTO NO IPIRANGA,2.0,1.0,1.0,40.0,Ipiranga,220000.0
173201.0,APARTAMENTO EM BONFIM PAULISTA,2.0,1.0,1.0,46.0,Reserva Sul Condominio,234000.0
214571.0,Apartamento de 55m² com 01 quarto à venda   Jardim Castelo Branco,1.0,1.0,1.0,55.0,Jardim Castelo Branco,106000.0
217379.0,Apartamento de 143m² com 03 suítes para locação e venda   Nova Aliança,3.0,4.0,2.0,143.0,Nova Alianca,1324907.0
244199.0,Apartamento de 71m² de 03 quartos sendo uma suíte   Iguatemi,3.0,2.0,1.0,71.0,Iguatemi,280000.0
155354.0,APARTAMENTO PRÓXIMO À AVENIDA EDUARDO GOMES DE SOUZA,2.0,1.0,1.0,61.0,Jardim Botanico,360400.0
183437.0,APARTAMENTO PRÓXIMO À AVENIDA JOÃO BATISTA DUARTE,2.0,1.0,1.0,43.0,Valentina Figueiredo,150000.0
101276.0,APARTAMENTO NO JARDIM FLORIDA,2.0,2.0,1.0,65.0,Residencial Florida,270000.0
213617.0,Lançamento Artse   Apartamento de 237m² com 04 suítes à venda   Jardim Ilhas do Sul,4.0,6.0,3.0,237.0,Jardim Ilhas do Sul,2256798.82
203567.0,APARTAMENTO NO BAIRRO JARDIM ANHANGUERA,3.0,2.0,1.0,90.0,Jardim Anhanguera,270000.0
223526.0,Apartamento de 111m² com 02 quartos sendo 01 suíte para venda   Jardim Olhos D`Água,2.0,2.0,2.0,111.0,Jardim Olhos DAgua,1080000.0
237209.0,Apartamento térreo de 39m² com 02 quartos à venda   Ribeirão Verde,2.0,1.0,1.0,39.0,Jardim Florestan Fernandes,160000.0
93953.0,Apartamento de 96m² com 03 quartos para venda   Jd. Paulista,3.0,2.0,2.0,96.0,Jardim Paulista,350000.0
233315.0,Apartamento de 53m² com 02 quartos para venda   Nova Aliança,2.0,1.0,1.0,53.0,Nova Alianca,359000.0
151991.0,APARTAMENTO PRÓXIMO À RODOVIA ANHANGUERA,2.0,1.0,1.0,48.0,Quintino Facci II,160000.0
141257.0,Apartamento de 42m² de 2 quartos à venda   Jardim Heitor Rigon,2.0,1.0,1.0,42.0,Jardim Heitor Rigon,160000.0
120686.0,Apartamento de 70m² com 02 quartos à venda   Jardim Novo Mundo,2.0,2.0,1.0,70.0,Jardim Novo Mundo,452000.0
158516.0,Apartamento   Padrão,2.0,1.0,1.0,41.0,Residencial Jequitiba,181000.0
97271.0,Apartamento de 01 quarto para locação   Jd. Palma Travassos,1.0,1.0,1.0,43.0,Jardim Palma Travassos,190000.0
221324.0,Apartamento de 48m² com 02 quartos à venda   Jardim Olhos D`Água,2.0,1.0,1.0,48.0,Jardim Olhos DAgua,375000.0
176879.0,Apartamento térreo de 70m² com 02 suítes à venda   Jardim Botânico,2.0,3.0,2.0,70.0,Jardim Botanico,390000.0
155078.0,Apartamento de 59m² com 03 quartos para venda   Campos Elíseos,3.0,2.0,1.0,59.0,Campos Eliseos,180000.0
135860.0,Apartamento de 212m² com 03 quartos à venda   Centro,3.0,3.0,2.0,212.0,Centro,750000.0
128459.0,KITNET NO CENTRO,1.0,1.0,1.0,32.0,Vila Seixas,160000.0
148283.0,Apartamento de 42m² com 02 quartos   Parque Industrial Lagoinha,2.0,1.0,1.0,42.0,Parque Industrial Lagoinha,250000.0
162578.0,Apartamento de 01 quarto para venda   Jardim Irajá,1.0,1.0,1.0,37.0,Jardim Iraja,195000.0
244784.0,Apartamento de 43m² com 02 quartos à venda   Adelino Simioni,2.0,1.0,1.0,43.0,Adelino Simioni,180000.0
119744.0,EXCELENTE APARTAMENTO   PARQUE DOS LAGOS,3.0,2.0,1.0,98.0,Parque dos Lagos,320000.0
121352.0,APARTAMENTO NO MONTE ALEGRE,1.0,1.0,1.0,45.0,Vila Monte Alegre,180000.0
237383.0,Apartamento de 45m² com 01 quarto para locação   Nova Aliança,1.0,1.0,1.0,45.0,Nova Alianca,205000.0
216632.0,Apartamento de 88m² com 02 quartos para locação   Jardim Botânico,2.0,2.0,2.0,88.0,Bosque das Juritis,570000.0
83804.0,Apartamento   Padrão,3.0,2.0,1.0,73.0,Parque Industrial Lagoinha,280000.0
175439.0,APARTAMENTO NO QUINTINO FACCI II,2.0,1.0,1.0,42.0,Quintino Facci II,212000.0
214847.0,Apartamento de 40m² com 02 quartos para locação   Reserva Real,2.0,1.0,1.0,40.0,Reserva Real,150000.0
206378.0,Apartamento de 125m² com 03 quartos à venda   Campos Elíseos,3.0,2.0,1.0,125.0,Campos Eliseos,370000.0
201512.0,APARTAMENTO NA VILA TIBERIO,2.0,2.0,2.0,80.0,Vila Tiberio,390000.0
217214.0,Apartamento de 109m² com 03 suítes à venda   Jardim Olhos D`Água,3.0,4.0,2.0,109.0,Plazas de Espana,1000000.0
137465.0,APARTAMENTO COM LOCALIZAÇÃO PRIVILEGIADA NO JARDIM BOTÂNICO,1.0,1.0,1.0,44.0,Jardim Botanico,210000.0
223988.0,Apartamento reformado de 41m² com 02 quartos à venda   Reserva Real,2.0,1.0,1.0,41.0,Reserva Real,155000.0
38507.0,Apartamento de 96m² com 03 quartos à venda   Jardim Paulista,3.0,2.0,1.0,96.0,Jardim Paulista,250000.0
233114.0,Apartamento de 46m² com 02 quartos para venda   Ribeirânia,2.0,1.0,1.0,46.0,Ribeirania,240000.0
177650.0,APARTAMENTO NPRÓXIMO AO CENTRO,1.0,1.0,1.0,42.0,Campos Eliseos,202000.0
43412.0,APARTAMENTO PRÓXIMO À AVENIDA TREZE DE MAIO,3.0,1.0,1.0,53.0,Jardim Paulistano,191000.0
185675.0,Apartamento de 40m² com 02 quartos à venda   Jardim Ouro Branco,2.0,1.0,1.0,40.0,Jardim Ouro Branco,202000.0
176588.0,APARTAMENTO NO CENTRO,4.0,4.0,3.0,306.0,Centro,742000.0
53777.0,Apartamento de 44m² com 01 suíte para locação e venda   Jardim Sumaré,1.0,1.0,1.0,44.0,Jardim Sumare,250000.0
112163.0,Apartamento de 47 m² com 02 quartos   Jardim Paulistano,2.0,1.0,1.0,47.0,Jardim Paulistano,130000.0
152153.0,Apartamento de 03 quartos para venda   Parque dos Bandeirantes,3.0,3.0,2.0,158.0,Parque dos Bandeirantes,1100000.0
73982.0,APARTAMENTO PRÓXIMO À AVENIDA INDEPENDÊNCIA,1.0,1.0,1.0,43.0,Vila Seixas,190000.0
117425.0,Apartamento de 43m² com 01 quarto à venda   Nova Aliança,1.0,1.0,1.0,43.0,Nova Alianca,340000.0
198563.0,APARTAMENTO PRÓXIMO À RODOVIA ANHANGUERA,2.0,1.0,1.0,53.0,Jardim Zara,245000.0
159419.0,APARTAMENTO PRÓXIMO À CATEDRAL,2.0,2.0,1.0,78.0,Centro,250000.0
196655.0,APARTAMENTO NO CAMPOS ELÍSEOS,2.0,1.0,1.0,42.0,Campos Eliseos,160000.0
55319.0,APARTAMENTO NO CENTRO,3.0,2.0,1.0,94.0,Centro,470000.0
119426.0,APARTAMENTO NO RESIDENCIAL DAS AMÉRICAS,2.0,1.0,1.0,43.0,Residencial das Americas,150000.0
207926.0,Apartamento mobiliado de 64m² com 02 quartos para venda e locação   Jardim Botânico,2.0,2.0,1.0,64.0,Alamedas do Botanico,753000.0
124217.0,Apartamento de 60m² com 02 quartos   Jardim Paulista,2.0,1.0,1.0,60.0,Jardim Paulista,290000.0
97085.0,APARTAMENTO PRÓXIMO À AVENIDA LUIGI ROSIELO,2.0,1.0,1.0,48.0,Alto do Ipiranga,180000.0
174938.0,Apartamento de 03 quartos para venda   Jd. Palma Travassos,3.0,2.0,1.0,80.0,Jardim Palma Travassos,280000.0
209075.0,Apartamento de 50m² com 01 quartos à venda  No bairro Jardim Paulistano,1.0,1.0,1.0,50.0,Jardim Paulistano,135000.0
143513.0,LINDO APARTAMENTO PRÓXIMO AO NOVO SHOPPING !!!!,2.0,1.0,1.0,48.0,Jardim Manoel Penna,200000.0
62645.0,Apartamento de 112m² com 03 quartos à venda   Bosque das Juritis,3.0,3.0,2.0,112.0,Bosque das Juritis,1000000.0
234776.0,Apartamento de 47m² com 02 quaros para locação   Reserva São José,2.0,1.0,1.0,47.0,Reserva Sao Jose,300000.0
87701.0,Apartamento   Padrão,2.0,1.0,1.0,47.0,Ipiranga,185000.0
168422.0,APARTAMENTO NO JARDIN ZARA,2.0,1.0,1.0,48.0,Jardim Zara,150000.0
205586.0,Apartamento de 64 m² com 02 quartos à venda   Vila Seixas,2.0,2.0,1.0,64.0,Vila Seixas,424000.0
210731.0,Apartamento de 100m² com 03 quartos para locação e venda   Centro,3.0,2.0,1.0,100.0,Centro,370000.0
118235.0,APARTAMENTO PRÓXIMO À AVENIDA WLADIMIR MEIRELLES FERREIRA,1.0,1.0,1.0,38.0,Jardim Iraja,202000.0
86678.0,APARTAMENTO PRÓXIMO Á AVENIDA MAURÍLIO BIAGI,3.0,2.0,2.0,85.0,Santa Cruz do Jose Jacques,480000.0
222170.0,Apartamento com 109m² com 03 suítes para locação e venda   Plazas de España,3.0,4.0,2.0,109.0,Plazas de Espana,950000.0
179681.0,APARTAMENTO NO QUINTINO FACCI II,2.0,2.0,1.0,56.0,Chacaras Pedro Correa de Carvalho,224400.0
163601.0,Apartamento de 43m² com 02 quartos à venda   Jardim Diva Tarla de Carvalho,2.0,1.0,1.0,43.0,Jardim Diva Tarla de Carvalho,160000.0
215348.0,Apartamento de 46m² com 02 quartos à venda   Jardim Manoel Penna,2.0,1.0,1.0,46.0,Jardim Manoel Penna,250000.0
245621.0,Apartamento 2 quartos a venda Jardim João Rossi,2.0,1.0,1.0,42.0,Jardim Joao Rossi,145000.0
213941.0,Apartamento de 39m² com 02 quartos para locação   Jardim Diva Tarlá de Carvalho,2.0,1.0,1.0,39.0,Jardim Diva Tarla de Carvalho,215000.0
244832.0,Apartamento de 143m² com 03 suítes à venda   Jardim São Luiz,3.0,5.0,2.0,143.0,Jardim Sao Luiz,1290000.0
167495.0,Apartamento de 43m² com 01 quarto e sacada à venda   Nova Aliança,1.0,1.0,1.0,43.0,Nova Alianca,212000.0
227198.0,Apartamento de 61m² com 02 quartos à venda   Quinta da Primavera,2.0,2.0,1.0,61.0,Quinta da Primavera,499000.0
138668.0,APARTAMENTO NA REGIÃO CENTRAL,1.0,1.0,1.0,49.0,Centro,170000.0
136883.0,APARTAMENTO PADRÃO   ÚNICO RESIDENCIAL,2.0,1.0,1.0,50.0,Jardim Novo Mundo,301972.99
99473.0,APARTAMENTO AVENIDA CARAMURU,2.0,1.0,1.0,48.0,Alto da Boa Vista,212000.0
191183.0,****APARTAMENTO NO JARDIM PAULISTA****,3.0,2.0,1.0,116.0,Jardim Paulista,330000.0
229700.0,Apartamento de 46m² com 01 quarto 01 vaga de garagem à venda   Centro,1.0,1.0,1.0,46.0,Centro,250000.0
243995.0,Apartamento de 90m² com 02 quartos sendo 01 suíte à venda   Jardim Sumaré,2.0,2.0,1.0,90.0,Jardim Sumare,671000.0
133817.0,Apartamento de 132m² com 03 quartos   Centro,4.0,3.0,1.0,132.0,Centro,450000.0
175238.0,Apartamento de 172m² com 03 quartos para locação   Sumaré,4.0,3.0,1.0,172.0,Jardim Sumare,400000.0
168839.0,APARTAMENTO NO JARDIM PALMARES,2.0,2.0,1.0,65.0,Residencial e Comercial Palmares,235000.0
213398.0,Apartamento de 47m² com 02 quartos à venda   Chácaras Pedro Corrêa de Carvalho,2.0,1.0,1.0,47.0,Chacaras Pedro Correa de Carvalho,179000.0
85190.0,Apartamento de 56m² com 02 quartos para locação e venda   Bosque das Juritis,2.0,1.0,1.0,56.0,Bosque das Juritis,530000.0
148178.0,APARTAMENTO TÉRREO PRÓXIMO À RODOVIA ANHANGUERA,2.0,2.0,2.0,77.0,Residencial e Comercial Palmares,305000.0
237785.0,Apartamento de 179M² com 03 suítes à venda   Jardim Botânico,3.0,5.0,3.0,179.0,Jardim Botanico,1780000.0
214907.0,Apartamento de 166m² com 03 suítes   Jardim Olhos d´agua,3.0,5.0,2.0,166.0,Jardim Olhos DAgua,1631480.08
170639.0,APARTAMENTO NO GERALDO CORREA DE CARVALHO,2.0,1.0,1.0,48.0,Geraldo Correia de Carvalho,212000.0
239903.0,Lançamento: Alma Panamby   Apartamento de 56m² com 02 quartos com suíte à venda   Panamby II,2.0,2.0,1.0,56.0,Panamby II,427000.0
150566.0,APARTAMENTO PRÓXIMO Á ROD. ANHANGUERA,2.0,1.0,1.0,42.0,Jardim Zara,150000.0
245048.0,Apartamento de 53m² com 02 quartos á venda   Alto da Boa Vista,2.0,2.0,1.0,53.0,Alto da Boa Vista,340000.0
138299.0,APARTAMENTO TÉRREO NO JARDIM BOTÂNICO,2.0,2.0,1.0,70.0,Jardim Botanico,450000.0
174041.0,APARTAMENTO NO PARQUE INDUSTRIAL LAGOINHA,2.0,1.0,1.0,42.0,Parque Industrial Lagoinha,195000.0
208874.0,"Apartamento   Studio com 1 Banheiro à Venda, 39.00 M² apartir de R$ 400.000,00",1.0,1.0,1.0,39.0,Jardim Sumare,400000.0
238634.0,APARTAMENTO NO RESIDENCIAL TAMARINDOS,2.0,2.0,1.0,72.0,Jardim Anhanguera,240000.0
156347.0,Apartamento de 39m² com 02 quartos   Residencial das Américas,2.0,1.0,1.0,39.0,Residencial das Americas,120000.0
144926.0,APARTAMENTO LINDO PRÓXIMO À AVENIDA CARAMURU,2.0,2.0,1.0,96.0,Residencial Florida,290000.0
219449.0,Apartamento de 41m² com 02 quartos à venda   Ipiranga,2.0,1.0,1.0,41.0,Ipiranga,149000.0
162569.0,APARTAMENTO PRÓXIMO À AVENIDA RENÊ OLIVA STRANG,2.0,1.0,1.0,42.0,Jardim Jose Wilson Toni,100000.0
139823.0,Apartamento de 73m² com 02 quartos   Jardim Palma Travassos,2.0,2.0,1.0,73.0,Jardim Palma Travassos,285000.0
178802.0,Apartamento de 46m² com 02 quartos   Condomínio Residencial Ipiranga,2.0,1.0,1.0,46.0,Ipiranga,170000.0
232313.0,Apartamento de 131m² com 03 suítes à venda   Nova Aliança,3.0,5.0,2.0,131.0,Nova Alianca,900000.0
177740.0,Apartamento de 80m² com 02 quartos à venda   Centro,2.0,2.0,1.0,80.0,Centro,371000.0
159473.0,EXCELENTE APARTAMENTO NA LAGOINHA,2.0,1.0,1.0,40.0,Jardim Castelo Branco,255000.0
227924.0,Apartamento de 47m² com 02 quartos para locação e venda   Conjunto Habitacional Jardim das Palmeiras,2.0,1.0,1.0,47.0,Conjunto Habitacional Jardim das Palmeiras,160000.0
160319.0,Apartamento de 96m² com 03 quartos   Jardim Paulista,3.0,3.0,1.0,96.0,Jardim Paulista,318000.0
102638.0,Apartamento de 68m² com 02 quartos para locação   Centro,2.0,2.0,1.0,68.0,Centro,350000.0
203699.0,Apartamento de 151m² com 03 suítes à venda   Jardim Olhos D`Água II,3.0,5.0,2.0,151.0,Jardim Olhos DAgua,1080000.0
62894.0,Apartamento de 123m² com 03 quartos à venda   Centro,3.0,3.0,1.0,123.0,Centro,390000.0
226895.0,Apartamento térreo de 85m² com 03 quartos à venda   Sumarezinho,3.0,3.0,1.0,85.0,Sumarezinho,270000.0
228407.0,Apartamento de 100m² com 02 quartos sendo 01 suíte à venda   Jardim Irajá,2.0,2.0,2.0,100.0,Jardim Iraja,980000.0
170315.0,APARTAMENTO EM BONFIM PAULISTA,2.0,1.0,1.0,42.0,Jardim Santa Cecilia,250000.0
195833.0,Apartamento de 40m² com 02 quartos para locação   Recreio das Acácias,2.0,1.0,1.0,40.0,Recreio das Acacias,290000.0
119432.0,Apartamento   Padrão,2.0,1.0,1.0,42.0,Vila Virginia,170000.0
221930.0,Apartamento de 41m² com 02 quartos à venda   Ipiranga,2.0,1.0,1.0,41.0,Ipiranga,135000.0
231347.0,Apartamento de 43m² com 02 quartos para locação e venda   Jardim Heitor Rigon,2.0,1.0,1.0,43.0,Jardim Heitor Rigon,140000.0
162146.0,APARTAMENTO PRÓXIMO À AVENIDA DOM PEDRO I,1.0,1.0,1.0,32.0,Ipiranga,185500.0
71657.0,Apartamento de 43m² com 01 quarto à venda   Vila Ana Maria,1.0,2.0,1.0,43.0,Vila Ana Maria,235000.0
203042.0,APARTAMENTO NO BAIRRO QUINTINO FACCI 2,2.0,1.0,1.0,42.0,Quintino Facci II,160000.0
180707.0,Apartamento de 56m² com 02 quartos à venda   Residencial Greenville,2.0,2.0,1.0,56.0,Residencial Greenville,235000.0
77591.0,Apartamento de 88m² com 03 quartos para locação   Vila Ana Maria,3.0,2.0,2.0,88.0,Vila Ana Maria,600000.0
175112.0,EXCELENTE APARTAMENTO ALBERTO COSELLI,3.0,3.0,2.0,165.0,Centro,450000.0
116171.0,APARTAMENTO NO RIBEIRÃO VERDE,2.0,1.0,1.0,60.0,Ribeirao Verde,150000.0
223118.0,Apartamento de 43m² com 02 quartos à venda   Reserva Macaúba,2.0,1.0,1.0,43.0,Reserva Macauba,190000.0
104054.0,APARTAMENTO NO JARDIM CASTELO BRANCO,2.0,1.0,1.0,54.0,Parque Industrial Lagoinha,265000.0
176897.0,APARTAMENTO NO JARDIM BOTÂNICO,2.0,3.0,2.0,70.0,Jardim Botanico,385000.0
129473.0,Apartamento   Padrão,2.0,1.0,1.0,46.0,Parque Sao Sebastiao,132000.0
177464.0,APARTAMENTO NO NOVA ALIANÇA,2.0,2.0,1.0,57.0,Nova Alianca,415000.0
244883.0,Apartamento Novo de 43m² com 01 quarto à venda   Ribeirânia,1.0,1.0,1.0,43.0,Nova Ribeirania,343120.0
214370.0,Apartamento de 43m² com 02 quartos para locação e venda   Reserva Macaúba,2.0,1.0,1.0,43.0,Reserva Macauba,180000.0
210266.0,Apartamento de 64m² com 03 quartos à venda   Vila Monte Alegre,3.0,2.0,1.0,64.0,Vila Monte Alegre,400000.0
119045.0,Apartamento de 75m² com 03 quartos à venda   Jardim Botânico,3.0,2.0,2.0,75.0,Jardim Botanico,850000.0
202871.0,APARTAMENTO NO CENTRO,3.0,1.0,1.0,114.0,Centro,330000.0
234185.0,Apartamento de 42m² com 02 quartos para venda e locação   Jardim Heitor Rigon,2.0,1.0,1.0,42.0,Jardim Heitor Rigon,190000.0
225473.0,Apartamento de 45m² com 01 quarto para locação e venda   Vila do Golfe,1.0,1.0,1.0,45.0,Vila do Golf,425000.0
215852.0,Apartamento de 100m² com 03 quartos para locação   Jardim Botânico,3.0,3.0,2.0,100.0,Jardim Botanico,1100000.0
245261.0,Apartamento de 85m² com 02 suítes para venda   Nova Aliança,2.0,3.0,2.0,85.0,Nova Alianca,791955.0
198911.0,Apartamento de 90 m² com 02 quartos para locação   Quinta da Primavera,2.0,3.0,2.0,90.0,Quinta da Primavera,900000.0
225404.0,Apartamento de 48m² com 02 quartos à venda   Jardim Paulistano,2.0,1.0,1.0,48.0,Jardim Paulistano,320000.0
178790.0,Lançamento em Bonfim Paulista! Montverde Residencial,2.0,2.0,2.0,60.0,Bonfim Paulista,329000.0
153563.0,Apartamento de 46m² com 02 quartos para locação e venda   Ipiranga,2.0,1.0,1.0,46.0,Ipiranga,170000.0
173396.0,Apartamento de 43m² com 02 quartos à venda   Loteamento Santa Marta,2.0,1.0,1.0,43.0,Loteamento Santa Marta,235000.0
240140.0,Apartamento duplex de 239m² com 03 suítes à venda   Jardim Canadá,3.0,5.0,3.0,239.0,Jardim Canada,2500000.0
213371.0,Apartamento de 71m² com 03 quartos à venda   Ribeirânia,3.0,2.0,2.0,71.0,Ribeirania,800000.0
63848.0,Apartamento de 156m² com 03 quartos á venda   Higienópolis,3.0,3.0,2.0,156.0,Higienopolis,449000.0
244034.0,Apartamento de 99m² com 03 quartos à venda   Jardim Paulistano,3.0,2.0,1.0,99.0,Jardim Paulistano,370000.0
231203.0,Apartamento de 43m² com 02 quartos á venda   Jardim Heitor Rigon,2.0,1.0,1.0,43.0,Jardim Heitor Rigon,120000.0
171434.0,Apartamento de 238m² com 04 quartos à venda   Jardim Santa Ângela,4.0,4.0,4.0,238.0,Jardim Iraja,1500000.0
173720.0,APARTAMENTO NO JARDIM PAULISTA,2.0,2.0,1.0,104.0,Jardim Macedo,320000.0
177746.0,Apartamento de 42m² com 02 quartos   Jardim José Sampaio Júnior,2.0,1.0,1.0,42.0,Jardim Jose Sampaio Junior,180000.0
154769.0,Apartamento de 76m² com 02 suítes para venda   Nova Ribeirânia,2.0,3.0,2.0,76.0,Nova Ribeirania,650000.0
231290.0,"Apartamento de 69 m², com 02 quartos para venda   Bairro Jardim Paulista.",2.0,2.0,1.0,69.0,Jardim Paulista,350000.0
227018.0,Apartamento de 47m² com 02 quartos à venda   Vila Virgínia,2.0,1.0,1.0,47.0,Vila Virginia,320000.0
187730.0,APARTAMENTO PRÓXIMO À RODOVIA ANHANGUERA,2.0,1.0,1.0,48.0,Quintino Facci II,110000.0
174503.0,APARTAMENTO PRÓXIMO À AVENIDA INDEPENDÊNCIA,2.0,2.0,1.0,102.0,Vila Seixas,270000.0
245357.0,Apartamento de 85m² com 02 suítes para venda   Nova Aliança,2.0,3.0,2.0,85.0,Nova Alianca,776382.0
237899.0,Apartamento de 134m² com 03 quartos à venda   Jardim Sumaré,3.0,2.0,1.0,134.0,Jardim Sumare,280000.0
153059.0,Apartamento de 87m² com 03 quartos à venda   Jardim América,3.0,3.0,2.0,87.0,Jardim America,800000.0
210476.0,Apartamento de 47m² com 02 quartos à venda   Mirante Sul,2.0,1.0,1.0,47.0,Condominio Mirante Sul,230000.0
160241.0,APARTAMENTO PRÓXIMO À RUA MARQUÊS DA CRUZ,3.0,2.0,1.0,108.0,Vila Monte Alegre,380000.0
138632.0,Apartamento de 48m² à venda   Jardim Botânico,1.0,1.0,1.0,48.0,Jardim Botanico,310000.0
105317.0,APARTAMENTO NO BAIRRO IPIRANGA,2.0,1.0,1.0,68.0,Ipiranga,185000.0
244061.0,Apartamento de 153m² com 03 suítes à venda   Jardim Olhos D`Água,3.0,5.0,3.0,153.0,Jardim Olhos DAgua,1350000.0
104333.0,EXCELENTE APARTAMENTO TÉRREO PARA LOCAÇÃO BAIRRO CITY RIBEIRÃO,1.0,2.0,1.0,60.0,City Ribeirao,380000.0
162713.0,Apartamento mobiliado de 119m² com 02 suítes para venda   Jardim Paulista,3.0,3.0,2.0,119.0,Jardim Paulista,840000.0
100427.0,Apartamento de 86m² com 03 quartos para locação e venda   Jardim Paulistano,3.0,1.0,1.0,86.0,Jardim Paulistano,267000.0
64142.0,Apartamento de 84m² com 03 quartos sendo 01 suíte á venda   Jardim Sumaré,3.0,3.0,2.0,84.0,Jardim Sumare,360000.0
25556.0,Apartamento de 122m² com 03 quartos para locação e venda   Centro,3.0,4.0,2.0,122.0,Centro,450000.0
189065.0,Apartamento de 48m² com 02 quartos para locação e venda   Quintino Facci II,2.0,1.0,1.0,48.0,Quintino Facci II,175000.0
195791.0,Apartamento de 46m² com 02 quartos à venda   Ribeirania,2.0,1.0,1.0,46.0,Ribeirania,160000.0
184151.0,Apartamento de 131m² com 03 suítes à venda   Jardim Olhos D`Água,3.0,4.0,2.0,131.0,Jardim Olhos DAgua,1113000.0
143678.0,APARTAMENTO PRÓXIMO À RUA JAVARI,2.0,1.0,1.0,39.0,Residencial das Americas,175000.0
221531.0,Apartamento de 75m² com 03 quartos sendo 01 suíte à venda   Jardim Botânico,3.0,2.0,1.0,75.0,Jardim Botanico,490000.0
234026.0,Apartamento de 42m² com 02 quartos á venda   Jardim Cybelli,2.0,1.0,1.0,42.0,Jardim Cybelli,220000.0
217115.0,Apartamento de 49m² com 02 quartos à venda   Jardim Palma Travassos,2.0,1.0,1.0,49.0,Jardim Palma Travassos,190000.0
201665.0,Apartamento de 239m² com 03 suítes   Jardim Irajá,3.0,5.0,4.0,239.0,Jardim Iraja,1300000.0
201557.0,Apartamento de 91m² com 03 quartos para locação e venda   Jardim Irajá,3.0,2.0,1.0,91.0,Jardim Iraja,290000.0
177917.0,Apartamento no Jardim Nova Aliança,3.0,2.0,2.0,105.0,Nova Alianca,420000.0
183167.0,Apartamento de 43m² à venda   Vila Ana Maria,1.0,1.0,1.0,43.0,Vila Ana Maria,350000.0
232718.0,Apartamento à venda com 02 quartos sendo 01 suíte   Vila Ana Maria,2.0,2.0,1.0,70.0,Vila Ana Maria,450000.0
186368.0,Apartamento de 40m² com 02 quartos   Jardim Helena,2.0,1.0,1.0,40.0,Reserva Real,138000.0
228110.0,Apartamento de 57m² com 02 quartos à venda  Jardim Paulista,2.0,1.0,1.0,57.0,Jardim Paulista,175000.0
115853.0,APARTAMENTO PRÓXIMO À AVENIDA BRAZ OLAIA ACOSTA,1.0,1.0,1.0,18.0,Nova Alianca,250000.0
233264.0,"Apartamento com 89m², 03 quartos, para venda   Jardim Paulista.",3.0,2.0,1.0,89.0,Jardim Paulista,480000.0
186446.0,Apartamento de 01 quarto para locação   Nova Aliança,1.0,1.0,1.0,44.0,Nova Alianca,380000.0
187355.0,APARTAMENTO NO BAIRRO SUMAREZINHO,2.0,1.0,1.0,46.0,Sumarezinho,180000.0
120401.0,Apartamento de 94 m² com 03 quartos para locação   Jardim Canada.,3.0,3.0,2.0,94.0,Jardim Canada,590000.0
128678.0,Apartamento com 65m² de 02 quartos   Centro,2.0,2.0,1.0,65.0,Centro,260000.0
215195.0,Apartamento de 154m² com 03 suítes à venda   Jardim Olhos D`Água,3.0,5.0,3.0,154.0,Jardim Olhos DAgua,1400000.0
176009.0,APARTAMENTO NO JARDIM ITAÚ,2.0,1.0,1.0,42.0,Jardim Itau,170000.0
155711.0,Apartamento de 48m² com 02 quartos à venda   Vila Maria Luiza,2.0,1.0,1.0,48.0,Vila Maria Luiza,213000.0
239900.0,Lançamento: Alma Panamby   Apartamento de 65m² com 03 quartos com suíte à venda   Panamby II,3.0,2.0,1.0,65.0,Panamby II,497000.0
227684.0,Apartamento de 153m² com 04 suítes à venda   Jardim Olhos D`Água,4.0,6.0,3.0,153.0,Jardim Olhos DAgua,1295451.0
94940.0,Apartamento de 45m² com 01 quarto para locação   Jardim Flórida,1.0,1.0,1.0,45.0,Jardim Florida,371000.0
236228.0,Apartamento de 64m² com 02 quartos sendo 01 suíte para locação e venda   Quinta da Primavera,2.0,2.0,1.0,64.0,Quinta da Primavera,690000.0
20243.0,Apartamento de 43m² com 01 quarto para locação e venda   Centro,1.0,1.0,1.0,43.0,Centro,260000.0
77660.0,Apartamento de 68m² com 02 quartos para venda   Centro,2.0,3.0,1.0,68.0,Centro,330000.0
103706.0,APARTAMENTO PRÓXIMO Á USP,2.0,1.0,1.0,60.0,Vila Amelia,180000.0
117173.0,Apartamento de 196m² com 04 quartos à venda   City Ribeirão,4.0,3.0,3.0,196.0,City Ribeirao,695000.0
229364.0,Apartamento de 81m² com 02 suítes à venda   Vila Ana Maria,2.0,3.0,2.0,81.0,Vila Ana Maria,722925.0
238979.0,Apartamento de 49m² com 02 quartos Locação ou Venda   Campos Elíseos,2.0,1.0,1.0,49.0,Campos Eliseos,320000.0
211097.0,Apartamento de 107m² com 03 quartos sendo 02 suítes para locação e venda   Centro,3.0,4.0,1.0,107.0,Alto da Boa Vista,600000.0
94265.0,EXCELENTE LOCALIZAÇÃO NO CENTRO,3.0,2.0,1.0,115.0,Centro,270000.0
242879.0,Apartamento de 76m² com 03 quartos para venda   Nova Ribeirânea,3.0,2.0,1.0,76.0,Nova Ribeirania,270000.0
231932.0,Apartamento de 75m² com 02 quartos à venda   Bosque das Juritis,2.0,2.0,2.0,75.0,Bosque das Juritis,540000.0
130658.0,Apartamento de 47m² com 02 quartos á venda   Alto do Ipiranga,2.0,1.0,1.0,47.0,Alto do Ipiranga,260000.0
150263.0,Apartamento de 44m² com 01 suíte á venda   Nova Aliança,1.0,2.0,1.0,44.0,Nova Alianca,269000.0
162326.0,Apartamento de 42m² com 02 quartos para locação e venda   Residencial Parque dos Servidores,2.0,1.0,1.0,42.0,Residencial Parque dos Servidores,250000.0
229082.0,Apartamento/Padrão   Residencial   No bairro Recanto das Palmeiras   Condomínio Lar Itália,2.0,1.0,1.0,42.0,Recanto das Palmeiras,135000.0
191615.0,****APARTAMENTO NA VILA TIBERIO****,3.0,2.0,2.0,80.0,Vila Tiberio,390000.0
178610.0,Apartamento de 107m² com 03 quartos sendo 01 suíte para venda   jardim Paulista,3.0,2.0,2.0,107.0,Jardim Paulista,500000.0
172034.0,Apartamento de 74m² com 03 quartos à venda   residencial e comercial Palmares,3.0,2.0,2.0,74.0,Residencial e Comercial Palmares,215000.0
192683.0,Excelente oportunidade na zona sul,2.0,1.0,1.0,49.0,Residencial Monterrey,368706.97
120701.0,Apartamento de 70m² com 02 quartos para locação   Jardim Novo Mundo,2.0,2.0,1.0,70.0,Jardim Novo Mundo,450000.0
229103.0,Apartamento de 60m² com 02 quartos à venda   Planalto Verde,2.0,1.0,1.0,60.0,Planalto Verde,195000.0
163067.0,Apartamento de 123m² com 3 quartos à venda   Santa Cruz,3.0,2.0,2.0,123.0,Santa Cruz do Jose Jacques,550000.0
224921.0,Apartamento de 135m² com 03 suítes para locação e venda   Bosque das Juritis,3.0,4.0,3.0,135.0,Bosque das Juritis,1089000.0
81893.0,Apartamento   Padrão,1.0,1.0,1.0,55.0,Centro,215000.0
173228.0,Apartamento no Presidente Medici,3.0,2.0,1.0,78.0,Presidente Medici,350000.0
149906.0,APARTAMENTO EM BONFIM PAULISTA,1.0,1.0,1.0,35.0,Quintas de Sao Jose,220000.0
187211.0,Apartamento de 118m² com 03 suítes à venda   Jardim Saint Gerard,3.0,4.0,2.0,118.0,Jardim Saint Gerard,1155626.3
224897.0,Apartamento de 67m² com 02 quartos à venda   Ribeirânia,2.0,2.0,1.0,67.0,Ribeirania,424000.0
72509.0,Apartamento de 79m² com 03 quartos para venda   Jardim Nova Aliança Sul,3.0,2.0,2.0,79.0,Jardim Nova Alianca Sul,900000.0
180020.0,APARTAMENTO NO PARQUE SÃO SEBASTIÃO,2.0,1.0,1.0,54.0,Parque Sao Sebastiao,250000.0
189350.0,LINDO APARTAMENTO PRÓXIMO A BANANAL,2.0,1.0,1.0,54.0,Jardim Zara,285000.0
155846.0,Apartamento de 37m² com 01 quarto para locação   Nova Aliança,1.0,1.0,1.0,37.0,Nova Alianca,215000.0
80627.0,Apartamento de 52m² com 1 quarto   Vila Seixas,1.0,1.0,1.0,52.0,Vila Seixas,235000.0
96872.0,Apartamento de 02 quartos para locação   Republica,2.0,2.0,1.0,54.0,Republica,212000.0
96605.0,Apartamento de 59m² com 03 quartos para locação e venda   Campos Elíseos,3.0,2.0,1.0,59.0,Campos Eliseos,244000.0
230726.0,Apartamento de 48m² com 02 quartos à venda   Quintino Facci II,2.0,1.0,1.0,48.0,Quintino Facci II,180000.0
207914.0,Apartamento de 82m² com 03 quartos   Jardim Palma Travassos,3.0,2.0,1.0,82.0,Jardim Castelo Branco,300000.0
224933.0,Apartamento de 42m² com 2 quartos à venda   Parque dos Servidores,2.0,1.0,1.0,42.0,Residencial Parque dos Servidores,180000.0
215162.0,Apartamento de 158m² com 03 suítes à venda   Jardim Olhos D`Água,3.0,4.0,3.0,158.0,Jardim Olhos DAgua,1600000.0
106124.0,Apartamento de 81m² com 02 quartos para venda e locação   Jardim Paulista,2.0,2.0,1.0,81.0,Jardim Paulista,480000.0
161459.0,LINDO APARTAMENTO NO PARQUE ANHANGUERA,2.0,2.0,1.0,64.0,Parque Anhanguera,230000.0
138077.0,Apartamento de 47m² com 02 quartos à venda   Jardim Paulistano,2.0,1.0,1.0,47.0,Jardim Paulistano,190000.0
203393.0,APARTAMENTO NO BAIRRO JARDIM ANHANGUERA,2.0,1.0,1.0,50.0,Jardim Novo Mundo,297000.0
212720.0,Apartamento de 57m² com 02 quartos à venda   Ipiranga,2.0,1.0,1.0,57.0,Ipiranga,286000.0
128792.0,Apartamento de 73m² com 02 quartos sendo 01 suíte para venda   Parque dos Lagos,2.0,2.0,1.0,73.0,Parque dos Lagos,350000.0
162719.0,APARTAMENTO PRÓXIMO A AV. PORTUGAL,1.0,1.0,1.0,58.0,Vila Seixas,255000.0
80216.0,Apartamento de 80m² com 02 suítes à venda   Jardim Sumaré,2.0,3.0,1.0,80.0,Jardim Sumare,382000.0
155144.0,APARTAMENTO PRÓXIMO À AVENIDA PIO XII,2.0,1.0,1.0,46.0,Vila Virginia,200000.0
153830.0,APARTAMENTO TERREO PRÓXIMO À AVENIDA TREZE DE MAIO,2.0,2.0,1.0,77.0,Parque dos Bandeirantes,250000.0
198731.0,Apartamento de 40m² com 02 quartos   Recreio das Acácias,2.0,1.0,1.0,40.0,Recreio das Acacias,255000.0
98123.0,Apartamento   Padrão,2.0,1.0,1.0,48.0,Vila Virginia,180000.0
119111.0,Apartamento de 74m² com 02 quartos à venda   Ribeirânia,2.0,2.0,2.0,74.0,Ribeirania,721000.0
131042.0,Apartamento de 193m² com 4 quartos   Centro,4.0,3.0,4.0,193.0,Centro,620000.0
227735.0,Apartamento de 50m² com 01 quartos à venda   Parque Industrial Lagoinha,1.0,1.0,1.0,50.0,Parque Industrial Lagoinha,170000.0
240608.0,Apartamento de 432m² com 03 suítes à venda   Centro,3.0,5.0,4.0,432.0,Centro,890000.0
125639.0,**Lindo Apartamento**,2.0,1.0,1.0,46.0,Residencial das Americas,190000.0
223268.0,Apartamento de 71m² com 02 quartos sendo 01 suíte para locação e venda   Quintas de São José,2.0,2.0,1.0,71.0,Quintas de Sao Jose,615000.0
203984.0,APARTAMENTO À VENDA NO JARDIM MANOEL PENNA,2.0,1.0,1.0,46.0,Jardim Manoel Penna,287000.0
177332.0,Apartamento de 66m² com 02 quartos sendo 01 suíte   Nova Ribeirânia,2.0,2.0,2.0,66.0,Nova Ribeirania,440000.0
211094.0,Apartamento de 150m² com 03 suítes   Centro,3.0,5.0,2.0,150.0,Centro,720000.0
83363.0,Apartamento de 43m² com 01 suíte para locação e venda   Jardim Botânico,1.0,2.0,2.0,43.0,Jardim Botanico,318000.0
117038.0,Apartamento de 31m² com 01 quarto à venda   Vila Ana Maria,1.0,1.0,1.0,31.0,Vila Ana Maria,202000.0
177137.0,Apartamento de 68m² com 02 quartos sendo 01 suíte para a locação e venda   Centro,2.0,3.0,1.0,68.0,Vila Seixas,350000.0
224501.0,Apartamento de 58m² com 02 quartos sendo 01 suíte à venda   Campos Elíseos,2.0,2.0,1.0,58.0,Campos Eliseos,380000.0
220319.0,Apartamento de 42m² com 02 quartos para venda   Ipiranga,2.0,1.0,1.0,42.0,Ipiranga,180000.0
236645.0,Apartamento com 43m² com 02 quartos.,2.0,1.0,1.0,43.0,Condominio Uirapuru,160000.0
161348.0,Apartamento de 84m² com 03 quartos   Ipiranga,3.0,2.0,1.0,84.0,Ipiranga,300000.0
85640.0,Apartamento de 68m² com 02 quartos à venda   Centro,2.0,2.0,1.0,68.0,Centro,320000.0
240149.0,Apartamento de 50m² com 02 quartos sendo 01 suíte à venda   Parque Bandeirantes,1.0,1.0,1.0,50.0,Parque dos Bandeirantes,390000.0
94394.0,Apartamento de 69m² com 01 quarto para locação   Centro,1.0,1.0,1.0,69.0,Higienopolis,280000.0
89603.0,Apartamento   Padrão,2.0,1.0,1.0,77.0,Jardim Antartica,220000.0
223220.0,Apartamento de 46m² com 02 quartos à venda   Jardim Heitor Rigon,2.0,1.0,1.0,46.0,Jardim Heitor Rigon,150000.0
151361.0,Apartamento de 123m² com 03 quartos sendo 01 suíte   Centro,3.0,4.0,1.0,123.0,Centro,400000.0
189842.0,APARTAMENTO NO JARDIM OURO BRANCO,2.0,1.0,1.0,40.0,Jardim Ouro Branco,160000.0
125273.0,Apartamento   Padrão,2.0,1.0,1.0,48.0,Jardim Zara,150000.0
79061.0,Apartamento de 60m² com 01 quarto à venda   Santa Cruz do José Jacques,1.0,1.0,1.0,60.0,Santa Cruz do Jose Jacques,390000.0
239948.0,Apartamento de 153m² com 04 suítes à venda   Jardim Olhos D`Água,4.0,6.0,3.0,153.0,Jardim Olhos DAgua,1308000.0
237131.0,Apartamento de 90m² com 02 quartos a venda   Centro,2.0,3.0,1.0,90.0,Centro,435000.0
58118.0,APARTAMENTO NO JOÃO PALMA TRAVASSOS,3.0,2.0,1.0,105.0,Jardim Palma Travassos,350000.0
147170.0,APARTAMENTO PRÓXIMO À AVENIDA LUIGI ROSIELLO,2.0,1.0,1.0,46.0,Sumarezinho,244000.0
158216.0,Apartamento de 151m² com 03 quartos à venda   Santa Cruz do José Jacques,3.0,4.0,2.0,151.0,Santa Cruz do Jose Jacques,690000.0
216068.0,Apartamento de 42m² com 02 quartos à venda   Ipiranga,2.0,1.0,1.0,42.0,Jardim Jandaia,180000.0
244958.0,Apartamento de 88m² com 02 quartos à venda   Bosque das Juritis,2.0,2.0,2.0,88.0,Bosque das Juritis,640000.0
83537.0,APARTAMENTO NO JARDIM PAULISTA,2.0,2.0,2.0,81.0,Jardim Paulista,480000.0
169799.0,Apartamento de 03 quartos para locação   Centro,3.0,2.0,2.0,173.0,Centro,692000.0
178781.0,Lançamento em Bonfim Paulista! Montverde Residencial,2.0,1.0,1.0,55.0,Bonfim Paulista,299000.0
39398.0,Apartamento 146m² com 03 quartos para locação e venda   Jardim Macedo,3.0,2.0,1.0,146.0,Jardim Macedo,499000.0
105224.0,APARTAMENTO PRÓXIMO À RUA JAVARI,2.0,1.0,1.0,40.0,Residencial das Americas,110000.0
185795.0,Apartamento de 48m² com 02 quartos à venda   Condomínio Mirante Sul,2.0,1.0,1.0,48.0,Condominio Mirante Sul,240000.0
119714.0,Apartamento de 88m² com 02 suítes à venda   Quinta da Primavera,2.0,3.0,2.0,88.0,Quinta da Primavera,715000.0
205625.0,Apartamento de 99m² com 03 quartos à venda   Vila Tibério,3.0,3.0,2.0,99.0,Vila Tiberio,380000.0
43100.0,Apartamento de 45m² com 01 quarto   Centro,1.0,1.0,1.0,45.0,Centro,150000.0
240317.0,Apartamento de 90m² com 03 quartos à venda   Jardim Castelo Branco,3.0,3.0,1.0,90.0,Jardim Castelo Branco,276000.0
126080.0,APARTAMENTO NO RESIDENCIAL PALMARES,2.0,2.0,1.0,90.0,Residencial e Comercial Palmares,300000.0
157787.0,Apartamento de 125m² com 03 quartos   Centro,3.0,5.0,2.0,125.0,Centro,550000.0
133478.0,Apartamento de 279m² com 04 quartos   Centro,4.0,4.0,3.0,279.0,Centro,1100000.0
238415.0,Apartamento de 72m² com 02 quartos à venda   Jardim Macedo,2.0,2.0,1.0,72.0,Jardim Macedo,370000.0
161603.0,APARTAMENTO PRÓXIMO À AVENIDA CASTELO BRANCO,3.0,2.0,2.0,72.0,Presidente Medici,300000.0
87920.0,Apartamento de 42m² com 02 quartos para venda   Ipiranga,2.0,1.0,1.0,42.0,Ipiranga,200000.0
216740.0,Apartamento de 47m² com 02 quartos para locação   Campos Elíseos,2.0,1.0,1.0,47.0,Campos Eliseos,187000.0
235520.0,Apartamento de 77m² com 02 quartos à venda   Parque dos Lagos,2.0,2.0,2.0,77.0,Jardim Florestan Fernandes,379000.0
217784.0,Apartamento de 102m² com 03 quartos para locação   Parque Bandeirantes,3.0,2.0,2.0,102.0,Parque dos Bandeirantes,350000.0
187346.0,ÓTIMO APARTAMENTO NO JARDIM ZARA,2.0,1.0,1.0,42.0,Jardim Zara,160000.0
100496.0,APARTAMENTO PRÓXIIMO À UNIP,1.0,1.0,1.0,46.0,Nova Alianca,298000.0
176042.0,ÓTIMO APARTAMENTO NO IPIRANGA,2.0,1.0,1.0,69.0,Ipiranga,220000.0
245111.0,Apartamento de 107m² com 03 quartos sendo 1 suíte à venda   Vila Ana Maria,3.0,2.0,2.0,107.0,Vila Ana Maria,580000.0
193013.0,Apartamento de 47m² com 02 quartos para locação  City Ribeirão,2.0,1.0,1.0,47.0,City Ribeirao,275000.0
234941.0,APARTAMENTO PRÓXIMO À RODOVIA ANHANGUERA,2.0,1.0,1.0,42.0,Jardim Florestan Fernandes,150000.0
242294.0,Lançamento: Novèl   Apartamento de 92m² com 03 quartos sendo 01 suíte à venda   Nova Aliança,3.0,3.0,2.0,92.0,Nova Alianca,729000.0
49511.0,Apartamento de 45m² com sacada à venda   Jardim Paulista,1.0,1.0,1.0,45.0,Jardim Paulista,300000.0
231809.0,Apartamento de 227m² com 03 suítes à venda   Jardim Ilhas do Sul,4.0,6.0,4.0,227.0,Jardim Ilhas do Sul,1850000.0
213962.0,Apartamento de 121m² com 03 suítes para locação e venda   Nova Aliança,3.0,4.0,2.0,121.0,Nova Alianca,915000.0
198617.0,Apartamento de 44m² com 01 quarto à venda   Jardim Recreio,1.0,2.0,1.0,44.0,Jardim Recreio,430000.0
224552.0,Apartamento de 95m² com 03 quartos com 01 suíte à venda   Campos Elíseos,3.0,2.0,2.0,95.0,Campos Eliseos,590000.0
187622.0,APARTAMENTO PRÓXIMO À RODOVIA ANHANGUERA,2.0,1.0,1.0,43.0,Jardim Interlagos,230000.0
102533.0,Apartamento 2 dormitórios próximo a avenida Independência   65m²,2.0,1.0,1.0,65.0,Residencial Florida,250000.0
148502.0,APARTAMENTO NO MIRANTE SUL,2.0,1.0,1.0,48.0,Condominio Mirante Sul,215000.0
64490.0,Apartamento de 72m² com 03 quartos à venda   Presidente Médici,3.0,1.0,1.0,72.0,Presidente Medici,270000.0
159545.0,Apartamento   Padrão,2.0,1.0,1.0,42.0,Jardim Vilico Cantarelli,145000.0
178064.0,APARTAMENTO TÉRREO NO PARQUE ANHANGUERA,1.0,1.0,1.0,32.0,Parque Anhanguera,160000.0
225722.0,Apartamento de 90m² com 02 suítes para locação   Bosque das Juritis,2.0,3.0,2.0,90.0,Bosque das Juritis,755000.0
149201.0,APARTAMENTO PRÓXIMO À AVENIDA MARIA DE JESUS CONDEIXA,2.0,2.0,1.0,69.0,Jardim Palma Travassos,225000.0
126035.0,Apartamento   Padrão,2.0,1.0,1.0,45.0,Parque dos Lagos,160000.0
229445.0,Apartamento de 45m² com 01 quarto à venda   Nova Aliança,1.0,1.0,1.0,45.0,Nova Alianca,290000.0
124070.0,Apartamento de 112m² com 03 quartos para venda   Nova Aliança,3.0,3.0,2.0,112.0,Nova Alianca,615000.0
239006.0,Apartamento de 90m² com 03 quartos à venda   Jardim Olhos d´agua,3.0,2.0,2.0,90.0,Jardim Olhos DAgua,765651.19
227402.0,Apartamento de 55m² com 02 quartos à venda   no Bairro Iguatemi,2.0,1.0,1.0,55.0,Iguatemi,411000.0
71054.0,Apartamento de 78m² com 02 quartos para locação e venda   Bonfim Paulista,2.0,1.0,2.0,78.0,Bonfim Paulista,382000.0
215543.0,Apartamento de 44m² com 02 quartos para locação   Ipiranga,2.0,1.0,1.0,44.0,Jardim Herculano Fernandes,120000.0
81941.0,Apartamento de 86m² com 03 quartos  ,3.0,2.0,1.0,86.0,Residencial e Comercial Palmares,320000.0
239300.0,Apartamento de 95m² 03 quartos sendo 01 suíte no Jardim Irajá,3.0,2.0,2.0,95.0,Jardim Iraja,390000.0
125375.0,Apartamento   Padrão,2.0,1.0,1.0,48.0,Ipiranga,140000.0
205493.0,Apartamento de 74m² com 03 quartos à venda   Residencial e Comercial Palmares,3.0,2.0,1.0,74.0,Residencial e Comercial Palmares,300000.0
161102.0,Apartamento de 29m² com 01 quarto à venda   Jardim Paulista,1.0,1.0,1.0,29.0,Jardim Paulista,160000.0
160826.0,Apartamento de 43m² com 02 quartos para locação e venda   Jardim Diva Tarla de Carvalho,2.0,1.0,1.0,43.0,Jardim Diva Tarla de Carvalho,159000.0
85553.0,APARTAMENTO NO CENTRO,1.0,1.0,1.0,64.0,Centro,220000.0
105140.0,Apartamento de 69m² com 01 quarto   Centro,1.0,1.0,1.0,69.0,Centro,250000.0
128153.0,Apartamento de 142m² com 03 quartos à venda   Jardim Sumaré,3.0,2.0,2.0,142.0,Jardim Sumare,560000.0
120845.0,Apartamento de 160m² com 03 suítes para locação e venda   Bosque das Juritis,3.0,5.0,3.0,160.0,Bosque das Juritis,1250000.0
218999.0,Apartamento de 57m² com 02 quartos para venda   Ipiranga,2.0,2.0,1.0,57.0,Ipiranga,315000.0
142937.0,APARTAMENTO PRÓXIMO À AVENIDA PROFESSORA EDUL RANGEL RABELLO,2.0,1.0,1.0,44.0,Residencial Greenville,210000.0
113267.0,"Apartamento para locação, no Jd Botânico, 3 quartos",3.0,2.0,2.0,75.0,Jardim Botanico,371000.0
140291.0,Apartamento de 70m² com 02 quartos para venda   Jardim São Luiz,2.0,2.0,1.0,70.0,Jardim Sao Luiz,460000.0
190508.0,Apartamento de 105m² com 02 suítes para venda   Nova Aliança,2.0,4.0,2.0,105.0,Nova Alianca,750000.0
242408.0,Apartamento de 116m² com 03 quartos à venda   Jardim Macedo,3.0,3.0,1.0,116.0,Jardim Macedo,319000.0
207389.0,Apartamento de 110m² com 03 quartos para venda e locação   Bonfim Paulista,3.0,3.0,2.0,110.0,Bonfim Paulista,700000.0
172862.0,Apartamento de 126m² com 03 suítes à venda   Vila Ana Maria,3.0,4.0,2.0,126.0,Nova Alianca,962242.62
120191.0,APARTAMENTO PRÓXIMO À USP,1.0,1.0,1.0,34.0,Vila Monte Alegre,470000.0
14915.0,Apartamento com 53m² com 2 quartos à venda   Jardim Anhanguera,2.0,1.0,1.0,53.0,Jardim Anhanguera,170000.0
139061.0,Apartamento de 95m² com 03 quartos para locação e venda   Jardim Paulista,3.0,3.0,2.0,95.0,Jardim Paulista,480000.0
189272.0,Apartamento de 86m² com 03 quartos à venda   Jardim Irajá,3.0,2.0,2.0,86.0,Jardim Iraja,650000.0
182612.0,Apartamento de 317m² com 04 quartos à venda   Centro,4.0,6.0,3.0,317.0,Centro,980000.0
239981.0,Apartamento de 171m² com 04 quartos para locação e venda   Centro,4.0,4.0,2.0,171.0,Centro,700000.0
75707.0,Apartamento de 117m² com 03 quartos à venda   Jardim Palma Travassos,3.0,2.0,1.0,117.0,Jardim Palma Travassos,380000.0
245312.0,Apartamento de 47m² com 02 quartos à venda   Quinta da Primavera,2.0,1.0,1.0,47.0,Quinta da Primavera,305000.0
221174.0,Apartamento de 178m² com 03 suítes à venda   Jardim Olhos D`Água,3.0,5.0,2.0,178.0,Jardim Villarica,1450000.0
187775.0,Lindo apartamento próximo a usp de 1 dormitório com 1 vaga coberta.,1.0,1.0,1.0,38.0,Sumarezinho,180000.0
201725.0,EXCELENTE APARTAMENTO PARA VENDA NO BAIRRO JARDIM PAULISTANO,2.0,1.0,1.0,48.0,Jardim Paulistano,303000.0
120065.0,Apartamento de 45m² com 02 quartos á venda   Nova Aliança,2.0,1.0,1.0,45.0,Nova Alianca,250000.0
197219.0,LINDO APARTAMENTO IBIZA RESIDENCE,3.0,2.0,2.0,71.0,Alto da Boa Vista,455000.0
143372.0,Apartamento de 141m² com 03 quartos à venda   Centro,3.0,3.0,1.0,141.0,Centro,360000.0
180260.0,APARTAMENTO NO IPIRANGA,1.0,1.0,1.0,50.0,Ipiranga,200000.0
229211.0,Apartamento mobiliado de 126m² com 03 suítes para locação e venda   Jardim Olhos D`Água,3.0,4.0,2.0,126.0,Jardim Olhos DAgua,1200000.0
75050.0,Apartamento   Padrão,2.0,2.0,1.0,49.0,Ipiranga,155000.0
92117.0,Apartamento de 02 quartos para locação   Jd. Califórnia,2.0,2.0,1.0,60.0,Jardim California,270000.0
28727.0,APARTAMENTO PRÓXIMO À AVENIDA CARAMURU,2.0,1.0,1.0,62.0,Centro,165000.0
140309.0,APARTAMENTO PRÓXIMO AO PARQUE CARLOS RAYA,1.0,1.0,1.0,35.0,Condominio Itamaraty,195000.0
232097.0,"Apartamento de 96m², semi mobiliado, com 3 quartos sendo 01 suíte   Jardim Paulistano",3.0,2.0,2.0,96.0,Jardim Paulistano,300000.0
112508.0,APARTAMENTO PRÓXIMO À AVENIDA CARAMURU,2.0,2.0,1.0,78.0,Alto da Boa Vista,300000.0
101282.0,Apartamento   Padrão,2.0,2.0,1.0,65.0,Residencial Florida,260000.0
191351.0,APARTAMENTO PRÓXIMO À RUA JOÃO BIM,3.0,1.0,1.0,81.0,Jardim Paulistano,185000.0
12650.0,APARTAMENTO NO CAMPOS ELÍSEOS,3.0,2.0,1.0,105.0,Campos Eliseos,338000.0
206243.0,Apartamento de 376m² com 04 suítes à venda   Jardim Olhos Dágua,4.0,6.0,5.0,376.0,Jardim Ilhas do Sul,3750000.0
216473.0,Apartamento de 381m² com 05 quartos sendo 04 suítes à venda   Vila do Golf,5.0,6.0,5.0,381.0,Vila do Golf,3700000.0
221411.0,Apartamento de 73m² com 03 quartos sendo 01 suíte à venda   Jardim Antártica,3.0,2.0,2.0,73.0,Jardim Antartica,286200.0
129260.0,APARTAMENTO PRÓXIMO À AVENIDA MEIRA JÚNIOR,3.0,1.0,2.0,126.0,Jardim Paulista,550000.0
165314.0,Apartamento de 44m² com 02 quartos à venda   Quintas de São José,2.0,1.0,1.0,44.0,Quintas de Sao Jose,300000.0
114320.0,Apartamento   Padrão,2.0,1.0,1.0,41.0,Conjunto Habitacional Silvio Passalacqua,134900.0
193442.0,Apartamento de 56m² com 02 quartos à venda   Vila Amélia,2.0,1.0,1.0,56.0,Vila Amelia,275000.0
225242.0,Apartamento mobiliado de 59m² com 02 quartos para venda e locação   Vila do Golf,2.0,2.0,1.0,59.0,Residencial Taiwan,580000.0
163136.0,Apartamento de 151m² com 03 suítes à venda   Jardim Olhos D`Água,3.0,4.0,2.0,151.0,Jardim Olhos DAgua,1253964.0
151250.0,APARTAMENTO NO IRAJA,3.0,3.0,1.0,86.0,Jardim Iraja,335000.0
96044.0,Apartamento de 35m² com 01 quarto à venda   Jardim Irajá,1.0,1.0,1.0,35.0,Jardim Iraja,265000.0
216884.0,Apartamento de 55m² com 02 quartos à venda   Residencial Monterrey,2.0,2.0,1.0,55.0,Residencial Monterrey,420000.0
211298.0,Apartamento de 49m² com 02 quartos   Praças do Ipiranga,2.0,1.0,1.0,49.0,Ipiranga,220000.0
89375.0,Apartamento de 44m² com 01 suíte para locação   Jardim Sumaré,1.0,1.0,1.0,44.0,Jardim Sumare,250000.0
115361.0,Apartamento de 42m² com 02 quartos à venda   Vila Virgínia,2.0,1.0,1.0,42.0,Vila Virginia,150000.0
162974.0,APARTAMENTO PRÓXIMO À AVENIDA PORTUGAL,2.0,1.0,1.0,46.0,City Ribeirao,195000.0
140828.0,Lindo apartamento!,2.0,1.0,1.0,45.0,Conjunto Habitacional Jardim das Palmeiras,160000.0
163334.0,APARTAMENTO PRÓXIMO À RODOVIA ANTÔNIO MACHADO SANTANNA,2.0,1.0,1.0,46.0,Reserva Sul Condominio,297000.0
223661.0,Apartamento de 113m² com 03 suítes à venda   Jardim Olhos D`Água,3.0,4.0,2.0,113.0,Jardim Olhos DAgua,958460.0
129395.0,Apartamento de 46m² com 02 quartos para locação   Residencial Jequitibá,2.0,1.0,1.0,46.0,Residencial Jequitiba,220000.0
53240.0,APARTAMENTO NO SANTA CRUZ DO JOSÉ JACQUES,3.0,3.0,2.0,110.0,Santa Cruz do Jose Jacques,670000.0
143240.0,Apartamento de 41m² com 02 quartos à venda   Residencial Jequitibá,2.0,1.0,1.0,41.0,Residencial Jequitiba,190000.0
243020.0,Apartamento de 41m² com 02 quartos para locação   Reserva Real,2.0,1.0,1.0,41.0,Reserva Real,155000.0
143711.0,Apartamento de 46m² para locação   Reserva Sul,2.0,1.0,1.0,46.0,Reserva Sul Condominio,230000.0
223070.0,Apartamento de 44m² 02 quartos para locação   Geraldo Correia de Carvalho,2.0,1.0,1.0,44.0,Geraldo Correia de Carvalho,135000.0
148055.0,Apartamento de 01 quarto para venda   Centro,1.0,1.0,1.0,39.0,Centro,150000.0
121259.0,Apartamento   Padrão,2.0,2.0,1.0,70.0,Jardim Zara,270000.0
195047.0,EXCELENTE APARTAMENTO LOCALIZADO NO JARDIM BOTÂNICO,3.0,2.0,2.0,70.0,Jardim Botanico,480000.0
245360.0,Apartamento de 85m² com 02 suítes para venda   Nova Aliança,2.0,3.0,2.0,85.0,Nova Alianca,791955.0
101651.0,Apartamento de 146m² com 03 suítes para locação e venda   Jardim São Luiz,4.0,5.0,2.0,146.0,Jardim Sao Luiz,850000.0
229286.0,"Apartamento de 112,40m² com 2 quartos á venda térreo   Jardim Irajá",2.0,2.0,1.0,40.0,Jardim Iraja,371000.0
240248.0,Apartamento de 39m² com 01 suíte à venda  Jardim Irajá,1.0,1.0,1.0,39.0,Jardim Iraja,220000.0
204005.0,APARTAMENTO À VENDA NO BAIRRO RESIDENCIAL GREENVILLE,2.0,1.0,1.0,44.0,Residencial Greenville,200000.0
183443.0,APARTAMENTO PRÓXIMO À AVENIDA JOÃO BATISTA DUARTE,2.0,1.0,1.0,43.0,Valentina Figueiredo,150000.0
191348.0,Apartamento de 100m² com 03 quartos à venda   Jardim Irajá,3.0,3.0,2.0,100.0,Jardim Iraja,899000.0
158237.0,Apartamento de 49m² com 02 quartos à venda   Campos Elíseos,2.0,1.0,1.0,49.0,Campos Eliseos,250000.0
170243.0,Apartamento de 125m² com 03 suítes à venda   Jardim Canadá,3.0,4.0,3.0,125.0,Bonfim Paulista,1200000.0
195470.0,LINDO APARTAMENTO NO CENTRO DE RIBEIRÃO PRETO.,3.0,3.0,1.0,100.0,Centro,340000.0
203723.0,Apartamento de 53m² com 02 quartos   Alto da Boa Vista,2.0,1.0,2.0,53.0,Alto da Boa Vista,330000.0
234014.0,Apartamento de 60m² com 02 quartos para venda   Jardim Anhanguera,2.0,2.0,1.0,60.0,Jardim Zara,265000.0
100019.0,APARTAMENTO NO BAIRRO SUMAREZINHO,2.0,2.0,2.0,68.0,Sumarezinho,230000.0
244913.0,Apartamento de 100m² com 02 quartos para venda   Jardim Botânico,2.0,2.0,1.0,100.0,Jardim Botanico,480000.0
172793.0,Apartamento de 138 m² com 03 quartos   Jardim Sumaré.,3.0,4.0,4.0,138.0,Jardim Sumare,580000.0
176690.0,Apartamento de 66m² com 03 quartos á venda   Jardim Paulista,3.0,2.0,1.0,66.0,Jardim Paulista,290000.0
128819.0,Apartamento   Padrão,3.0,2.0,1.0,83.0,Jardim Zara,260000.0
176303.0,Ótimo apartamento padrão na Zona Sul,2.0,1.0,1.0,65.0,Residencial Florida,265000.0
151592.0,APARTAMENTO PRÓXIMO À AVENIDA HERÁCLITO FONTOURA SOBRAL PINTO,2.0,1.0,1.0,46.0,Reserva Sul Condominio,200000.0
199562.0,APARTAMENTO NO CENTRO,3.0,1.0,1.0,116.0,Centro,450000.0
172463.0,APARTAMENTO NA VILA SEIXAS,1.0,1.0,1.0,42.0,Vila Seixas,200000.0
192791.0,EXCELENTE APARTAMENTO TÉRREO NO PRESIDENTE MEDICI,3.0,2.0,2.0,71.0,Presidente Medici,250000.0
179627.0,APARTAMENTO NO QUINTINO FACCI II,2.0,2.0,1.0,56.0,Chacaras Pedro Correa de Carvalho,224400.0
177980.0,Lindo apartamento no bairro Jardim Itaú,2.0,1.0,1.0,55.0,Jardim Itau,230000.0
178259.0,ÓTIMO APARTAMENTO NO IPIRANGA,2.0,1.0,1.0,47.0,Residencial das Americas,160000.0
91313.0,APARTAMENTO NA VILA AMELIA,2.0,2.0,1.0,75.0,Vila Amelia,275000.0
194228.0,APARTAMENTO NO RESERVA REAL,2.0,1.0,1.0,40.0,Reserva Real,170000.0
238325.0,Apartamento de 46m² com 02 quartos para venda   Jardim Paulistano,2.0,1.0,1.0,46.0,Jardim Paulistano,230000.0
84761.0,Apartamento de 50m² com 02 quartos à venda   Residencial Greenville,2.0,1.0,1.0,50.0,Residencial Greenville,220000.0
205097.0,Apartamento novo com 01 quarto para locação   Jardim Palma Travassos,1.0,1.0,1.0,29.0,Jardim Palma Travassos,200000.0
226538.0,Apartamento de 48m² com 02 quartos à venda   Jardim Heitor Rigon,2.0,1.0,1.0,48.0,Jardim Heitor Rigon,160000.0
27452.0,Apartamento   Padrão,1.0,1.0,1.0,36.0,Jardim Iraja,178000.0
161924.0,Apartamento mobiliado de 40m² com 01 quarto para locação   Jardim Califórnia,1.0,1.0,1.0,40.0,Jardim California,280000.0
155369.0,APARTAMENTO PRÓXIMO À USP,1.0,1.0,1.0,35.0,Vila Amelia,212000.0
94787.0,Apartamento de 45m² com 02 quartos   Parque dos Lagos,2.0,1.0,1.0,45.0,Parque dos Lagos,159000.0
225911.0,Apartamento de 42m² com 02 quartos para locação e venda   Residencial Parque dos Servidores,2.0,1.0,1.0,42.0,Residencial Parque dos Servidores,250000.0
241181.0,Apartamento de 124m² com 03 suítes para a venda e locação   Jardim Olhos D`Água,3.0,4.0,3.0,124.0,Bonfim Paulista,1780000.0
201893.0,APARTAMENTO PRÓXIMO À VIA NORTE,2.0,1.0,1.0,44.0,Ipiranga,210000.0
244844.0,Apartamento de 71m² de 03 quartos sendo uma suíte   Iguatemi,3.0,1.0,1.0,71.0,Iguatemi,280000.0
167627.0,APARTAMENTO NO JD. SÃO LUIZ / JD. IRAJÁ,3.0,2.0,1.0,96.0,Condominio Itamaraty,360000.0
192263.0,EXCELENTE APARTAMENTO À VENDA NO BAIRRO VILA TIBÉRIO,2.0,1.0,1.0,68.0,Vila Amelia,220000.0
98684.0,APARTAMENTO NO LAGOINHA,3.0,2.0,1.0,91.0,Parque Industrial Lagoinha,320000.0
117248.0,Apartamento de 45m² com 02 quartos para locação e venda   Sumarezinho,2.0,1.0,1.0,45.0,Sumarezinho,210000.0
69215.0,Apartamento de 86m² com 03 quartos para locação   Jardim Botânico,3.0,3.0,2.0,86.0,Jardim Botanico,360000.0
218570.0,Apartamento de 218m² com 03 suítes e varanda gourmet para locação e venda   Bosque das Juritis,3.0,5.0,3.0,218.0,Bosque das Juritis,1800000.0
203492.0,APARTAMENTO COM SACADA NO BAIRRO JARDIM NOVO MUNDO,3.0,2.0,1.0,115.0,Jardim Novo Mundo,275000.0
104687.0,Apartamento   Padrão,2.0,1.0,1.0,55.0,Vila Monte Alegre,175000.0
116426.0,Apartamento de 02 quartos para locação   Vila Virgínia,2.0,1.0,1.0,48.0,Vila Virginia,220000.0
114980.0,Apartamento de 53m² com 02 quartos   Reserva Sul,2.0,2.0,1.0,53.0,Condominio Mirante Sul,250000.0
113819.0,Apartamento   Padrão,2.0,1.0,1.0,58.0,Jardim Itau,160000.0
122132.0,Apartamento com 2 quartos de 44 m²   Condomínio Reino da Escócia,2.0,1.0,1.0,44.0,Residencial Greenville,220000.0
237758.0,Apartamento   Padrão,2.0,2.0,1.0,61.0,Ribeirania,460000.0
183350.0,EXCELENTE APARTAMENTO NO SUMAREZINHO,3.0,4.0,2.0,184.0,Sumarezinho,330000.0
5138.0,Apartamento de 68m² com 02 quartos para locação e venda   Higienópolis,3.0,3.0,1.0,68.0,Higienopolis,318000.0
216449.0,Apartamento de 57m² com 02 quartos à venda   Alto da Boa Vista,2.0,2.0,1.0,57.0,Alto da Boa Vista,477000.0
203246.0,APARTAMENTO NO BAIRRO VILA ALBERTINA,2.0,1.0,1.0,42.0,Quintino Facci II,180000.0
153941.0,APARTAMENTO PRÓXIMO À AVENIDA PIO XII,2.0,1.0,1.0,45.0,Vila Virginia,200000.0
160226.0,Apartamento de 60m² com 02 quartos à venda   Jardim Mosteiro,2.0,1.0,1.0,60.0,Jardim Mosteiro,230000.0
196883.0,Apartamento de 44m² com 01 quarto para venda e locação   Jardim Sumaré,1.0,1.0,1.0,44.0,Jardim Sumare,215000.0
218858.0,Apartamento de 49m² com 02 quartos à venda   Ipiranga,2.0,1.0,1.0,49.0,Residencial das Americas,220000.0
224642.0,Apartamento de 42 m² com 02 quartos   Jardim Heitor Rigon,2.0,1.0,1.0,42.0,Jardim Heitor Rigon,155000.0
127421.0,Apartamento de 107m² com 03 quartos para locação e venda   Santa Cruz do José Jacques,3.0,3.0,3.0,107.0,Santa Cruz do Jose Jacques,950000.0
216920.0,Apartamento de 51m² com 01 quarto para locação e venda   Ribeirânia,1.0,1.0,1.0,51.0,Ribeirania,380000.0
230960.0,Apartamento de 52m² com 02 quartos à venda   Jardim Anhanguera,2.0,1.0,1.0,52.0,Jardim Anhanguera,250000.0
191765.0,Apartamento de 200m² com 05 quartos à venda   Jardim Irajá,5.0,5.0,3.0,200.0,Jardim Iraja,1160000.0
207647.0,Apartamento de 34 m² com 1 quarto   Bonfim Paulista,1.0,1.0,1.0,34.0,Quintas de Sao Jose,265000.0
208808.0,Apartamento de 60m² com 02 quartos para venda   Planalto Verde,2.0,1.0,1.0,60.0,Planalto Verde,180000.0
152393.0,Apartamento de 64m² com 02 quartos  Bosque das Juritis,2.0,2.0,1.0,64.0,Jardim Botanico,510000.0
222812.0,Apartamento de 41m² com 02 quartos à venda   Reserva Real,2.0,1.0,1.0,41.0,Reserva Real,159000.0
94943.0,Apartamento de 45m² com 01 quarto   Jardim Florida,1.0,1.0,1.0,45.0,Jardim Florida,340000.0
213821.0,Apartamento de 111m² com 02 suítes à venda   Nova Aliança,2.0,3.0,2.0,111.0,Nova Alianca,780000.0
159758.0,APARTAMENTO PRÓXIMO À RUA MONTE ALEGRE,2.0,2.0,1.0,63.0,Sumarezinho,260000.0
239630.0,Apartamento mobiliado com 51m² com 02 quartos à venda   Jardim Anhanguera,2.0,1.0,1.0,51.0,Jardim Novo Mundo,280000.0
110282.0,Apartamento de 30m² com 01 quarto à venda   Nova Aliança,1.0,1.0,1.0,30.0,Nova Alianca,245000.0
195998.0,Apartamento de 83m² com 03 quartos à venda   Jardim Botânico,3.0,3.0,1.0,83.0,Jardim Botanico,881961.63
209594.0,Apartamento de 38m² com 01 quarto   Condomínio Itamaraty,1.0,1.0,1.0,38.0,Jardim Iraja,250000.0
233189.0,Lançamento: Gran Primavera   Apartamento de 50m² com 02 quartos com 01 suíte à venda   Região do Jardim Olhos D`Água,2.0,2.0,1.0,50.0,Quinta da Primavera,309990.0
157112.0,Apartamento de 37m² com 01 quarto para locação e venda   Centro,1.0,1.0,1.0,37.0,Centro,170000.0
5846.0,Apartamento de 49m² com 01 quarto   Centro,1.0,1.0,1.0,49.0,Centro,200000.0
181952.0,EXCELENTE APARTAMENTO NO CENTRO,3.0,3.0,1.0,100.0,Centro,415000.0
95519.0,Apartamento de 78m² para locação e venda   Nova Aliança,2.0,3.0,2.0,78.0,Nova Alianca,530000.0
227558.0,Apartamento de 80m² com 02 quartos à venda   Jardim Paulista,2.0,2.0,2.0,80.0,Jardim Paulista,550000.0
105257.0,APARTAMENTO PRÓXIMO À AVENIDA PROFESSOR JOÃO FIÚSA,2.0,2.0,2.0,63.0,Jardim Botanico,360000.0
194666.0,EXCELENTE APARTAMENTO PARA VENDA NO BAIRRO RECANTO DA LAGOINHA,2.0,1.0,1.0,46.0,Ribeirania,192000.0
197087.0,Apartamento de 50m² com 1 quarto á venda   Centro,1.0,1.0,1.0,50.0,Centro,170000.0
131819.0,AMPLO APARTAMENTO NO BAIRRO JARDIM BANDEIRANTES,3.0,2.0,1.0,88.0,Parque dos Bandeirantes,320000.0
81263.0,Apartamento de 60m² com 02 quartos à venda  Residencial Greenville,2.0,2.0,1.0,60.0,Residencial Greenville,300000.0
230345.0,Apartamento de 86m² com 02 suítes para venda e locação   Bosque das Juritis,2.0,3.0,2.0,86.0,Bosque das Juritis,850000.0
188318.0,Apartamento de 52m² com 02 quartos à venda   Jardim Bom Pastor,2.0,1.0,1.0,52.0,Jardim Bom Pastor,240000.0
123833.0,APARTAMENTO PRÓXIMO À AVENIDA BARÃO DO BANANAL,2.0,1.0,1.0,53.0,Jardim Zara,210000.0
231395.0,Apartamento de 137m² com 03 suítes à venda   Jardim São Luiz,3.0,4.0,2.0,137.0,Jardim Sao Luiz,950000.0
231935.0,Apartamento de 75m² com 02 quartos à venda   Bosque das Juritis,2.0,2.0,2.0,75.0,Bosque das Juritis,540000.0
191300.0,APARTAMENTO NO JARDIM BOTÂNICO,1.0,1.0,1.0,41.0,Jardim Botanico,233000.0
177194.0,APARTAMENTO TÉRREO NA RIBERÂNIA,2.0,1.0,1.0,45.0,Ribeirania,180000.0
192176.0,Ótimo apartamento no Jardim João Rossi,2.0,1.0,1.0,74.0,Jardim Joao Rossi,106000.0
237335.0,Apartamento de 41m² com 02 quartos à venda   Conjunto Habitacional Sílvio Passalacqua,2.0,1.0,1.0,41.0,Conjunto Habitacional Silvio Passalacqua,195000.0
231866.0,Apartamento de 61m² com 02 quartos à venda   Vila Monte Alegre,2.0,2.0,1.0,61.0,Vila Monte Alegre,325000.0
87983.0,Apartamento de 51m² com 02 quartos à venda   Presidente Medici,2.0,1.0,1.0,51.0,Presidente Medici,185000.0
170123.0,Apartamento de 40m² com 02 quartos para locação e venda   Jardim Ouro Branco,2.0,1.0,1.0,40.0,Jardim Ouro Branco,189900.0
218657.0,Apartamento de 57m² com 02 quartos à venda   Planalto Verde,2.0,2.0,2.0,57.0,Planalto Verde,179000.0
175190.0,Apartamento de 151m² com 03 suítes à venda   Jardim Olhos D`Água II,3.0,5.0,2.0,151.0,Jardim Olhos DAgua,1700000.0
214853.0,Apartamento de 65m² com 02 quartos   Jardim Botânico,2.0,2.0,1.0,65.0,Alamedas do Botanico,569990.0
142199.0,Apartamento de 2 quartos para locação e venda   Vila Tamandaré,2.0,1.0,1.0,62.0,Vila Tamandare,212000.0
242933.0,Apartamento de 97m² com 02 quartos sendo 01 suíte à venda   Nova Aliança,2.0,2.0,2.0,97.0,Nova Alianca,499000.0
244220.0,Apartamento de 42m² com 01 quarto à venda   Jardim Paulista,1.0,1.0,1.0,42.0,Jardim Paulista,160000.0
223934.0,Apartamento de 48m² com 01 suíte à venda   Nova Aliança,1.0,2.0,1.0,48.0,Nova Alianca,330000.0
186578.0,Ótimo apartamento no Parque São Sebastião,2.0,2.0,1.0,59.0,Parque Sao Sebastiao,212000.0
104468.0,APARTAMENTO PRÓXIMO À AVENIDA MARIA DE JESUS CONDEIXA,3.0,3.0,1.0,88.0,Jardim Palma Travassos,385000.0
151877.0,Apartamento de 74m² com 03 quartos para locação   Residencial e Comercial Palmares,3.0,2.0,1.0,74.0,Residencial e Comercial Palmares,202000.0
215204.0,Apartamento de 80m² com 03 quartos para locação   Campos Eliseos,3.0,1.0,1.0,80.0,Campos Eliseos,200000.0
18032.0,APARTAMENTO NO JARDIM PAULISTA,1.0,1.0,1.0,35.0,Jardim Paulista,190000.0
201131.0,Apartamento de 02 quartos para locação e venda   Ana Maria,2.0,2.0,1.0,69.0,Vila Ana Maria,410000.0
157325.0,Apartamento de 63m² com 02 quartos à venda   Nova Aliança,2.0,2.0,1.0,63.0,Nova Alianca,480000.0
120947.0,Apartamento de 86m² com 02 quartos para locação e venda   Vila Seixas,2.0,2.0,2.0,86.0,Vila Seixas,550000.0
207488.0,Apartamento de 75m² com 02 quartos à venda   Jardim Botânico.,2.0,2.0,2.0,75.0,Jardim Botanico,450000.0
93833.0,Apartamento de 63m² com 02 quartos à venda   Nova Aliança,2.0,2.0,1.0,63.0,Nova Alianca,380000.0
171170.0,APARTAMENTO NO CENTRO,3.0,3.0,1.0,216.0,Centro,450000.0
228752.0,Apartamento de 109m² com 03 suítes para locação e venda   Bonfim Paulista,3.0,4.0,2.0,109.0,Plazas de Espana,1550000.0
148451.0,APARTAMENTO PRÓXIMO À RODOVIA ANHANGUERA,2.0,1.0,1.0,42.0,Ribeirao Verde,145000.0
234425.0,Apartamento de 124m² com 03 suítes para venda e locação  Jardim Olhos D`água,3.0,4.0,3.0,124.0,Bonfim Paulista,1500000.0
168887.0,APARTAMENTO NO HEITOR RIGON,2.0,1.0,1.0,42.0,Jardim Heitor Rigon,170000.0
192164.0,EXCELENTE APARTAMENTO À VENDA NA CITY RIBEIRÃO,2.0,1.0,1.0,47.0,City Ribeirao,255000.0
232994.0,Apartamento de 52m² com 02 quartos à venda   Jardim Palma Travassos,2.0,1.0,1.0,52.0,Jardim Palma Travassos,155000.0
232595.0,Apartamento/Padrão   Residencial   No bairro Jardim Palma Travassos   Edifício Paranoá,3.0,2.0,1.0,82.0,Jardim Castelo Branco,395000.0
225605.0,Apartamento de 52m² com 02 quartos à venda   Jardim Zara,2.0,2.0,1.0,52.0,Jardim Zara,245000.0
131285.0,EXCELENTE APARTAMENTO NO CASTELO BRANCO,2.0,1.0,1.0,72.0,Jardim Castelo Branco,265000.0
224297.0,Apartamento de 134m² com 03 suítes à venda   Jardim Olhos D`Água,3.0,5.0,2.0,134.0,Jardim Olhos DAgua,1250000.0
128798.0,Apartamento   Padrão,2.0,1.0,1.0,53.0,Jardim Heitor Rigon,139000.0
188555.0,Apartamento de 144m² com 03 suítes à venda   Jardim Botânico,3.0,5.0,2.0,144.0,Jardim Botanico,1000000.0
235607.0,Apartamento de 55m² com 01 quarto à venda   Jardim Olhos D`Água,1.0,1.0,1.0,55.0,Jardim Olhos DAgua,380000.0
157823.0,Apartamento de 56m² com 02 quartos á venda   Parque São Sebastião,2.0,1.0,1.0,56.0,Parque Sao Sebastiao,270000.0
126275.0,Apartamento de 173m² com 03 quartos à venda   Centro,4.0,5.0,2.0,173.0,Centro,1000000.0
228707.0,Apartamento de 42m² com 02 quartos para locação e venda   Ipiranga,2.0,1.0,1.0,42.0,Quintino Facci II,160000.0
80786.0,APARTAMENTO TÉRREO PRÓXIMO A AVENIDA SENADOR CÉSAR VERGUEIRO,1.0,1.0,1.0,55.0,Jardim Sao Luiz,220000.0
128861.0,Apartamento de 64m² com 02 quartos a venda   Jardim Paulista,2.0,2.0,1.0,64.0,Jardim Paulista,280000.0
167576.0,APARTAMENTO NO JARDIM EUGÊNIO MENDES LOPES,2.0,1.0,1.0,44.0,Jardim Eugenio Mendes Lopes,150000.0
200381.0,Excelente apartamento Térreo com quintal.,2.0,1.0,1.0,41.0,Reserva Real,212000.0
115970.0,EXCELENTE APARTAMENTO ALTO PADRÃO PARA VENDA NO BAIRRO JARDIM IRAJÁ,4.0,6.0,4.0,336.0,Jardim Iraja,1600000.0
145835.0,Apartamento   Padrão,2.0,1.0,1.0,52.0,Jardim Palma Travassos,170000.0
203324.0,Apartamento de 50m² com 02 quartos e sacada à venda   Fiúsa 016,2.0,1.0,1.0,50.0,Alto da Boa Vista,264600.0
129281.0,Apartamento   Padrão,3.0,2.0,1.0,82.0,Jardim Iraja,320000.0
157559.0,APARTAMENTO PRÓXIMO À AVENIDA CASTELO BRANCO,2.0,1.0,1.0,51.0,Presidente Medici,234000.0
203879.0,Apartamento de 50m² com 2 quartos à venda   Jardim Novo Mundo,2.0,1.0,1.0,50.0,Jardim Novo Mundo,307020.0
222944.0,Apartamento de 58m² com 02 quartos para locação e venda   Parque dos Lagos,2.0,2.0,1.0,58.0,Residencial Parque dos Servidores,300000.0
97844.0,Apartamento de 42m² com 01 quarto para locação   Jardim Nova Aliança Sul,1.0,1.0,1.0,42.0,Jardim Nova Alianca Sul,245000.0
184634.0,APARTAMENTO À VENDA NO PARQUE SÃO SEBASTIÃO,2.0,1.0,1.0,49.0,Parque Sao Sebastiao,192000.0
185177.0,Apartamento de 47m² com 02 quartos   Ipiranga,2.0,1.0,1.0,47.0,Ipiranga,190000.0
206435.0,Apartamento de 40m² com 02 quartos para locação   Recreio das Acácias,2.0,1.0,1.0,40.0,Recreio das Acacias,230000.0
120005.0,Apartamento de 38m² com 01 quarto para locação   Nova Aliança,1.0,1.0,1.0,38.0,Nova Alianca,250000.0
178229.0,Apartamento de 73m² com 03 quartos à venda   Nova Aliança,3.0,3.0,1.0,73.0,Nova Alianca,711691.01
213407.0,Apartamento térreo de 46m² com 02 quartos à venda   Vila Abranches,2.0,1.0,1.0,46.0,Vila Abranches,180000.0
165680.0,Apartamento a venda de 45m² com 02 quartos à venda   Jardim Antártica,2.0,1.0,1.0,45.0,Jardim Antartica,300000.0
241514.0,Apartamento de 53m² com 02 quartos sendo 01 suíte à venda   Parque das Oliveiras II,2.0,2.0,1.0,53.0,Parque das Oliveiras,340000.0
232256.0,Apartamento de 153m² com 03 suítes à venda   Jardim Olhos D`Água,3.0,6.0,3.0,153.0,Jardim Olhos DAgua,1390000.0
93200.0,APARTAMENTO Á VENDA NO ANA MARIA,1.0,1.0,1.0,34.0,Vila Ana Maria,230000.0
186122.0,Apartamento de 42m² com 02 quartos à venda   Recanto das Flores em Bonfim Paulista,2.0,1.0,1.0,42.0,Jardim Santa Cecilia,210000.0
170957.0,Lançamento: Vista do Parque   Apartamento de 48m² com 02 quartos à venda   Vila Virgínia,2.0,1.0,1.0,48.0,Vila Virginia,305139.67
167954.0,Apartamento de 55m² com 02 quartos para venda e locação   Iguatemi,2.0,1.0,1.0,55.0,Iguatemi,385000.0
12977.0,APARTAMENTO NA LAGOINHA,3.0,2.0,1.0,66.0,Parque Industrial Lagoinha,250000.0
235976.0,Apartamento mobiliado de 83m² com 02 quartos sendo 01 suíte para locação e venda   Alamedas do Botânico,2.0,2.0,2.0,83.0,Alamedas do Botanico,880000.0
220193.0,Apartamento mobiliado de 47m² com 02 quartos para locação e venda   City Ribeirão,2.0,1.0,1.0,47.0,City Ribeirao,240000.0
212246.0,Apartamento de 94m² com 03 quartos à venda   Lagoinha,3.0,3.0,1.0,94.0,Parque Industrial Lagoinha,360000.0
73517.0,APARTAMENTO SANTA CRUZ DOS JACQUES,3.0,1.0,1.0,93.0,Santa Cruz do Jose Jacques,479000.0
129491.0,** Excelente Apartamento **,2.0,1.0,1.0,66.0,Ribeirao Verde,160000.0
97205.0,Apartamento de 93m² com 03 quartos sendo 01 suíte à venda   Iguatemi,3.0,2.0,3.0,93.0,Iguatemi,380000.0
184883.0,EXCELENTE APARTAMENTO PRÓXIMO À AVENIDA VIRGILIO SOEIRA,2.0,1.0,1.0,42.0,Jardim Jose Wilson Toni,220000.0
133400.0,Apartamento   Padrão,2.0,1.0,1.0,65.0,Jardim Eugenio Mendes Lopes,170000.0
133031.0,Apartamento de 107m² com 03quartos à venda   Alto da Boa Vista,3.0,1.0,1.0,107.0,Alto da Boa Vista,606000.0
201020.0,Apartamento de 194m² com 03 suítes   Jardim Botânico,3.0,5.0,3.0,194.0,Jardim Botanico,1567000.0
240650.0,Apartamento de 127m² com 03 suítes à venda   Jardim Botânico,3.0,4.0,2.0,127.0,Jardim Botanico,1140000.0
220304.0,Apartamento de 51m² com 02 quartos para venda e locação   Presidente Médici,2.0,1.0,1.0,51.0,Presidente Medici,192000.0
162338.0,Apartamento de 126m² com 03 quartos para locação e venda   Residencial e Comercial Palmares,3.0,2.0,1.0,126.0,Residencial e Comercial Palmares,297000.0
44378.0,APARTAMENTO TÉRREO PRÓXIMO À RODOVIA ANHANGUERA,3.0,2.0,1.0,104.0,Residencial e Comercial Palmares,318000.0
162839.0,Apartamento a venda de 135m² com 03 quartos   Jardim Paulistano,3.0,4.0,1.0,135.0,Jardim Paulistano,450000.0
15812.0,Apartamento de 289m² com 04 quartos para venda   Centro,4.0,4.0,4.0,289.0,Centro,1250000.0
241271.0,Apartamento de 46m² com 2 quartos para locação e venda   Ipiranga,2.0,1.0,1.0,46.0,Ipiranga,180000.0
183887.0,Apartamento de 63m² com 02 quartos à venda   Residencial e Comercial Palmares,2.0,1.0,2.0,63.0,Residencial e Comercial Palmares,210000.0
97733.0,Apartamento de 77m² com 02 quartos à venda   Nova Aliança,2.0,3.0,2.0,77.0,Nova Alianca,607000.0
242684.0,Apartamento de 126m² com 03 suítes para locação e venda   Jardim Olhos d`Água,3.0,4.0,2.0,126.0,Jardim Olhos DAgua,1290000.0
159518.0,Apartamento de 42m² com 02 quartos à venda   Vila Virgínia,2.0,1.0,1.0,42.0,Vila Virginia,215000.0
238016.0,Apartamento de 56m² com 02 quartos à venda   Lagoinha,2.0,2.0,1.0,56.0,Parque Industrial Lagoinha,449000.0
90644.0,APARTAMENTO NO CENTRO,2.0,2.0,1.0,122.0,Centro,276000.0
112754.0,Apartamento de 88m² com 02 quartos à venda   Santa Cruz do Jose Jacques,2.0,2.0,1.0,88.0,Santa Cruz do Jose Jacques,560000.0
55031.0,"Apartamento de 107m² com 03 quartos, sendo 01 suíte para venda e locação   Jardim Paulista",3.0,3.0,2.0,107.0,Jardim Paulista,530000.0
237971.0,Apartamento de 85m² com 02 suítes para locação e venda   Nova Aliança,2.0,3.0,2.0,85.0,Nova Alianca,840124.0
226736.0,Apartamento de 41m² com 02 quartos à venda   Residencial Greenville,2.0,1.0,1.0,41.0,Residencial Jequitiba,245000.0
230705.0,Apartamento de 41m² com 02 quartos   Reserva Real,2.0,1.0,1.0,41.0,Reserva Real,160000.0
125066.0,Apartamento de 44m² de 01 quarto à venda   Jardim Paulistano,1.0,1.0,1.0,44.0,Jardim Paulistano,195000.0
181223.0,APARTAMENTO NO JARDIM BOTÂNICO,2.0,3.0,2.0,64.0,Jardim Botanico,450000.0
216002.0,Apartamento de 41m² com 02 quartos para locação e venda   Reserva Real,2.0,1.0,1.0,41.0,Reserva Real,159000.0
195551.0,APARTAMENTO COM VARANDA GOURMET NA ZONA SUL,2.0,1.0,1.0,47.0,Real Sul,297890.0
229352.0,Apartamento de 42m² com 02 quartos para venda   Valentina Figueiredo,2.0,1.0,1.0,42.0,Valentina Figueiredo,220000.0
99188.0,Apartamento   Padrão,3.0,2.0,1.0,62.0,Jardim Palma Travassos,371000.0
59504.0,Apartamento semi mobiliado de 61m² com 02 quartos para locação e venda   Nova Aliança,2.0,2.0,1.0,61.0,Nova Alianca,440000.0
104348.0,Apartamento de 60m² com 01 suíte para locação e venda   City Ribeirão,1.0,2.0,1.0,60.0,City Ribeirao,420000.0
87569.0,Apartamento de 87m² com 02 suítes á venda   Jardim América,2.0,3.0,2.0,87.0,Jardim America,450000.0
111635.0,Apartamento de 118m² com 03 suítes à venda   Jardim Saint Gerard,4.0,3.0,2.0,118.0,Jardim Saint Gerard,1100000.0
244871.0,Apartamento de 43m² com 02 quartos à venda   Valentina Figueiredo,2.0,1.0,1.0,43.0,Valentina Figueiredo,139000.0
215591.0,Apartamento de 204m² com 04 quartos à venda   Jardim Olhos D`Água,4.0,4.0,3.0,204.0,Jardim Olhos DAgua,1932010.0
178382.0,Apartamento de 48m² com 02 quartos para locação e venda   Condomínio Mirante Sul,2.0,1.0,1.0,48.0,Condominio Mirante Sul,255000.0
167387.0,Apartamento de 42m² com 02 quartos para venda   Jardim José Sampaio Júnior,2.0,1.0,1.0,42.0,Jardim Jose Sampaio Junior,165000.0
242633.0,Apartamento de 57m² com 02 quartos sendo 01 suíte à venda   Nova Aliança,2.0,2.0,1.0,57.0,Nova Alianca,450000.0
50651.0,APARTAMENTO NO VILA ANA MARIA,1.0,1.0,1.0,39.0,Vila Ana Maria,212000.0
151934.0,APARTAMENTO MOBILIADO PRÓXIMO À FACULDADE BARÃO DE MAUÁ,2.0,2.0,2.0,70.0,Jardim Macedo,415000.0
217613.0,Apartamento de 58m² com 02 quartos à venda   Vila Tibério,2.0,2.0,1.0,58.0,Vila Tiberio,320000.0
134753.0,Apartamento de 32m² com 01 quarto para locação   Vila Monte Alegre,1.0,1.0,1.0,32.0,Vila Monte Alegre,375000.0
188633.0,Apartamento de 52m² com 02 quartos à venda   Jardim Bom Pastor,2.0,1.0,1.0,52.0,Jardim Bom Pastor,240000.0
114896.0,Apartamento Mobiliado de 31m² com 01 quarto para venda e locação  Ribeirania,1.0,1.0,1.0,31.0,Ribeirania,380000.0
167216.0,APARTAMENTO NO RESERVA REAL,2.0,1.0,1.0,42.0,Reserva Real,200000.0
149240.0,Apartamento de 02 quartos para locação   Bonfim Paulista,2.0,1.0,1.0,48.0,Jardim Sao Fernando,225000.0
95735.0,Apartamento de 63m² com 02 quartos à venda   Residencial e Comercial Palmares,2.0,1.0,2.0,63.0,Residencial e Comercial Palmares,226000.0
243635.0,Apartamento de 54m² com 01 suíte para locação e venda   Jardim São Luiz,1.0,2.0,1.0,54.0,Jardim Sao Luiz,380000.0
219257.0,Apartamento de 66m² com 03 quartos sendo 01 suíte para locação e venda   Jardim Europa,3.0,2.0,1.0,66.0,Parque Industrial Lagoinha,210000.0
231977.0,Apartamento de 71m² com 02 quartos à venda   Bosque das Juritis,2.0,2.0,2.0,71.0,Bosque das Juritis,535000.0
229406.0,Apartamento de 72m² com 03 quartos para venda e locação   Presidente Médici,3.0,2.0,1.0,72.0,Presidente Medici,280000.0
220943.0,Apartamento de 54² com 02 quartos para locação e venda   Reserva Sul Condomínio,2.0,2.0,2.0,54.0,Reserva Sul Condominio,234000.0
84668.0,Apartamento de 54m² com 01 quarto para locação   Jardim São Luiz,1.0,1.0,1.0,54.0,Jardim Sao Luiz,380000.0
217790.0,Apartamento de 44m² com 01 suíte para locação   Jardim Recreio,1.0,2.0,1.0,44.0,Jardim Recreio,350000.0
202454.0,AMPLO APARTAMENTO NO CENTRO,3.0,4.0,2.0,206.0,Centro,650000.0
190370.0,Apartamento de 80 m² com 03 quartos à venda   Vila Mariana,3.0,2.0,1.0,80.0,Vila Mariana,470000.0
206939.0,Apartamento de 44m² com 02 quartos   Quintas de São José,2.0,1.0,1.0,44.0,Quintas de Sao Jose,280000.0
13880.0,Apartamento de 03 quartos à venda   Campos Eliseos,3.0,1.0,1.0,105.0,Campos Eliseos,320000.0
216617.0,Apartamento de 40m² com 01 quarto para locação e venda   Alto da Boa Vista,1.0,1.0,1.0,40.0,Alto da Boa Vista,210000.0
216680.0,Apartamento de 43m² com 02 quartos à venda   Jardim Diva Tarlá de Carvalho,2.0,1.0,1.0,43.0,Jardim Diva Tarla de Carvalho,140000.0
205661.0,Apartamento de 71m² com 02 quartos à venda   Nova Aliança,2.0,2.0,1.0,71.0,Nova Alianca,380000.0
229754.0,Apartamento de 42m² com 02 quartos   Heitor Rigon,2.0,1.0,1.0,42.0,Jardim Heitor Rigon,140000.0
239462.0,Apartamento de 67m² com 02 quartos   Jardim Irajá,2.0,2.0,1.0,67.0,Jardim Iraja,535000.0
104708.0,APARTAMENTO NO RESIDENCIAL GREENVILLE,1.0,1.0,1.0,34.0,Residencial Greenville,200000.0
236462.0,Apartamento mobiliado de 62m² com 02 quartos à venda   Vila Maria Luiza,2.0,2.0,1.0,62.0,Vila Maria Luiza,295000.0
192101.0,***OTIMO APARTAMENTO****,4.0,6.0,4.0,237.0,Jardim Ilhas do Sul,1800000.0
234530.0,Apartamento de 82m² com 03 quartos para locação   Parque Anhangüera,3.0,2.0,1.0,82.0,Parque Anhanguera,350000.0
221771.0,Apartamento de 49m² com 02 quartos à venda   Ipiranga,2.0,1.0,1.0,49.0,Ipiranga,268000.0
208259.0,Apartamento com 86m² com 03 quartos à venda  Parque Industrial Lagoinha,3.0,2.0,1.0,86.0,Parque Industrial Lagoinha,420000.0
225704.0,Apartamento de 43m² com 02 quartos à venda   Reserva Macaúba,2.0,1.0,1.0,43.0,Reserva Macauba,154900.0
155231.0,Pronto para Morar: Magnólia   Apartamento de 82m² com 03 quartos com suíte à venda   Jardim Botânico,3.0,2.0,2.0,82.0,Jardim Botanico,832522.56
241511.0,Apartamento de 42m² com 02 quartos à venda   Planalto Verde,2.0,1.0,1.0,42.0,Planalto Verde,150000.0
64466.0,Apartamento de 40m² com 01 quarto à venda  Vila Seixas,1.0,1.0,1.0,40.0,Vila Seixas,200000.0
237494.0,Apartamento de 48m² com 02 quartos para locação   Nova Aliança,1.0,2.0,1.0,48.0,Nova Alianca,365000.0
205577.0,Apartamento de 63m² com 02 quartos para venda   Ipiranga,2.0,2.0,1.0,63.0,Ipiranga,340000.0
197003.0,APARTAMENTO NO CAMPOS ELÍSEOS,3.0,3.0,2.0,49.0,Campos Eliseos,375000.0
227462.0,Apartamento de 52m² com 02 quartos à venda   Quintas de São José,2.0,2.0,1.0,52.0,Quintas de Sao Jose,340000.0
83519.0,Apartamento   Padrão,3.0,4.0,2.0,109.0,Jardim Botanico,650000.0
154175.0,Apartamento de 46m² com 02 quartos para venda   Lagoinha,2.0,1.0,1.0,46.0,Ribeirania,220000.0
133658.0,Apartamento à Venda   Jardim Botânico,2.0,2.0,1.0,63.0,Jardim Botanico,365000.0
89852.0,OPORTUNIDADE DE NEGÓCIO,2.0,1.0,1.0,62.0,Planalto Verde,270000.0
196397.0,APARTAMENTO NO CENTRO,1.0,1.0,1.0,43.0,Centro,250000.0
197207.0,APARTAMENTO NO NOVA ALIANÇA,1.0,1.0,1.0,41.0,Nova Alianca,260000.0
116492.0,Apartamento   Padrão,2.0,1.0,1.0,76.0,Vila Seixas,300000.0
219113.0,Apartamento de 93m² com 03 suítes à venda   Jardim Botânico,3.0,4.0,2.0,93.0,Jardim Botanico,1280000.0
216413.0,Apartamento de 82m² com 02 quartos para locação   Jardim Nova Aliança Sul,2.0,2.0,1.0,82.0,Jardim Nova Alianca Sul,520000.0
142808.0,Apartamento de 71m² com 03 quartos sendo 01 suíte à venda   Independência,3.0,2.0,1.0,71.0,Independencia,220000.0
228095.0,Apartamento de 40m² com 02 quartos à venda   Jardim Cybelli,2.0,1.0,1.0,40.0,Jardim Cybelli,220000.0
235931.0,Apartamento de 2 quartos térreo com 47 m² no Guaporé,2.0,1.0,1.0,47.0,Quinta da Primavera,276000.0
120695.0,Apartamento de 70m² com 02 quartos para locação   Jardim Novo Mundo,2.0,2.0,1.0,70.0,Jardim Novo Mundo,500000.0
135959.0,Apartament de 120m² com 03 quartos para venda e locação   Centro,3.0,3.0,1.0,120.0,Centro,450000.0
238832.0,Apartamento de 63m² com 02 quartos para venda   Jardim Sumaré,2.0,1.0,1.0,63.0,Jardim Sumare,548000.0
195395.0,APARTAMENTO NO ANA MARIA,2.0,2.0,1.0,69.0,Vila Ana Maria,390000.0
214985.0,Apartamento de 199m² com 03 quartos para locação e venda   Centro,3.0,2.0,1.0,199.0,Centro,400000.0
189176.0,Apartamento de 02 quartos para locação   Chácaras Pedro Correa de Carvalho,2.0,1.0,1.0,43.0,Chacaras Pedro Correa de Carvalho,180000.0
221483.0,Apartamento de 57m² com 02 quartos para venda   Jardim Antártica,2.0,1.0,1.0,57.0,Jardim Antartica,212000.0
54365.0,Apartamento de 02 quartos para locação   Centro,2.0,2.0,1.0,95.0,Centro,430000.0
201068.0,Apartamento de 59m² com 02 quartos para locação   Centro,2.0,2.0,1.0,59.0,Centro,240000.0
152624.0,Apartamento de 44 m² e 2 quartos   Parque São Sebastião,2.0,1.0,1.0,44.0,Parque Sao Sebastiao,180000.0
191540.0,APARTAMENTO PRÓXIMO A HENRI NESTLÉ,2.0,1.0,1.0,41.0,Reserva Real,180000.0
203414.0,EXCELENTE APARTAMENTO NO BAIRRO JARDIM IRAJÁ,3.0,4.0,2.0,131.0,Jardim Iraja,900000.0
193583.0,Apartamento de 43m² com 02 quartos a venda   Bonfim Paulista,2.0,1.0,1.0,43.0,Bonfim Paulista,220000.0
186638.0,Apartamento de 96m² com 03 quartos para locação e venda   Centro,3.0,2.0,2.0,96.0,Centro,430000.0
233045.0,Apartamento de 70m² com 02 quartos á venda   Centro,2.0,1.0,1.0,70.0,Centro,220000.0
229724.0,Apartamento de 88m² com 02 suítes para venda   Parque dos Bandeirantes,2.0,3.0,2.0,88.0,Parque dos Bandeirantes,460000.0
71105.0,Apartamento de 55m² com 02 quartos à venda   no Bairro Iguatemi,2.0,1.0,1.0,55.0,Iguatemi,350000.0
196829.0,APARTAMENTO NO RECANTO DAS PALMEIRAS,2.0,1.0,1.0,42.0,Jardim Pedra Branca,176000.0
239579.0,Apartamento térreo com quintal de 48m² com 02 quartos à venda   Bonfim Paulista,2.0,1.0,1.0,48.0,Bonfim Paulista,297000.0
61085.0,KITNET NO CENTRO,1.0,1.0,1.0,34.0,Centro,140000.0
228374.0,Apartamento de 51m² com 02 quartos à venda   Jardim Novo Mundo,2.0,1.0,1.0,51.0,Jardim Novo Mundo,260000.0
237770.0,apartamento de 57m² com 01 suíte à venda   Nova Aliança,1.0,2.0,1.0,57.0,Nova Alianca,430000.0
187616.0,APARTAMENTO NO RESERVA SUL PARA PERMUTAR,2.0,1.0,1.0,46.0,Reserva Sul Condominio,200000.0
106403.0,APARTAMENTO NO JARDIM BOTÂNICO,3.0,2.0,2.0,83.0,Jardim Botanico,500000.0
26993.0,APARTAMENTO NO JARDIM PAULISTANO,3.0,2.0,1.0,86.0,Jardim Paulistano,270000.0
236738.0,Apartamento de 37m² com 01 quarto para venda e locação   City Ribeirão,1.0,1.0,1.0,37.0,City Ribeirao,175000.0
224624.0,Apartamento de 156m² com 03 suítes à venda   Jardim Botânico,3.0,4.0,2.0,156.0,Jardim Botanico,1599000.0
240326.0,Apartamento de 43m² com 02 quartos à venda   Chácaras Pedro Corrêa de Carvalho,2.0,1.0,1.0,43.0,Chacaras Pedro Correa de Carvalho,170000.0
157586.0,APARTAMENTO 2 DORMITÓRIOS EM BONFIM PAULISTA,2.0,1.0,1.0,48.0,Jardim Sao Fernando,210000.0
171539.0,LINDO APARTAMENTO NO ALTO DA BOA VISTA,3.0,2.0,1.0,80.0,Alto da Boa Vista,400000.0
101093.0,Apartamento   Padrão,2.0,2.0,1.0,90.0,Residencial e Comercial Palmares,350000.0
232940.0,Apartamento completo em Planejados,2.0,1.0,1.0,45.0,Parque Sao Sebastiao,150000.0
174341.0,APARTAMENTO NO JARDIM JOSÉ WILSON TONI,2.0,1.0,1.0,42.0,Jardim Jose Wilson Toni,220000.0
176270.0,APARTAMENTO NO CENTRO,3.0,2.0,1.0,116.0,Centro,430000.0
178775.0,LINDO APARTAMENTO NO DUTRA 2,2.0,1.0,1.0,55.0,Jardim Presidente Dutra II,140000.0
113585.0,PRÉDIO PRÓXIMO AO NOVO SHOPPING,9.0,9.0,9.0,389.0,Parque Industrial Lagoinha,1660000.0
241619.0,Apartamento de 40m² com 02 quartos à venda   Reserva São José,2.0,1.0,1.0,40.0,Reserva Sao Jose,190800.0
227960.0,Apartamento térreo de 58m² com 02 quartos à venda   Parque dos Lagos,2.0,2.0,1.0,58.0,Parque dos Lagos,300000.0
141686.0,Apartamento de 44m² com 02 quartos à venda   Ipiranga,2.0,1.0,1.0,44.0,Ipiranga,215000.0
222530.0,Apartamento de 40m² com 02 quartos para locação   Jardim Emília,2.0,1.0,1.0,40.0,Bonfim Paulista,200000.0
148814.0,Apartamento com 142 m² e 3 quartos   Jardim Sumaré,3.0,3.0,4.0,142.0,Jardim Sumare,689000.0
219836.0,Apartamento de 60m² com 02 quartos sendo 01 suíte para locação e venda   Jardim Sumaré,2.0,2.0,2.0,60.0,Jardim Sumare,780000.0
143756.0,Apartamento de 210m² com 03 quartos à venda   Vila Seixas,3.0,3.0,1.0,210.0,Vila Seixas,420000.0
207365.0,Apartamento de 41m² com 02 quartos à venda   Conjunto Habitacional Sílvio Passalacqua,2.0,1.0,1.0,41.0,Conjunto Habitacional Silvio Passalacqua,145000.0
236351.0,Apartamento de 65m² com 02 suítes à venda   Residencial Taiwan,2.0,3.0,2.0,65.0,Residencial Taiwan,539000.0
228545.0,Apartamento de 125m² com 03 quartos sendo 01 suíte à venda   Jardim São Luiz,3.0,3.0,2.0,125.0,Centro,700000.0
106184.0,APARTAMENTO PRÓXIMO À RUA MARQUÊS DA CRUZ,2.0,1.0,1.0,59.0,Jardim Antartica,212000.0
223316.0,Apartamento de 67m² com 02 quartos para locação   Jardim Botânico,2.0,2.0,1.0,67.0,Jardim Botanico,380000.0
228170.0,Apartamento de 202m² com 03 quartos para locação e venda   Jardim Irajá,3.0,5.0,3.0,202.0,Jardim Iraja,1199000.0
97973.0,"Apartamento de 57,7m² com 2 quartos à venda   Alto da Boa Vista",2.0,1.0,1.0,7.0,Republica,250000.0
108902.0,APARTAMENTO EM LOCALIZAÇÃO PRIVILEGIADA,2.0,3.0,2.0,87.0,Vila Ana Maria,612500.0
100811.0,APARTAMENTO NO SUMAREZINHO,2.0,1.0,1.0,46.0,Sumarezinho,185000.0
129689.0,Apartamento de 45m² com 02 quartos para venda   Sumarezinho,2.0,1.0,1.0,45.0,Sumarezinho,199000.0
226415.0,Apartamento de 80m² com 03 quartos à venda   Jardim Palma Travassos,3.0,2.0,1.0,80.0,Jardim Palma Travassos,255000.0
100067.0,APARTAMENTO NO JARDIM NOVA ALIANÇA,1.0,1.0,1.0,37.0,Nova Alianca,210000.0
241679.0,Apartamento porteira fechada de 78m² com 02 quartos sendo 01 suíte à venda   Parque dos Lagos,2.0,2.0,2.0,78.0,Parque dos Lagos,445000.0
193745.0,Apartamento de 92m² com 03 quartos   Jardim Paulistano,3.0,3.0,1.0,92.0,Jardim Paulistano,450000.0
140438.0,Apartamento de 40m² com 2 quartos para locação e venda   Jardim Zara I,2.0,1.0,1.0,40.0,Jardim Zara,191000.0
168386.0,Apartamento de 40m² com 02 quartos para locação e venda   Reserva Real,2.0,1.0,1.0,40.0,Reserva Real,170000.0
182579.0,Apartamento de 216m² com 03 quartos à venda   Jardim Sumaré,3.0,4.0,1.0,216.0,Jardim Sumare,300000.0
191489.0,ÓTIMO APARTAMENTO NO JARDIM NOVA ALIANÇA,1.0,1.0,1.0,44.0,Nova Alianca,220000.0
191750.0,APARTAMENTO NO JARDIM CASTELO BRANCO,1.0,1.0,1.0,41.0,Jardim Castelo Branco,195000.0
124268.0,Apartamento de 114m² com 03 quartos à venda   Jardim Paulista,3.0,3.0,2.0,114.0,Jardim Paulista,650000.0
236354.0,Apartamento de 65m² com 02 suítes à venda   Residencial Taiwan,2.0,3.0,1.0,65.0,Residencial Taiwan,489000.0
170594.0,APARTAMENTO NO CENTRO,3.0,2.0,1.0,90.0,Centro,350000.0
84344.0,APARTAMENTO PRÓXIMO À AVENIDA NOVE DE JULHO,3.0,3.0,1.0,89.0,Centro,345000.0
231950.0,Apartamento de 75m² com 02 quartos à venda   Bosque das Juritis,2.0,2.0,2.0,75.0,Bosque das Juritis,520000.0
172745.0,Apartamento de 158m² com 03 suítes à venda   Jardim Olhos D`Água,3.0,5.0,2.0,158.0,Jardim Olhos DAgua,1540000.0
113858.0,Apartamento de 47m á venda com 02 quartos   Campos Eliseos,2.0,1.0,1.0,47.0,Campos Eliseos,220000.0
152213.0,Apartamento de 120m² com 03 quartos à venda   Centro,3.0,2.0,1.0,120.0,Centro,280000.0
112757.0,EXCELENTE APARTAMENTO NO SANTA CRUZ DO JOSÉ JACQUES,3.0,3.0,1.0,93.0,Santa Cruz do Jose Jacques,420000.0
221756.0,Apartamento de 42m² com 02 quartos à venda   Jardim Santa Cecilia,2.0,1.0,1.0,42.0,Jardim Santa Cecilia,200000.0
81014.0,Apartamento de 146m² de 04 quartos à venda   Jardim São Luiz,4.0,4.0,2.0,146.0,Jardim Sao Luiz,650000.0
161120.0,APARTAMENTO 03 DORMITÓRIOS 01 SUITE COM VARANDA GOURMET PRÓXIMO A AV. CARLOS CONSONI,3.0,3.0,1.0,89.0,Jardim Botanico,544300.0
183425.0,APARTAMENTO PRÓXIMO À AVENIDA JOÃO BATISTA DUARTE,2.0,1.0,1.0,43.0,Valentina Figueiredo,150000.0
157502.0,LINDO APARTAMENTO PRÓXIMO A AV. DOM PEDRO,2.0,2.0,1.0,68.0,Ipiranga,264947.7
69101.0,Apartamento de 143m² com 03 quartos à venda   Jardim Irajá,3.0,3.0,2.0,143.0,Jardim Iraja,1000000.0
72161.0,Apartamento de 32m² com 01 quarto à venda   Jardim São Luiz,1.0,1.0,1.0,32.0,Jardim Sao Luiz,207000.0
198431.0,APARTAMENTO NO SUMAREZINHO,2.0,1.0,1.0,46.0,Sumarezinho,200000.0
241157.0,Apartamento de 80m² com 02 suítes para a venda e a locação   Jardim Olhos D`água,2.0,3.0,2.0,80.0,Bonfim Paulista,950000.0
185339.0,Apartamento de 214m² com 03 suítes à venda   Bosque das Juritis,3.0,5.0,3.0,214.0,Jardim Sao Luiz,1690000.0
203894.0,Apartamento de 95m² com 03 quartos à venda   Jardim Paulista,3.0,2.0,1.0,95.0,Jardim Paulista,350000.0
154772.0,Apartamento de 76m² com 02 suítes para locação   Nova Ribeirânia,2.0,3.0,1.0,76.0,Nova Ribeirania,600000.0
176465.0,EXCELENTE APARTAMENTO TÉRREO PARA LOCAÇÃO NO BAIRRO VILA TAMANDARÉ,2.0,1.0,1.0,68.0,Vila Tamandare,191000.0
93092.0,Apartamento de 73m² com 02 quartos   Parque Industrial Lagoinha,2.0,2.0,1.0,73.0,Parque Industrial Lagoinha,230000.0
225215.0,Apartamento de 43m² com 02 quartos à venda   Chácaras Pedro Corrêa de Carvalho,2.0,1.0,1.0,43.0,Chacaras Pedro Correa de Carvalho,160000.0
211493.0,Apartamento de 76m² com 02 suítes para venda   Jardim Botânico,2.0,3.0,2.0,76.0,Jardim Botanico,580000.0
125864.0,APARRTAMENTO TÉRREO PRÓXIMO À AVENIDA BRAZ OLAIA ACOSTA,1.0,1.0,1.0,45.0,Vila Ana Maria,240000.0
238820.0,Apartamento de 69m² com 02 quartos para venda   Jardim Sumaré,2.0,2.0,1.0,69.0,Jardim Sumare,559000.0
82028.0,Excelente Oportunidade próximo a USP.,2.0,1.0,1.0,56.0,Vila Amelia,330000.0
204152.0,Apartamento de 61m² com 02 quartos para locação e venda   Quinta da Primavera,2.0,2.0,1.0,61.0,Quinta da Primavera,500000.0
217664.0,Apartamento de 97m² com 03 quartos à venda   Vila Tibério,3.0,2.0,2.0,97.0,Vila Tiberio,375000.0
205856.0,Apartamento de 96m² com 04 quartos para locação   Centro,4.0,2.0,2.0,96.0,Centro,540000.0
98255.0,Apartamento   Padrão,2.0,1.0,1.0,117.0,Reserva Sul Condominio,255000.0
163016.0,Apartamento de 113m² com 03 suítes à venda   Jardim Olhos D`Água,2.0,3.0,2.0,113.0,Jardim Olhos DAgua,999000.0
222635.0,Apartamento de 43m² com 02 quartos à venda   Loteamento Santa Marta,2.0,1.0,1.0,43.0,Loteamento Santa Marta,240000.0
183923.0,Apartamento de 60m² com 02 quartos para locação e venda   Jardim Nova Aliança Sul,2.0,1.0,2.0,60.0,Jardim Nova Alianca Sul,550000.0
231638.0,Apartamento de 60m² com 02 suítes para locação e venda   Vila do Golf.,2.0,3.0,1.0,60.0,Residencial Taiwan,560000.0
165278.0,APARTAMENTO TÉRREO PRÓXIMO AO ATACADÃO,2.0,1.0,1.0,42.0,Valentina Figueiredo,170000.0
118646.0,Apartamento de 46m² com 01 quarto para venda   Nova Aliança,1.0,1.0,1.0,46.0,Nova Alianca,420000.0
229505.0,Apartamento de 40m² com 02 quartos à venda   Parque dos Pinus,2.0,1.0,1.0,40.0,Parque dos Pinus,140000.0
101285.0,Apartamento   Padrão,2.0,2.0,1.0,65.0,Residencial Florida,270000.0
151295.0,Apartamento de 46m² com 02 quartos para locação   Ipiranga,2.0,1.0,1.0,46.0,Ipiranga,149000.0
79724.0,Apartamento de 03 quartos para venda   Republica,3.0,2.0,2.0,103.0,Republica,580000.0
197459.0,APARTAMENTO NO CENTRO,1.0,1.0,1.0,47.0,Centro,260000.0
213965.0,Apartamento de 56m² com 02 quartos à venda   Ipiranga,2.0,2.0,1.0,56.0,Ipiranga,256000.0
157142.0,Apartamento de 37m² com 01 quarto para venda   Parque Industrial Lagoinha,1.0,1.0,1.0,37.0,Parque Industrial Lagoinha,180000.0
220703.0,Apartamento de 43m² com 02 quartos para locação   Recreio das Acácias,2.0,1.0,1.0,43.0,Reserva Sao Jose,280000.0
127703.0,Apartamento de 2 quartos para locação e venda   Vila Virgínia,2.0,1.0,1.0,48.0,Vila Virginia,250000.0
231425.0,Apartamento de 71m² com 03 quartos para venda e locação   Ribeirânia,2.0,2.0,2.0,71.0,Ribeirania,600000.0
230861.0,Apartamento com 45m² com 01 quarto para Locação e venda   Jardim Califórnia,1.0,1.0,1.0,45.0,Jardim California,320000.0
77144.0,Apartamento de 47m² com 02 quartos para locação e venda   Parque dos Lagos,2.0,1.0,1.0,47.0,Parque dos Lagos,180000.0
198419.0,APARTAMENTO NO PRESIDENTE MEDICI,2.0,2.0,2.0,110.0,Presidente Medici,318000.0
204461.0,Apartamento de 239m² com 04 quartos para venda e locação   Jardim Irajá,4.0,4.0,4.0,239.0,Jardim Iraja,1500000.0
133568.0,APARTAMENTO NO BAIRRO JARDIM INDEPENDÊNCIA,2.0,1.0,1.0,59.0,Independencia,160000.0
244862.0,Apartamento de 42m² com 02 quartos para venda   Vila Virgínia,2.0,1.0,1.0,42.0,Vila Virginia,179000.0
148004.0,Apartamento de 82m² com 03 quartos   Jardim Palma Travassos,3.0,2.0,2.0,82.0,Jardim Castelo Branco,305000.0
63977.0,Apartamento   Padrão,2.0,2.0,1.0,70.0,Vila Elisa,175000.0
116159.0,Apartamento de 122m² com 03 suítes à venda   Jardim Botânico,3.0,5.0,2.0,122.0,Jardim Botanico,795000.0
235415.0,Apartamento de 124m² com 03 quartos para locação e venda   Centro,3.0,4.0,2.0,124.0,Centro,550000.0
148415.0,Apartamento de 89m² com 03 quartos à venda   Centro,3.0,2.0,1.0,89.0,Centro,297000.0
98624.0,Apartamento de 34m² com 01 quarto à venda   Jardim Irajá,1.0,1.0,1.0,34.0,Condominio Itamaraty,265000.0
228164.0,Apartamento de 88m² com 03 quartos à venda   Jardim Botânico,3.0,3.0,1.0,88.0,Jardim Botanico,380000.0
231914.0,Apartamento de 71m² com 02 quartos à venda   Bosque das Juritis,2.0,2.0,2.0,71.0,Bosque das Juritis,520000.0
180443.0,APARTAMENTO PRÓXIMO À AV. LUZITANA,2.0,1.0,1.0,46.0,Jardim Marchesi,200000.0
107618.0,Apartamento de 118m² com 03 suítes para venda   Jardim Botânico,3.0,4.0,2.0,118.0,Jardim Botanico,700000.0
208430.0,Apartamento de 118m² com 03 quartos à venda   Jardim Botânico,3.0,2.0,2.0,118.0,Jardim Botanico,850000.0
193604.0,APARTAMENTO NO IPIRANGA,3.0,2.0,1.0,70.0,Ipiranga,200000.0
217625.0,Apartamento de 109m² com 02 suítes para locação   Jardim Olhos D`Água,2.0,4.0,2.0,109.0,Plazas de Espana,1275000.0
146720.0,Apartamento de 82m² com 03 quartos para locação e venda   Nova Aliança,3.0,2.0,2.0,82.0,Nova Alianca,560000.0
220613.0,Apartamento de 46m² com 02 quartos à venda   Jardim Itaú,2.0,1.0,1.0,46.0,Jardim Itau,160000.0
124259.0,APARTAMENTO NO MONTE ALEGRE,1.0,1.0,1.0,32.0,Vila Monte Alegre,150000.0
54347.0,Apartamento de 125m² com 03 quartos,3.0,3.0,2.0,125.0,Centro,636000.0
195653.0,APARTAMENTO PRÓXIMO À AVENIDA INDEPENDÊNCIA,1.0,1.0,1.0,38.0,Jardim California,190000.0
239717.0,Apartamento de 42m² com 02 quartos à venda   Jardim Cybelli,2.0,1.0,1.0,42.0,Jardim Cybelli,175000.0
234761.0,Apartamento de 54m² com 02 quartos para locação e venda   Jardim Anhanguera,2.0,2.0,1.0,54.0,Jardim Anhanguera,330000.0
91607.0,Apartamento de 46m² com 01 quartos para venda e locação   Vila Monte Alegre,1.0,1.0,1.0,46.0,Vila Monte Alegre,393000.0
120470.0,Apartamento de 37m² com 01 quarto à venda   Nova Aliança,1.0,1.0,1.0,37.0,Nova Alianca,210000.0
226550.0,Apartamento de 54m² com 02 quartos à venda   Parque Anhanguera,2.0,1.0,1.0,54.0,Parque Anhanguera,275600.0
236972.0,Apartamento de 41m² com 01 quarto para locação e venda   Campos Elíseos,1.0,1.0,1.0,41.0,Campos Eliseos,210000.0
107099.0,Apartamento de 46 m² com 1 quarto à venda   Centro,1.0,1.0,1.0,46.0,Centro,180000.0
149501.0,APARRTAMENTO PRÓXIMO À AVENIDA MEIRA JÚNIOR,1.0,1.0,1.0,38.0,Jardim Paulista,150000.0
150542.0,Apartamento de 204m² com 03 quartos à venda   Centro,3.0,3.0,1.0,204.0,Centro,530000.0
74117.0,Apartamento de 39m² com 01 quarto para locação   Jardim Califórnia,1.0,1.0,1.0,39.0,Jardim California,250000.0
198227.0,APARTAMENTO NO CENTRO,4.0,4.0,2.0,232.0,Centro,690000.0
244874.0,Apartamento de 43m² com 01 quarto à venda   Ribeirânia,1.0,1.0,1.0,43.0,Nova Ribeirania,320178.0
244229.0,Apartamento de 78m² com 02 dormitórios para venda e locação   Jardim São Luiz,2.0,2.0,2.0,78.0,Jardim Sao Luiz,680000.0
126716.0,Apartamento de 74m² com 03 quartos à venda   Centro,2.0,3.0,2.0,74.0,Centro,500000.0
158177.0,APARTAMENTO NO CENTRO,3.0,3.0,2.0,123.0,Centro,480000.0
165446.0,Apartamento de 74m² com 02 quartos para locação   Santa Cruz do José Jacques,2.0,2.0,1.0,74.0,Santa Cruz do Jose Jacques,390000.0
69680.0,AMPLO APARTAMENTO PRÓXIMO AV. MEIRA JUNIOR,3.0,2.0,2.0,101.0,Campos Eliseos,298000.0
233480.0,Apartamento de 64m² com 02 quartos à venda   Sumarezinho,2.0,2.0,1.0,64.0,Sumarezinho,375000.0
223970.0,Apartamento de 48m² com 02 quartos à venda   Quintas de São José,2.0,1.0,1.0,48.0,Quintas de Sao Jose,319000.0
222617.0,Apartamento de 40m² com 02 quartos à venda   Parque dos Pinus,2.0,1.0,1.0,40.0,Parque dos Pinus,145000.0
206177.0,Apartamento de 80m² com 03 quartos à venda   Independência,3.0,2.0,2.0,80.0,Independencia,380000.0
102452.0,Apartamento de 53m² com 02 quartos   Reserva Sul,2.0,2.0,2.0,53.0,Reserva Sul Condominio,222000.0
152804.0,Apartamento de 34m² com 01 quarto à venda   Quintas de São José,1.0,1.0,1.0,34.0,Quintas de Sao Jose,265000.0
239024.0,Apartamento de 65 m² com 02 quartos para locação   Centro,2.0,1.0,1.0,65.0,Vila Seixas,200000.0
87041.0,APARTAMENTO PRÓXIMO À AVENIDA COSTÁBILE ROMANO,3.0,2.0,1.0,85.0,Jardim Sao Luiz,300000.0
148052.0,APARTAMENTO PRÓXIMO À AVENIDA INDEPENDÊNCIA,1.0,1.0,1.0,36.0,Residencial Florida,280000.0
215561.0,Apartamento de 55m² com 02 quartos à venda   Vila Virgínia,2.0,1.0,1.0,55.0,Vila Virginia,200000.0
147971.0,APARTAMENTO PRÓXIMO À AVENIDA ALFREDO RAVANELI,2.0,1.0,1.0,49.0,Parque Sao Sebastiao,170000.0
199289.0,Apartamento de 41m² com 02 quartos à venda   Reserva Real,2.0,1.0,1.0,41.0,Reserva Real,180000.0
112688.0,Apartamento de 139m² com 04 quartos à venda   Jardim Canadá,4.0,4.0,2.0,139.0,Jardim Canada,990000.0
124226.0,Apartamento de 97m² com 03 quartos para locação e venda   Centro,3.0,2.0,1.0,97.0,Centro,350000.0
198359.0,Apartamento de 63m² com 02 quartos para venda e locação   Campos Elíseos,2.0,1.0,1.0,63.0,Campos Eliseos,350000.0
99638.0,Apartamento de 120m² com 03 quartos para venda e locação   Campos Elíseos,3.0,3.0,1.0,120.0,Campos Eliseos,318000.0
49688.0,Apartamento de 221m² com 03 quartos à venda   Centro,3.0,3.0,1.0,221.0,Higienopolis,690000.0
179561.0,Apartamento de 02 quartos mobiliado para locação   Vila Virginia,2.0,1.0,1.0,42.0,Jardim Maria Goretti,200000.0
97214.0,Apartamento de 45m² com 02 quartos para locação   República,2.0,1.0,1.0,45.0,Republica,180000.0
106424.0,APARTAMENTO NO MONTE ALEGRE,3.0,2.0,1.0,99.0,Vila Monte Alegre,325000.0
190727.0,APARTAMENTO NA CITY RIBEIRÃO,2.0,1.0,1.0,47.0,City Ribeirao,225000.0
159353.0,APARTAMENTO PRÓXIMO À AVENIDA INDEPENDÊNCIA,1.0,2.0,1.0,73.0,Alto da Boa Vista,290000.0
167354.0,APARTAMENTO NA VILA SEIXAS,1.0,1.0,1.0,35.0,Vila Seixas,190000.0
238763.0,Apartamento de 42m² com 02 quartos à venda   Planalto Verde,2.0,1.0,1.0,42.0,Planalto Verde,175000.0
148382.0,*** Excelente Oportunidade***,2.0,1.0,1.0,47.0,Jardim Paulistano,250000.0
199679.0,Apartamento de 64m² com 03 quartos sendo 01 suíte para locação e venda   Campos Elísios,3.0,2.0,1.0,64.0,Campos Eliseos,270000.0
86414.0,APARTAMENTO NO LAGOINHA,1.0,1.0,1.0,37.0,Parque Industrial Lagoinha,170000.0
165965.0,Apartamento de 42m² com 02 dormitórios para locação e venda   Parque São Sebastião,2.0,1.0,1.0,42.0,Parque Sao Sebastiao,190000.0
134831.0,Apartamento de 72m² com 03 quartos para venda e locação   Presidente Médici,3.0,2.0,1.0,72.0,Presidente Medici,299000.0
229205.0,Apartamento de 39m² com 01 quarto para locação e venda   Jardim Sumaré,1.0,1.0,1.0,39.0,Jardim Sumare,455000.0
131432.0,Apartamento de 48m² com 02 quartos á venda   Alto do Ipiranga,2.0,2.0,1.0,48.0,Alto do Ipiranga,244000.0
174989.0,APARTAMENTO NO BAIRRO JARDIM PAULISTA,1.0,1.0,1.0,41.0,Jardim Paulista,160000.0
133865.0,APARTAMENTO PRÓXIMO À UNAERP,3.0,2.0,1.0,88.0,Jardim Palma Travassos,500000.0
162947.0,APARTAMENTO PRÓXIMO AO PARQUE CARLOS RAYA,3.0,2.0,1.0,68.0,Jardim Iraja,370000.0
231314.0,Apartamento de 43m² com 02 quartos à venda   Jardim Heitor Rigon,2.0,1.0,1.0,43.0,Jardim Heitor Rigon,148000.0
147620.0,APARTAMENTO PRÓXIMO À RUA CORONEL AMÉRICO BATISTA,2.0,1.0,1.0,42.0,Ipiranga,170000.0
240386.0,Apartamento de 89m² com 02 quartos à venda   Bosque das Juritis,2.0,2.0,2.0,89.0,Bosque das Juritis,690000.0
142340.0,Apartamento de 56m² com 02 quartos à venda   Alto do Ipiranga,2.0,1.0,1.0,56.0,Alto do Ipiranga,270000.0
228593.0,Apartamento de 48m² com 02 quartos à venda   Centro,2.0,1.0,1.0,48.0,Jardim Sao Fernando,270000.0
188528.0,Apartamento de 46m² com 02 quartos à venda   Parque Industrial Lagoinha,2.0,1.0,1.0,46.0,Parque Industrial Lagoinha,220000.0
225974.0,Apartamento de 42m² com 02 quartos à venda   Valentina Figueiredo,2.0,1.0,1.0,42.0,Valentina Figueiredo,150000.0
235481.0,Apartamento de 41m² com 01 quarto à venda   Vila Monte Alegre,1.0,1.0,1.0,41.0,Vila Monte Alegre,250000.0
137903.0,APARTAMENTO DUPLEX NO CENTRO,1.0,1.0,1.0,49.0,Centro,170000.0
198602.0,APARTAMENTO NO JARDIM PAULISTA,2.0,1.0,1.0,74.0,Jardim Paulista,290000.0
231998.0,Apartamento de 48m² com 02 quartos para venda   Jardim Paulistano,2.0,1.0,1.0,48.0,Jardim Paulistano,320000.0
88370.0,Apartamento de 01 quarto para locação   Jardim Irajá,1.0,1.0,1.0,34.0,Jardim Iraja,265000.0
150914.0,Apartamento de 131m² com 03 quartos   Centro,3.0,3.0,1.0,131.0,Centro,424000.0
148340.0,Apartamento de 96m² com 03 quartos à venda   Jardim Paulistano,3.0,2.0,1.0,96.0,Jardim Paulistano,280000.0
207833.0,Apartamento de 124m² com 03 quatos   Centro,4.0,3.0,2.0,124.0,Centro,500000.0
216833.0,Apartamento de 155m² com 03 suítes à venda   Residencial Alto do Ipê,3.0,4.0,3.0,155.0,Residencial Alto do Ipe,1290000.0
41315.0,Apartamento   Padrão,3.0,1.0,1.0,100.0,Residencial e Comercial Palmares,315000.0
231962.0,Apartamento de 75m² com 02 quartos à venda   Bosque das Juritis,2.0,2.0,2.0,75.0,Bosque das Juritis,520000.0
18701.0,Apartamento de 3 quartos   Vila Tibério,3.0,2.0,1.0,100.0,Vila Tiberio,255000.0
199151.0,APARTAMENTO NO PAULO GOMES,2.0,1.0,1.0,42.0,Jardim Jose Wilson Toni,145000.0
228179.0,Apartamento 46m² com 02 quartos à venda   Parque Industrial Lagoinha,2.0,1.0,1.0,46.0,Parque Industrial Lagoinha,200000.0
151568.0,Apartamento de 58m² com 03 quartos à venda   Campos Elíseos,3.0,1.0,1.0,58.0,Campos Eliseos,240000.0
178796.0,Apartamento com 03 quartos para locação e venda   Centro,3.0,2.0,1.0,103.0,Centro,400000.0
234578.0,Apartamento de 45m² com 02 quartos para venda   Bonfim Paulista,2.0,1.0,1.0,45.0,Quinta da Primavera,380000.0
184286.0,Apartamento de 43m² com 02 quartos para locação e venda   Valentina Figueiredo,2.0,1.0,1.0,43.0,Valentina Figueiredo,181000.0
225536.0,Apartamento de 90m² com 02 suítes à venda   Quinta da Primavera,2.0,3.0,2.0,90.0,Quinta da Primavera,800000.0
125525.0,apartamento de 75m² com 03 quartos sendo 01 suíte para venda   Jardim São José,3.0,2.0,2.0,75.0,Jardim Sao Jose,424000.0
140840.0,APARTAMENTO TÉRREO JARDIM MANOEL PENNA,2.0,1.0,1.0,47.0,Jardim Manoel Penna,180000.0
243377.0,Apartamento de 81m² com com 02 suítes à venda   Nova Aliança,2.0,3.0,2.0,81.0,Nova Alianca,650000.0
184385.0,APARTAMENTO PRÓXIMO À AVENIDA CARAMURU,2.0,1.0,1.0,59.0,Parque Ribeirao Preto,130000.0
130145.0,Apartamento de 79m² com 02 suítes para venda   Centro,2.0,3.0,1.0,79.0,Centro,350000.0
93287.0,Apartamento de 101m² com 03 quartos à venda   Nova Aliança,3.0,2.0,2.0,101.0,Nova Alianca,540000.0
174383.0,APARTAMENTO NO ALTO DO IPIRANGA,3.0,2.0,1.0,82.0,Alto do Ipiranga,265000.0
200444.0,EXCELENTE APARTAMENTO PARA LOCAÇÃO E VENDA NO BAIRRO VILLA GUIOMAR,2.0,1.0,1.0,45.0,Vila Guiomar,230000.0
167075.0,APARTAMENTO NO JD. INDEPENDÊNCIA,3.0,2.0,1.0,80.0,Independencia,330000.0
176252.0,APARTAMENTO NA VILA MONTE ALEGRE,3.0,2.0,1.0,77.0,Vila Monte Alegre,300000.0
81533.0,APARTAMENTO NA VILA ANA MARIA,2.0,2.0,2.0,64.0,Vila Ana Maria,340000.0
119207.0,APARTAMENTO PRÓXIMO À AVENIDA TREZE DE MAIO,3.0,2.0,1.0,117.0,Parque dos Bandeirantes,372000.0
119048.0,Apartamento   Padrão,3.0,2.0,2.0,75.0,Jardim Botanico,650000.0
202070.0,APARTAMENTO NA VILA VIRGINIA,2.0,1.0,1.0,42.0,Vila Virginia,220000.0
240869.0,Apartamento de 95m² com 03 quartos à venda   Campos Elíseos,3.0,2.0,2.0,95.0,Campos Eliseos,595000.0
214976.0,Apartamento de 66m² com 02 quartos à venda   Quinta da Primavera,2.0,2.0,1.0,66.0,Quinta da Primavera,585346.0
31463.0,Apartamento de 01 quarto para venda   Jardim Irajá,1.0,1.0,1.0,38.0,Jardim Iraja,190000.0
176129.0,Apartamento de 71m² 02 quartos para locação   Santa Cruz do José Jacques,2.0,2.0,1.0,71.0,Santa Cruz do Jose Jacques,370000.0
192065.0,APARTAMENTO RESERVA SUL RESORT,2.0,1.0,1.0,50.0,Reserva Sul Condominio,170000.0
239963.0,Apartamento de 61m² com 02 quartos à venda   Jardim Zara,2.0,2.0,1.0,61.0,Jardim Zara,258900.0
152309.0,APARTAMENTO PRÓXIMO À AVENIDA MEIRA JÚNIOR,2.0,1.0,1.0,46.0,Jardim Paulistano,265000.0
149309.0,EXCELENTE APARTAMENTO NO GREENVILLE,2.0,2.0,1.0,53.0,Residencial Greenville,240000.0
120692.0,Apartamento   Padrão,2.0,2.0,1.0,70.0,Jardim Novo Mundo,300000.0
161699.0,APARTAMENTO PRÓXIMO À RODOVIA ANHANGUERA,2.0,1.0,1.0,44.0,Residencial Greenville,140000.0
237527.0,Apartamento mobiliado de 35m² com 01 quarto para locação e venda   Vila Seixas,1.0,1.0,1.0,35.0,Vila Seixas,260000.0
225698.0,Apartamento de 95m² com 03 quartos para venda e locação   Jardim Canadá,3.0,3.0,2.0,95.0,Jardim Canada,640000.0
233765.0,Apartamento de 41m² com 02 quartos á venda   Jardim José Sampaio Júnior,2.0,1.0,1.0,41.0,Jardim Jose Sampaio Junior,140000.0
236171.0,Apartamento mobiliado de 195m² com 03 suítes para locação e venda   Residencial Alto do Ipê,3.0,5.0,5.0,195.0,Residencial Alto do Ipe,2000000.0
127211.0,Apartamento de 01 quarto para venda   Nova Aliança,1.0,1.0,1.0,40.0,Nova Alianca,280000.0
226478.0,Apartamento de 43m² com 02 quartos à venda   Jardim Diva Tarla de Carvalho,2.0,1.0,1.0,43.0,Jardim Diva Tarla de Carvalho,190000.0
116726.0,APARTAMENTO NO JARDIM ITAÚ,2.0,1.0,1.0,44.0,Jardim Itau,150000.0
212390.0,Apartamento de 44m² com 01 quarto à venda   Nova Ribeirânia,1.0,1.0,1.0,44.0,Nova Ribeirania,295000.0
88238.0,Apartamento de 90m² com 03 quartos para locação e venda   Jardim Irajá,3.0,1.0,1.0,90.0,Jardim Iraja,350000.0
197078.0,APARTAMENTO NO PARQUE DOS PINUS,2.0,1.0,1.0,40.0,Parque dos Pinus,135000.0
152855.0,Apartamento de 139m² com 04 quartos à venda   Jardim Canadá,4.0,4.0,2.0,139.0,Jardim Canada,1242000.0
237842.0,Apartamento de 42m² com 02 quartos para locação e venda   Jardim Heitor Rigon,2.0,1.0,1.0,42.0,Jardim Heitor Rigon,200000.0
88541.0,Apartamento de 45m² com 01 quarto para venda   Nova Aliança,1.0,1.0,1.0,45.0,Nova Alianca,275000.0
225695.0,Apartamento de 42m² com 02 quartos   Parque Industrial Lagoinha   Condomínio Lar México,2.0,1.0,1.0,42.0,Parque Residencial Lagoinha,195000.0
146312.0,APARTAMENTO PRÓXIMO À AVENIDA DOUTOR FRANCISCO JUNQUEIRA,2.0,1.0,1.0,52.0,Jardim Palma Travassos,143000.0
206480.0,Apartamento de 99m² com 03 quartos à venda   Vila Tibério,3.0,2.0,1.0,99.0,Vila Tiberio,380000.0
219425.0,Apartamento de 53m² com 01 quarto para locação   Residencial e Comercial Palmares,1.0,1.0,1.0,53.0,Residencial e Comercial Palmares,265000.0
212015.0,Apartamento de 45m² com 01 quarto à venda   Vila do Golfe,1.0,1.0,1.0,45.0,Vila do Golf,700000.0
136349.0,Apartamento de 41m² com 02 quartos para locação e venda   Jardim José Sampaio Júnior,2.0,1.0,1.0,41.0,Jardim Jose Sampaio Junior,215000.0
122201.0,APARTAMENTO PRÓXIMO À RODOVIA ANHANGUERA,2.0,1.0,1.0,42.0,Ribeirao Verde,140000.0
168512.0,"APARTAMENTO 3 DORMITÓRIOS, BAIRRO LAGOINHA",3.0,2.0,1.0,66.0,Parque Industrial Lagoinha,243000.0
95117.0,Apartamento de 60m² com 02 para locação   Nova Aliança,2.0,3.0,2.0,60.0,Nova Alianca,350000.0
122342.0,Apartamento de 106 m² com 03 quartos   locação e venda   Santa Cruz do José Jacques,3.0,2.0,2.0,106.0,Santa Cruz do Jose Jacques,575000.0
208352.0,Apartamento de 02 quartos com 54m² para locação   Monte Alegre,2.0,2.0,1.0,54.0,Vila Monte Alegre,371000.0
240977.0,Apartamento de 47m² com 02 quartos à venda   Alto do Ipiranga,2.0,1.0,1.0,47.0,Alto do Ipiranga,238500.0
101639.0,Apartamento de 85m² com 02 quartos sendo 01 suíte para locação   Jardim Irajá,2.0,2.0,1.0,85.0,Jardim Iraja,400000.0
161870.0,APARTAMENTO NO BAIRRO RIBEIRÃO VERDE,2.0,1.0,1.0,42.0,Jardim Florestan Fernandes,159000.0
193091.0,****APARTAMENTO NO GREENVILLE****,2.0,1.0,1.0,67.0,Jardim Manoel Penna,350000.0
203336.0,APARTAMENTO COM SACADA NO CONDOMÍNIO FIÚSA 016,2.0,2.0,1.0,55.0,Alto da Boa Vista,300510.0
29600.0,Apartamento de 42m² com 01 quarto para venda e locação   Vila Ana Maria,1.0,1.0,1.0,42.0,Vila Ana Maria,250000.0
182060.0,APARTAMENTO PRÓXIMO À RODOVIA JOSÉ FREGONEZZI,1.0,2.0,1.0,69.0,Jardim Olhos DAgua,575557.0
158402.0,Apartamento de 85m² com 03 quartos à venda   Presidente Médici,3.0,1.0,1.0,85.0,Presidente Medici,340000.0
58529.0,APARTAMENTO NA LAGOINHA,1.0,1.0,1.0,45.0,Parque Industrial Lagoinha,190000.0
166034.0,Apartamento de 59m² com 02 quartos à venda   Parque Industrial Lagoinha,2.0,1.0,1.0,59.0,Parque Industrial Lagoinha,235000.0
221213.0,Apartamento de 85m² com 03 quartos sendo 01 suíte à venda   Centro,3.0,3.0,1.0,85.0,Centro,330000.0
167774.0,Apartamento próximo ao Shopping Santa Úrsula,4.0,4.0,2.0,173.0,Centro,690000.0
223271.0,Apartamento de 180m² com 03 suítes à venda   Residencial Alto do Ipê,3.0,4.0,3.0,180.0,Residencial Alto do Ipe,2000000.0
210053.0,Apartamento de 41m² com 02 quartos à venda   Reserva Real,2.0,1.0,1.0,41.0,Reserva Real,155000.0
152477.0,APARTAMENTO PRÓXIMO À AVENIDA BARÃO DO BANANAL,3.0,3.0,1.0,85.0,Parque dos Bandeirantes,310000.0
148241.0,Apartamento de 42m² com 02 quartos á venda   Jardim Heitor Rigon,2.0,1.0,1.0,42.0,Jardim Heitor Rigon,150000.0
232304.0,Apartamento de 63m² com 02 quartos à venda   Centro,2.0,2.0,1.0,63.0,Centro,429000.0
245486.0,Apartamento/Padrão   2 quartos para venda   Conjunto Habitacional João Rossi,2.0,1.0,1.0,42.0,Jardim Joao Rossi,120000.0
187247.0,Apartamento de 02 quartos para locação   Jardim Antártica,2.0,1.0,1.0,42.0,Jardim Antartica,260000.0
72596.0,Apartamento   Padrão,1.0,1.0,1.0,46.0,Jardim Botanico,276000.0
201065.0,APARTAMENTO NO CENTRO DE RIBEIRÃO PRETO,3.0,3.0,1.0,162.0,Centro,450000.0
167285.0,APARTAMENTO TÉRREO NO JARDIM DIVA TARLÁ DE CARVALHO,2.0,1.0,1.0,43.0,Jardim Diva Tarla de Carvalho,180000.0
234917.0,Apartamento de 43m² com 02 quartos para Venda   Jardim Diva Tarlá de Carvalho,2.0,1.0,1.0,43.0,Jardim Diva Tarla de Carvalho,165000.0
226766.0,Apartamento térreo de 58m² com 02 quartos à venda   Residencial Greenville,2.0,2.0,1.0,58.0,Residencial Greenville,260000.0
195308.0,***OTIMO APARTAMENTO****,3.0,1.0,1.0,44.0,Jardim Eugenio Mendes Lopes,195000.0
190664.0,APARTAMENTO PADRÃO NO JARDIM ANHAGUERA,2.0,1.0,1.0,50.0,Jardim Anhanguera,240000.0
195074.0,Apartamento de 109m² com 03 quartos à venda   Jardim Palma Travassos,3.0,2.0,1.0,109.0,Jardim Palma Travassos,290000.0
101132.0,Apartamento   Padrão,3.0,2.0,1.0,90.0,Residencial e Comercial Palmares,290000.0
193358.0,Apartamento de 140m² com 03 quartos para venda e locação   Nova Aliança,3.0,2.0,2.0,140.0,Nova Alianca,650000.0
193004.0,****APARTAMENTO NO JARDIM MANOEL PENNA****,2.0,1.0,1.0,48.0,Jardim Manoel Penna,215000.0
215315.0,Apartamento de 132m² com 03 quartos à venda   Monte Alegre,3.0,3.0,2.0,132.0,Vila Monte Alegre,420000.0
210983.0,Apartamento de 108m² com 03 suítes à venda   Vila do Golfe,3.0,4.0,2.0,108.0,Vila do Golf,862405.0
182564.0,APARTAMENTO PRÓXIMO À RODOVIA ALEXANDRE BALBO,2.0,1.0,1.0,43.0,Jardim Heitor Rigon,195000.0
104621.0,Apartamento de 85m² com 03 quartos á venda   Santa Cruz do José Jacques,3.0,3.0,2.0,85.0,Santa Cruz do Jose Jacques,450000.0
203534.0,Apartamento de 48m² com 02 quartos para locação   Bonfim Paulista,2.0,1.0,1.0,48.0,Jardim Sao Fernando,240000.0
131204.0,Apartamento   Padrão,2.0,1.0,1.0,54.0,Ipiranga,225000.0
128876.0,APARTAMENTO NO ALTO DA BOA VISTA,3.0,2.0,1.0,61.0,Alto da Boa Vista,240000.0
203396.0,Apartamento de 106m² com 03 quartos   Nova Aliança,3.0,3.0,2.0,106.0,Nova Alianca,720000.0
187985.0,APARTAMENTO NO MONTE ALEGRE,2.0,1.0,1.0,61.0,Vila Monte Alegre,275000.0
238328.0,Apartamento de 63m² com 02 quartos para venda   Quinta da Primavera,2.0,2.0,1.0,63.0,Quinta da Primavera,579000.0
208100.0,Apartamento de 31m² para locação e venda   Vila Amélia,1.0,1.0,1.0,31.0,Vila Monte Alegre,220000.0
230297.0,Apartamento de 109m² com 03 suítes para venda e locação   Jardim Olhos D´Água.,3.0,4.0,2.0,109.0,Plazas de Espana,1272000.0
225734.0,Apartamento de 48m² com 02 quartos à venda   Bonfim Paulista,2.0,1.0,1.0,48.0,Jardim Sao Fernando,280000.0
100991.0,Apartamento de 95m² com 03 quartos á venda   Bosque das Juritis,3.0,2.0,2.0,95.0,Bosque das Juritis,540000.0
215345.0,Apartamento mobiliado de 81m² com 02 suítes para locação e venda   Nova Aliança,2.0,3.0,2.0,81.0,Nova Alianca,749000.0
175250.0,Apartamento Padrão de 90m² com 03 quartos para venda   Jardim Anhanguera,3.0,2.0,2.0,90.0,Residencial e Comercial Palmares,365000.0
44321.0,Apartamento 148m² com 04 quartos para locação e venda   Santa Cruz do José Jacques,4.0,5.0,3.0,148.0,Santa Cruz do Jose Jacques,774000.0
146828.0,Apartamento de 44m² com 02 quartos à venda   Residencial Greenville,2.0,1.0,1.0,44.0,Residencial Greenville,254000.0
135062.0,APARTAMENTO DIFERENCIADO NO CENTRO,3.0,3.0,1.0,141.0,Centro,599000.0
194672.0,Apartamento de 48m² com 02 quartos para venda   Jardim Paulistano,2.0,1.0,1.0,48.0,Jardim Paulistano,260000.0
137399.0,Apartamento de 85m² com 02 quartos para locação e venda   Jardim Palma Travassos,2.0,2.0,1.0,85.0,Jardim Palma Travassos,310000.0
212933.0,Apartamento de 125m² com 03 quartos à venda   Campos Elíseos,3.0,3.0,1.0,125.0,Campos Eliseos,390000.0
125828.0,Apartamento de 65m² com 02 quartos para locação e venda   Centro,2.0,1.0,1.0,65.0,Centro,280000.0
108440.0,Apartamento de 46m² com 02 quartos à venda   Vila Virgínia,2.0,1.0,1.0,46.0,Vila Virginia,225000.0
228722.0,Apartamento de 48m² com 02 quartos à venda   Residencial das Américas,2.0,1.0,1.0,48.0,Residencial das Americas,130000.0
175676.0,APARTAMENTO NO JARDIM IRAJÁ,1.0,1.0,1.0,37.0,Jardim Iraja,186000.0
184931.0,Apartamento de 378m² com 04 quartos para venda e locação   Centro,4.0,5.0,4.0,378.0,Centro,1350000.0
206276.0,Apartamento de 115m² com 03 quartos à venda   Centro,3.0,2.0,1.0,115.0,Centro,370000.0
181547.0,Apartamento de 133m² com 03 quartos para locação e venda   Centro,3.0,4.0,2.0,133.0,Centro,480000.0
218624.0,Apartamento de 67m² com 03 quartos à venda   Jardim Olhos D`Água,3.0,2.0,1.0,67.0,Jardim Olhos DAgua,550000.0
154805.0,Apartamento de 164m² de 03 quartos sendo 01 suíte para venda   Centro,3.0,3.0,1.0,164.0,Centro,325000.0
138296.0,APARTAMENTO TÉRREO NO JARDIM ZARA,3.0,2.0,1.0,85.0,Jardim Zara,320000.0
20318.0,APARTAMENTO PRÓXIMO À AVENIDA CARAMURU,1.0,1.0,2.0,42.0,Centro,125000.0
119042.0,APARTAMENTO PRÓXIMO À AVENIDA CARLOS EDUARDO DE GASPERI CONSONI,3.0,2.0,2.0,75.0,Jardim Botanico,650000.0
187604.0,Excelente apartamento próximo a avenida Maurilio Biagi.,3.0,3.0,2.0,107.0,Santa Cruz do Jose Jacques,650000.0
136877.0,Apartamento de 75m² com 03 quartos   Presidente Médici,3.0,1.0,1.0,75.0,Presidente Medici,260000.0
105104.0,Apartamento de 47m² com 02 quartos para locação   Bosque dos Juritis,2.0,1.0,1.0,47.0,Bosque das Juritis,350000.0
236441.0,Apartamento de 72m² com 02 quartos à venda   Quintas de São José,2.0,2.0,1.0,72.0,Quintas de Sao Jose,480000.0
239468.0,Apartamento de 42m² com 02 quartos à venda   Residencial Parque dos Servidores,2.0,1.0,1.0,42.0,Residencial Parque dos Servidores,170000.0
243215.0,Apartamento de 44m² com 01 quarto para venda   Nova Aliança,1.0,1.0,1.0,44.0,Nova Alianca,199000.0
239936.0,Apartamento de 42m² com 02 quartps à venda   Jardim Itaú,2.0,1.0,1.0,42.0,Jardim Itau,165000.0
240809.0,Apartamento de 46m² com 02 quartos à venda   Ipiranga,2.0,1.0,1.0,46.0,Ipiranga,205000.0
152942.0,Apartamento   Padrão,2.0,1.0,1.0,42.0,Jardim Santa Cecilia,170000.0
193412.0,EXCELENTE OPORTUNIDADE DE APARTAMENTO NO CENTRO,2.0,2.0,1.0,180.0,Centro,260000.0
237773.0,Apartamento de 132m² com 03 suítes à venda   Jardim Botânico,3.0,4.0,2.0,132.0,Jardim Botanico,1250000.0
165956.0,APARTAMENTO NO CENTRO,1.0,1.0,1.0,40.0,Centro,149000.0
210218.0,Apartamento de 42m² com 02 quartos para venda e locação   Quintino Facci II,2.0,1.0,1.0,42.0,Quintino Facci II,175000.0
214580.0,Apartamento de 79m² com 02 quartos à venda   Jardim Olhos D`Água II,2.0,2.0,2.0,79.0,Residencial Monterrey,630000.0
136409.0,Apartamento de 33m² com 01 quarto à venda   Centro,1.0,1.0,1.0,33.0,Centro,320000.0
89138.0,Apartamento de 48m² com com 02 quartos   Quintino Facci II,2.0,1.0,1.0,48.0,Quintino Facci II,150000.0
215528.0,Apartamento de 153m² com 03 suítes à venda   Jardim Olhos D`Água,3.0,5.0,3.0,153.0,Jardim Olhos DAgua,1250000.0
126710.0,Apartamento de 74m² com 02 quartos sendo 01 supite à venda   Centro,2.0,3.0,2.0,74.0,Centro,480000.0
229316.0,Apartamento de 146m² com 03 suítes à venda   Santa Cruz do José Jacques,3.0,5.0,3.0,146.0,Santa Cruz do Jose Jacques,775000.0
224054.0,Apartamento de 88m² com 03 quartos sendo 01 suíte à venda   Vila Ana Maria,3.0,2.0,2.0,88.0,Vila Ana Maria,750000.0
173000.0,Apartamento de 113m² com 03 suítes à venda   Jardim Olhos d´agua,3.0,4.0,2.0,113.0,Jardim Olhos DAgua,918799.0
235421.0,Apartamento térreo 02 quartos com 42m² a venda   Quintino Facci II,2.0,1.0,1.0,42.0,Quintino Facci II,129000.0
150269.0,Apartamento com 93m² com 03 quartos à venda   Parque dos Bandeirantes,3.0,2.0,2.0,93.0,Parque dos Bandeirantes,420000.0
167795.0,APARTAMENTO NO CENTRO,3.0,3.0,1.0,210.0,Centro,400000.0
143015.0,Apartamento de 136m² com 03 quartos sendo 01 suíte à venda   Jardim Macedo,3.0,2.0,2.0,136.0,Jardim Macedo,375000.0
119246.0,Apartamento   Padrão,2.0,1.0,1.0,43.0,Jardim Heitor Rigon,160000.0
180368.0,APARTAMENTO NA VALENTINA FIGUEIREDO,2.0,1.0,1.0,43.0,Valentina Figueiredo,159000.0
242192.0,Apartamento de 103m² com 03 quartos para locação   Alto da Boa Vista,3.0,2.0,2.0,103.0,Alto da Boa Vista,510000.0
227426.0,Apartamento de 156m² com 03 suítes para locação e venda   Jardim Botânico,3.0,5.0,2.0,156.0,Jardim Botanico,1450000.0
166709.0,APARTAMENTO NO JARDIM PAULISTANO,3.0,3.0,2.0,128.0,Jardim Paulista,650000.0
152996.0,Apartamento de 117m² com 02 suítes á venda   Jardim Botânico,2.0,3.0,2.0,117.0,Jardim Botanico,1000000.0
232184.0,Apartamento de 45m² com 02 quartos para venda e locação   Nova Aliança,2.0,1.0,1.0,45.0,Nova Alianca,275000.0
200795.0,Apartamento de 52m² com 02 quartos sendo 01 suíte à venda   Quintas de São José,2.0,2.0,1.0,52.0,Quintas de Sao Jose,280000.0
177557.0,Apartamento de 45m² com 02 quartos para venda   Vila Virgínia,2.0,1.0,1.0,45.0,Vila Virginia,250000.0
185624.0,Apartamento de 42m² com 02 quartos para venda   Jardim Florestan Fernandes,2.0,1.0,1.0,42.0,Jardim Florestan Fernandes,240000.0
175217.0,LANÇAMENTO APARTAMENTO NO JARDIM BOTÂNICO,3.0,2.0,2.0,77.0,Alamedas do Botanico,629990.0
146648.0,LANÇAMENTO APARTAMENTO NO SUMAREZINHO!!!,3.0,2.0,1.0,65.0,Sumarezinho,343500.0
96764.0,APARTAMENTO PRÓXIMO À AVENIDA INDEPENDÊNCIA,3.0,3.0,2.0,103.0,Vila Seixas,530000.0
42908.0,Apartamento de 93m² com 02 quartos sendo 01 suíte para venda   Centro,2.0,3.0,1.0,93.0,Centro,490000.0
243512.0,Apartamento de 39m² com 01 quarto para locação e venda   Nova Aliança,1.0,1.0,1.0,39.0,Nova Alianca,290000.0
154835.0,Apartamento de 42m² com 02 quartos para venda   Ribeirão Verde,2.0,1.0,1.0,42.0,Ribeirao Verde,170000.0
156458.0,Apartamento de 40m² com 01 quarto para locação   Jardim Palma Travassos,1.0,1.0,1.0,40.0,Jardim Palma Travassos,270000.0
244406.0,Apartamento de 31m² com 01 quarto para venda   Vila Amélia,1.0,1.0,1.0,31.0,Vila Virginia,130000.0
137477.0,APARTAMENTO COM LOCALIZAÇÃO PRIVILEGIADA NO JARDIM BOTÂNICO,2.0,2.0,2.0,69.0,Jardim Botanico,330000.0
4328.0,Apartamento de 121m² com 03 quartos à venda   Campos Elíseos,3.0,2.0,1.0,121.0,Campos Eliseos,320000.0
99095.0,APARTAMENTO NO BAIRRO JARDIM NOVA ALIANÇA,1.0,1.0,1.0,55.0,Nova Alianca,375000.0
189215.0,EXCELENTE APARTAMENTO PRÓXIMO À RUA JAVARI,2.0,1.0,1.0,48.0,Geraldo Correia de Carvalho,155000.0
161369.0,Apartamento de 44m² com 02 quartos para locação   Residencial Greenville,2.0,1.0,1.0,44.0,Residencial Greenville,210000.0
132119.0,Apartamento de 47m² com 02 quartos à venda   Alto do Ipiranga,2.0,1.0,1.0,47.0,Alto do Ipiranga,255000.0
116582.0,Apartamento de 82m² com 03 quartos sendo 01 suíte à venda   Nova Aliança,3.0,2.0,2.0,82.0,Nova Alianca,530000.0
197126.0,Apartamento de 140 m²   03 quartos à venda   Nova Aliança,3.0,2.0,2.0,140.0,Nova Alianca,650000.0
138002.0,Apartamento de 02 quartos para venda   Vila Seixas,2.0,2.0,1.0,68.0,Vila Seixas,170000.0
155348.0,Apartamento de 43m² com 02 quartos para venda   Jardim Diva Tarla de Carvalho,2.0,1.0,1.0,43.0,Jardim Diva Tarla de Carvalho,160000.0
128984.0,Apartamento de 67m² com 02 quartos   Vila Amélia,2.0,2.0,1.0,67.0,Vila Amelia,250000.0
73808.0,Apartamento de 69m² com 02 quartos sendo 01 suíte para locação   Nova Aliança,2.0,2.0,1.0,69.0,Nova Alianca,424000.0
103745.0,"Apartamento de 96m² com 3 quartos, 1 suíte   Jardim Paulistano",3.0,2.0,2.0,96.0,Jardim Paulistano,340000.0
74252.0,Apartamento de 37m² com 1 quarto à venda   Jardim Ana Maria,1.0,1.0,1.0,37.0,Vila Ana Maria,230000.0
139562.0,Apartamento para venda com 02 quartos   Jardim Novo Mundo,2.0,2.0,2.0,75.0,Jardim Novo Mundo,371000.0
212783.0,Apartamento de 62m² com 02 suítes à venda   Nova Aliança,2.0,3.0,1.0,62.0,Nova Alianca,495000.0
133346.0,Apartamento   Padrão,3.0,3.0,2.0,122.0,Centro,372000.0
245096.0,Apartamento de 49m² com 02 quartos à venda   Ipiranga,2.0,1.0,1.0,49.0,Ipiranga,269000.0
104351.0,Apartamento de 59m² com 01 suíte para locação e venda   City Ribeirão,1.0,2.0,1.0,59.0,City Ribeirao,420000.0
81995.0,Apartamento flat de 01 quarto para locação e venda   Jardim Califórnia,1.0,1.0,1.0,38.0,Jardim California,230000.0
89114.0,APARTAMENTO PADRÃO NO JARDIM PAULISTA,3.0,2.0,2.0,110.0,Parque dos Bandeirantes,550000.0
193244.0,ÓTIMO APARTAMENTO NO PALÁCIO DE WINDSOR,2.0,1.0,1.0,40.0,Reserva Real,200000.0
243176.0,Apartamento de 131m² com 03 suítes à venda   Ribeirânia,3.0,4.0,2.0,131.0,Ribeirania,990000.0
240839.0,Apartamento de 47m² com 02 quartos à venda   Ipiranga,2.0,1.0,1.0,47.0,Ipiranga,260000.0
234008.0,Apartamento térreo de 95m² com 03 quartos para venda   Jardim Irajá,3.0,2.0,1.0,95.0,Jardim Iraja,400000.0
180392.0,Apartamento com 53m² 2 quartos sendo 1 suíte à venda no Parque dos Lagos. Mirante dos Lagos,2.0,2.0,1.0,53.0,Parque dos Lagos,230000.0
205442.0,Apartamento de 39m² com 02 quartos à venda   Residencial das Américas,2.0,1.0,1.0,39.0,Residencial das Americas,150000.0
168383.0,Apartamento de 86m² com 02 quartos para locação   Parque dos Bandeirantes,3.0,2.0,1.0,86.0,Parque dos Bandeirantes,350000.0
145682.0,Apartamento de 49m² com 02 quartos à venda   Jardim Macedo,2.0,1.0,1.0,49.0,Jardim Macedo,176000.0
149555.0,APARTAMENTO PRÓXIMO À AVENIDA JOSÉ ANTÔNIO FERRAREZI,2.0,1.0,1.0,41.0,Reserva Real,244000.0
145376.0,Apartamento de 135m² com 03 suítes   Jardim Botânico,3.0,5.0,2.0,135.0,Jardim Botanico,1300000.0
162887.0,APARTAMENTO PRÓXIMO À AVENIDA LEÃO XIII,2.0,1.0,1.0,40.0,Jardim Castelo Branco,270000.0
205376.0,Apartamento de 281m² com 04 suítes à venda   Jardim Irajá,4.0,5.0,4.0,281.0,Jardim Iraja,1950000.0
203054.0,APARTAMENTO NO CENTRO DE RIBEIRÃO PRETO,2.0,2.0,1.0,78.0,Centro,265000.0
157217.0,Apartamento de 42m² com 02 quartos à venda   Jardim João Rossi,2.0,1.0,1.0,42.0,Jardim Joao Rossi,110000.0
234920.0,Apartamento de 93m² com 03 quartos à venda   Jardim Irajá,3.0,3.0,1.0,93.0,Jardim Iraja,450000.0
162014.0,More na Nova Fiusa   TRIADE FIUSA HOME RESORT,2.0,1.0,1.0,48.0,Jardim Olhos DAgua,345614.0
75926.0,APARTAMENTO PRÓXIMO À AVENIDA CARAMURU,1.0,1.0,1.0,44.0,Jardim Sumare,250000.0
95237.0,Apartamento   Padrão,1.0,1.0,1.0,55.0,Jardim Iraja,200000.0
179777.0,Apartamento de 39m² com 02 quartos à venda   Residencial das Américas,2.0,1.0,1.0,39.0,Residencial das Americas,120000.0
232049.0,Apartamento de 40m² com 02 quartos à venda   Parque dos Pinus,2.0,1.0,1.0,40.0,Parque dos Pinus,200000.0
226412.0,Apartamento de 39m² com 02 quartos à venda   Parque São Sebastião,2.0,1.0,1.0,39.0,Parque Sao Sebastiao,215000.0
221126.0,Apartamento de 158m² com 03 suítes à venda   Jardim Olhos D`Água,3.0,5.0,2.0,158.0,Jardim Olhos DAgua,1259925.0
180770.0,APARTAMENTO NO JARDIM ZARA,3.0,2.0,1.0,73.0,Jardim Zara,285000.0
52829.0,Apartamento de 156m² com 03 quartos para locação e venda   Centro,3.0,5.0,2.0,156.0,Centro,1038000.0
170474.0,Apartamento de 134m² com 03 quartos à venda   Jardim Olhos D`Água II,3.0,4.0,2.0,134.0,Jardim Olhos DAgua,974700.0
238310.0,Apartamento de 59m² com 02 quartos à venda   Independência,2.0,2.0,1.0,59.0,Independencia,270000.0
146060.0,APARTAMENTO NO CONDOMÍNIO PARQUE RESIDENCE,2.0,1.0,1.0,49.0,Parque dos Lagos,160000.0
240851.0,Apartamento de 47m² com 02 quartos à venda   Ribeirânia,2.0,1.0,1.0,47.0,Ribeirania,230000.0
156884.0,Apartamento de 178m² com 03 suítes à venda   Bosque das Juritis,3.0,5.0,3.0,178.0,Bosque das Juritis,1400000.0
169208.0,APARTAMENTO NO PARQUE SÃO SEBASTIÃO,2.0,1.0,1.0,48.0,Parque Sao Sebastiao,170000.0
225059.0,Apartamento de 76 m² com 02 quartos sendo 01 suíte à venda   Vila Ana Maria,2.0,2.0,2.0,76.0,Vila Ana Maria,595000.0
175244.0,APARTAMENTO TÉRREO NO QUINTINO FACCI II,2.0,1.0,1.0,42.0,Quintino Facci II,144000.0
245405.0,Apartamento de 85m² com 02 suítes para venda   Nova Aliança,2.0,3.0,2.0,85.0,Nova Alianca,776382.0
242528.0,Apartamento de 42m² com 02 quartos à venda   Ribeirão Verde,2.0,1.0,1.0,42.0,Ribeirao Verde,135000.0
96425.0,APARTAMENTO NO CENTRO,2.0,2.0,1.0,65.0,Centro,390000.0
236663.0,Apartamento de 246m² com 04 suítes à   Jardim Botânico,4.0,6.0,4.0,246.0,Jardim Botanico,1920000.0
226856.0,Apartamento de 47m² com 02 quartos à venda   Jardim Paulistano,2.0,1.0,1.0,47.0,Jardim Paulistano,300000.0
198350.0,Apartamento de 42m² com 02 quartos á venda   Jardim José Wilson Toni,2.0,1.0,1.0,42.0,Jardim Jose Wilson Toni,80000.0
244358.0,Apartamento de 41m² com 02 quartos para venda   Reserva Real,2.0,1.0,1.0,41.0,Reserva Real,140000.0
86570.0,APARTAMENTO PRÓXIMO AO RIBEIRÃO SHOPPING,1.0,1.0,1.0,40.0,Vila Ana Maria,245000.0
115685.0,Apartamento com 54m² com 2 quartos à venda   Jardim Anhanguera,2.0,1.0,1.0,54.0,Jardim Anhanguera,183000.0
161210.0,Apartamento de 42m² com 02 quartos à venda   Quintino Facci II,2.0,1.0,1.0,42.0,Quintino Facci II,160000.0
166913.0,Apartamento de 45m² com 02 quartos à venda   Jardim Orestes Lopes de Camargo,2.0,1.0,1.0,45.0,Jardim Heitor Rigon,242194.5
84503.0,Apartamento de 47m² com 02 quartos à venda   Condomínio Mirante Sul,2.0,1.0,1.0,47.0,Reserva Sul Condominio,220000.0
134627.0,APARTAMENTO NO JARDIM ANTÁRTICA,2.0,1.0,1.0,57.0,Jardim Antartica,175000.0
200219.0,Apartamento de 134m² com 03 quartos à venda   Jardim Olhos D`Água II,3.0,4.0,2.0,134.0,Jardim Olhos DAgua,1026000.0
213938.0,Apartamento térreo de 48m² com 02 quartos para locação   Parque das Oliveiras II,2.0,1.0,1.0,48.0,Parque das Oliveiras,280000.0
188039.0,Apartamento de 92m² com 02 quartos à venda   Jardim Ilhas do Sul,2.0,3.0,2.0,92.0,Jardim Ilhas do Sul,978000.0
118337.0,Apartamento de 02 quartos para venda   Bosque das Juritis,2.0,2.0,1.0,62.0,Bosque das Juritis,450000.0
112913.0,Apartamento de 85m² com 02 quartos sendo 01 suíte à venda   Vila Seixas,2.0,2.0,2.0,85.0,Vila Seixas,480000.0
144995.0,APARTAMENTO PRÓXIMO AO SUPERMERCADO MIALICH,2.0,1.0,1.0,43.0,Jardim Diva Tarla de Carvalho,150000.0
101270.0,Apartamento   Padrão,2.0,2.0,1.0,65.0,Residencial Florida,275000.0
188069.0,Apartamento de 86m² com 02 suítes à venda   Bosque das Juritis,2.0,2.0,2.0,86.0,Bosque das Juritis,713000.0
166571.0,APARTAMENTO NO JARDIM INTERLAGOS,2.0,1.0,1.0,43.0,Jardim Interlagos,160000.0
212594.0,Apartamento de 77m² com 03 quartos   Jardim Nova Aliança,3.0,2.0,2.0,77.0,Nova Alianca,520000.0
224099.0,Apartamento de 178m² com 03 suítes à venda   Jardim Olhos D`Água,3.0,5.0,3.0,178.0,Jardim Villarica,1550000.0
240629.0,Apartamento de 158m² com 03 quartos para locação e venda   Centro,3.0,4.0,2.0,158.0,Centro,800000.0
195155.0,ÓTIMO APARTAMENTO TÉRREO NO RESIDENCIAL GREENVILLE!,2.0,2.0,1.0,47.0,Residencial Greenville,240000.0
162614.0,APARTAMENTO PRÓXIMO À RUA JAVARI,2.0,1.0,1.0,48.0,Ipiranga,128000.0
193709.0,APARTAMENTO PRÓXIMO A CASTELO BRANCO,3.0,1.0,1.0,75.0,Presidente Medici,300000.0
188000.0,Apartamento de 137m² com 03 quartos à venda   Jardim São Luiz,3.0,5.0,2.0,137.0,Jardim Sao Luiz,1300000.0
227102.0,Apartamento reformado de 41m² com 02 quartos à venda   Ipiranga,2.0,1.0,1.0,41.0,Ipiranga,155000.0
168785.0,Apartamento de 01 quarto para venda   Bosque das Juritis,1.0,1.0,1.0,39.0,Bosque das Juritis,300000.0
182285.0,Apartamento de 03 quartos para locação   Centro,3.0,2.0,1.0,96.0,Centro,440000.0
174977.0,APARTAMENTO TÉRREO NO IPIRANGA,2.0,1.0,1.0,46.0,Ipiranga,160000.0
120743.0,Apartamento   Padrão,3.0,4.0,2.0,124.0,Jardim Iraja,926000.0
62306.0,Apartamento de 67m² com 02 quartos à venda   Jardim Anhanguera,2.0,2.0,1.0,67.0,Jardim Anhanguera,250000.0
168002.0,APARTAMENTO NO PLANALTO VERDE,2.0,1.0,1.0,42.0,Jardim Doutor Paulo Gomes Romeo,90000.0
221507.0,Apartamento térreo de 181m² com 04 quartos sendo 02 suítes à venda   Jardim Paulista,4.0,3.0,2.0,181.0,Jardim Paulista,480000.0
243845.0,Apartamento de 39m² com 02 quartos para locação e venda   Residencial das Américas,2.0,1.0,1.0,39.0,Residencial das Americas,119000.0
220793.0,Apartamento de 47m² com 02 quartos à venda   Jardim Helena,2.0,1.0,1.0,47.0,Conjunto Habitacional Jardim das Palmeiras,175000.0
214310.0,Apartamento de 90m² com 02 quartos sendo 01 suíte à venda   Jardim Sumaré,2.0,2.0,2.0,90.0,Jardim Sumare,670000.0
200729.0,Apartamento de 48m² com 02 quartos   Vila Monte Alegre,2.0,2.0,1.0,48.0,Vila Amelia,190000.0
204722.0,Apartamento térreo de 74m² com 02 quartos à venda   Alto da Boa Vista,2.0,2.0,1.0,74.0,Alto da Boa Vista,350806.0
231671.0,Apartamento de 56m² mobiliado com 01 suíte para locação   Jardim Botânico,1.0,2.0,1.0,56.0,Jardim Botanico,901000.0
230849.0,Apartamento de 45m² com 02 quartos   Jardim Castelo Branco,2.0,1.0,1.0,45.0,Ribeirania,180000.0
197921.0,APARTAMENTO NO BAIRRO JARDIM BOTÂNICO,3.0,4.0,2.0,120.0,Jardim Botanico,875000.0
223571.0,Apartamento de 158m² com 03 suítes à venda   Jardim Olhos D`Água,3.0,5.0,2.0,158.0,Jardim Olhos DAgua,1307025.0
217439.0,Apartamento de 86m² com 03 quartos à venda   Jardim Irajá,3.0,2.0,1.0,86.0,Jardim Iraja,370000.0
171179.0,APARTAMENTO NO JARDIM JOÃO ROSSI,2.0,1.0,1.0,41.0,Jardim Joao Rossi,160000.0
232118.0,Apartamento de 89m² com 03 quartos á venda   Jardim Novo Mundo,3.0,2.0,2.0,89.0,Jardim Novo Mundo,335000.0
163403.0,Apartamento de 46m² com 02 quartos   Reserva do sul,2.0,1.0,1.0,46.0,Reserva Sul Condominio,290000.0
159923.0,Apartamento de 56m² com 02 quartos para venda   Parque São Sebastião,2.0,1.0,1.0,56.0,Parque Sao Sebastiao,262000.0
76730.0,Apartamento de 02 quartos para locação   Ana Maria,2.0,2.0,2.0,54.0,Vila Ana Maria,330000.0
88514.0,Apartamento de 66m² com 02 suítes para locação e venda   Jardim Botânico,2.0,3.0,2.0,66.0,Jardim Botanico,415000.0
213929.0,Apartamento de 210m² com 04 quartos à venda   Centro,3.0,4.0,1.0,210.0,Centro,547000.0
182303.0,****OTIMO APARTAMENTO TERREO BONFIM PAULISTA****,2.0,1.0,1.0,48.0,Jardim Sao Fernando,250000.0
88349.0,Apartamento de 38m² com 01 suíte   Presidente Medici,1.0,1.0,1.0,38.0,Presidente Medici,220000.0
36107.0,Apartamento de 228m² com 04 quartos à venda   Jardim Irajá,4.0,5.0,4.0,228.0,Jardim Iraja,1200000.0
159710.0,*** Ótima Oportunidade Apartamento no Parque São Sebastião***,2.0,1.0,1.0,46.0,Parque Sao Sebastiao,245000.0
100568.0,Apartamento   Padrão,3.0,2.0,1.0,68.0,Jardim Palma Travassos,285000.0
219395.0,Apartamento de 170m² com 03 suítes à venda   Vila do Golf,3.0,6.0,3.0,170.0,Vila do Golf,1680000.0
173375.0,Apartamento de 93m² com 03 quartos à venda   Parque dos Bandeirantes,3.0,2.0,2.0,93.0,Parque dos Bandeirantes,350000.0
151079.0,LINDO APARTAMENTO EM BONFIM PAULISTA,3.0,2.0,2.0,79.0,Jardim Zaneti,380000.0
190082.0,LINDO APARTAMENTO LAR ESPANHA PREÇO DE OPORTUNIDADE,2.0,1.0,1.0,43.0,Jardim Maria Goretti,185000.0
74894.0,Apartamento   Padrão,2.0,1.0,1.0,48.0,Parque Industrial Lagoinha,195000.0
86522.0,Apartamento de 80m² com 02 quartos à venda   Centro,2.0,2.0,2.0,80.0,Centro,460000.0
235604.0,Apartamento de 67m² com 02 quartos sendo 01 suíte para venda e locação   Jardim Palma Travassos,2.0,2.0,1.0,67.0,Jardim Palma Travassos,470000.0
201074.0,APARTAMENTO PRÓXIMO A RECREATIVA,2.0,4.0,2.0,86.0,Centro,330000.0
206447.0,Apartamento de 237m² com 03 quartos para locação e venda   Jardim Ilhas do Sul,3.0,6.0,4.0,237.0,Jardim Ilhas do Sul,2100000.0
197435.0,EXCELENTE APARTAMENTO PARA VENDA NO BAIRRO JARDIM BOTÂNICO,1.0,1.0,1.0,46.0,Jardim Botanico,287000.0
225476.0,Apartamento de 43m² com 01 quarto para locação   Quinta da Primavera,1.0,1.0,1.0,43.0,Quinta da Primavera,425000.0
148160.0,Apartamento de 43m² com 02 quartos à venda   Jardim Diva Tarla de Carvalho,2.0,1.0,1.0,43.0,Jardim Diva Tarla de Carvalho,170000.0
202922.0,EXCELENTE APARTAMENTO GIARDINO NO BAIRRO PLANALTO VERDE,2.0,1.0,1.0,48.0,Planalto Verde,225000.0
237806.0,Apartamento de 33m² com 01 quarto para venda   Ribeirânia,1.0,1.0,1.0,33.0,Ribeirania,370000.0
175325.0,APARTAMENTO NO PARQUE INDUSTRIAL LAGOINHA,3.0,2.0,1.0,66.0,Parque Industrial Lagoinha,281000.0
5351.0,Apartamento de 43m² com 01 quarto á venda   Vila Seixas,1.0,1.0,1.0,43.0,Vila Seixas,212000.0
99494.0,APARTAMENTO NO JARDIM IRAJÁ,3.0,2.0,1.0,87.0,Jardim Iraja,370000.0
80996.0,Apartamento de 147m² com 03 quartos á venda   Jardim São Luiz,3.0,4.0,2.0,147.0,Jardim Sao Luiz,850000.0
170255.0,APARTAMENTO NOVO NO BAIRRO VILA MONTE ALEGRE,2.0,2.0,1.0,61.0,Vila Monte Alegre,275000.0
236744.0,Apartamento 68m² com 02 quartos à venda   Nova Aliança,2.0,2.0,1.0,68.0,Nova Alianca,435000.0
244892.0,Apartamento de 42m² com 01 quarto para venda   Nova Ribeirânia,1.0,1.0,1.0,42.0,Nova Ribeirania,328108.5
121676.0,Apartamento de 173m² com 04 quartos à venda em condomínio   Jardim São Luiz,4.0,5.0,2.0,173.0,Jardim Sao Luiz,750000.0
100370.0,Apartamento de 48 m² com 02 quartos para venda   Alto Da Boa Vista,2.0,1.0,1.0,48.0,Alto da Boa Vista,212000.0
238808.0,Apartamento de 63m² com 02 quartos para venda   Jardim Sumaré,2.0,2.0,1.0,63.0,Jardim Sumare,548000.0
223436.0,Apartamento de 51m² com 02 quartos à venda   Jardim Novo Mundo,2.0,1.0,1.0,51.0,Jardim Novo Mundo,320000.0
101741.0,Apartamento com 135m² de 03 suítes à venda   Jardim Botânico,3.0,5.0,2.0,135.0,Jardim Botanico,900000.0
183785.0,APARTAMENTO PRÓXIMO Á RODOVIA ANHANGUERA,2.0,1.0,1.0,46.0,Vila Abranches,137000.0
170327.0,Apartamento de 197m² com 03 suítes à venda   Jardim Olhos D`Água II,4.0,6.0,3.0,197.0,Jardim Olhos DAgua,1711728.0
231716.0,Apartamento de 173m² com 03 quartos para venda   Centro,3.0,4.0,1.0,173.0,Centro,848000.0
45326.0,Apartamento   Padrão,3.0,3.0,1.0,97.0,Campos Eliseos,350000.0
209888.0,Apartamento de 43m² com 02 quartos para à venda   Parque dos Lagos,2.0,1.0,1.0,43.0,Residencial Parque dos Servidores,195000.0
216575.0,Apartamento de 113m² com 03 quartos à venda   Jardim Irajá,3.0,3.0,1.0,113.0,Jardim Iraja,480000.0
212879.0,Apartamento de 100m² com 02 suítes para locação e venda  Jardim Botânico,2.0,3.0,2.0,100.0,Jardim Botanico,980000.0
132425.0,Apartamento de 46m² com 02 quartos à venda   Sumarezinho,2.0,1.0,1.0,46.0,Sumarezinho,220000.0
233606.0,Apartamento de 42m² com 02 quartos à venda   Jardim Florestan Fernandes,2.0,1.0,1.0,42.0,Ribeirao Verde,210000.0
234695.0,Apartamento de 50m² com 02 quartos para venda   Vila Tibério,2.0,2.0,1.0,50.0,Vila Tiberio,270000.0
62735.0,Apartamento de 62m² com 03 quartos para locação   Alto do Ipiranga,3.0,2.0,1.0,62.0,Alto do Ipiranga,300000.0
192026.0,Apartamento de 40m² com 02 quartos à venda   Jardim Cybelli,2.0,1.0,1.0,40.0,Jardim Cybelli,200000.0
212069.0,Apartamento de 72m² com 02 quartos sendo 1 suíte porteira fechada   Parque dos Bandeirantes,2.0,2.0,1.0,72.0,Parque dos Bandeirantes,350000.0
177119.0,Kitnet de 30m² com 01 para venda   Vila Seixas,1.0,1.0,1.0,30.0,Vila Seixas,265000.0
208448.0,Apartamento de 43m² com 02 quartos para locação e venda   Reserva Macaúba,2.0,1.0,1.0,43.0,Reserva Macauba,290000.0
227723.0,Apartamento de 153m² com 03 suítes à venda   Jardim Olhos D`Água,3.0,5.0,3.0,153.0,Jardim Olhos DAgua,1295451.0
148619.0,APARTAMENTO PRÓXIMO AO ATACADÃO,2.0,1.0,1.0,42.0,Jardim Interlagos,210000.0
138218.0,Apartamento de 46m² com 02 quartos para venda   Jardim João Rossi,2.0,1.0,1.0,46.0,Jardim Joao Rossi,180000.0
234017.0,Apartamento de 47m² com 01 quarto à venda   Vila Seixas,1.0,1.0,1.0,47.0,Centro,260000.0
239174.0,Apartamento de 41m² com 02 quartos para venda   Jardim Silvio Passalacqua,2.0,1.0,1.0,41.0,Conjunto Habitacional Silvio Passalacqua,140000.0
84194.0,Apartamento   Padrão,2.0,2.0,1.0,55.0,Jardim Zara,185000.0
113345.0,Apartamento de 46² com 02 quartos para venda   Reserva Sul Condomínio,2.0,1.0,1.0,46.0,Reserva Sul Condominio,240000.0
244256.0,Apartamento de 40m² com 02 quartos para locação e venda   Reserva São José,2.0,1.0,1.0,40.0,Reserva Sao Jose,290000.0
141569.0,APARTAMENTO PADRÃO AVENIDA CARAMURU,3.0,2.0,2.0,84.0,Jardim Sumare,385000.0
154940.0,APARTAMENTO PRÓXIMO À AVENIDA HENRI NESTLE,2.0,2.0,1.0,43.0,Residencial Parque dos Servidores,170000.0
157514.0,Apartamento de 63m² com 02 quartos à venda   Ipiranga,2.0,2.0,1.0,63.0,Ipiranga,296000.0
230117.0,Apartamento de 43m² com 02 quartos à venda   Reserva Macaúba,2.0,1.0,1.0,43.0,Reserva Macauba,135000.0
234053.0,Apartamento de 99m² com 02 quartos à venda   Centro,2.0,2.0,1.0,99.0,Centro,318000.0
244022.0,Apartamento próximo a Henry Nestle,2.0,1.0,1.0,48.0,Recreio Anhanguera,205000.0
153851.0,Apartamento de 183m² com 03 suítes á venda   Jardim Botânico,3.0,5.0,3.0,183.0,Jardim Botanico,1440000.0
99719.0,APARTAMENTO NO JARDIM PALMA TRAVASSOS,2.0,1.0,1.0,51.0,Jardim Palma Travassos,265000.0
199898.0,Apartamento de 43m² com 02 quartos para locação e venda   Bonfim Paulista,2.0,1.0,1.0,43.0,Loteamento Santa Marta,230000.0
64979.0,Apartamento   Padrão,3.0,3.0,1.0,140.0,Jardim Paulistano,400000.0
235337.0,Apartamento com 41m² com 02 quartos à venda   Reserva Real,2.0,1.0,1.0,41.0,Reserva Real,150000.0
98108.0,Apartamento de 70m² com 02 quartos para locação e venda   Vila Ana Maria,2.0,2.0,1.0,70.0,Vila Ana Maria,403000.0
202193.0,Apartamento de 56m² com 02 quartos à venda   Bosque das Juritis,2.0,1.0,1.0,56.0,Bosque das Juritis,382000.0
64493.0,Apartamento   Padrão,3.0,2.0,1.0,96.0,Jardim Paulistano,290000.0
217103.0,Apartamento 154m² com 03 suítes à venda   Jardim Olhos D`Água,3.0,6.0,3.0,154.0,Jardim Olhos DAgua,1450000.0
205556.0,Apartamento de 57m² com 02 quartos para venda   Ipiranga,2.0,2.0,1.0,57.0,Ipiranga,305000.0
109133.0,LINDO APARTAMENTO NO CENTRO,3.0,2.0,1.0,141.0,Centro,530000.0
237737.0,Apartamento de 48m² com 02 quartos para locação e venda   Quinta da Primavera,2.0,1.0,1.0,48.0,Quinta da Primavera,350000.0
118592.0,Apartamento de 59m² com 02 quartos à venda   Residencial e Comercial Palmares,2.0,2.0,1.0,59.0,Residencial e Comercial Palmares,255000.0
82364.0,Apartamento de 107m² com 03 quartos para venda e locação   Centro,3.0,2.0,1.0,107.0,Centro,370000.0
206171.0,"Apartamento de 82m² com 02 dormitórios sendo 01 suítes, rico em armários e totalmente climatizado, 02 vagas de garagens, para venda   Vila Florença, Bonfim Paulista.",2.0,2.0,2.0,82.0,Condominio Vila Florenca,629000.0
237893.0,Apartamento de 101m² com 03 quartos e sacada gourmet à venda   Nova Aliança,3.0,3.0,2.0,101.0,Nova Alianca,659900.0
113399.0,EXCELENTE APARTAMENTO PARA LOCAÇÃO NO BAIRRO JARDIM ANTÁRTICA,2.0,2.0,2.0,85.0,Jardim Antartica,300000.0
183410.0,APARTAMENTO PRÓXIMO À RODOVIA ALEXANDRE BABLBO,2.0,1.0,1.0,43.0,Jardim Heitor Rigon,155000.0
214091.0,Apartamento de 150m² com 03 quartos à venda   Centro,3.0,3.0,2.0,150.0,Centro,480000.0
198269.0,Apartamento com 3 quartos para venda e locação   Centro,3.0,2.0,1.0,146.0,Centro,320000.0
177302.0,APARTAMENTO NA VILA SEIXAS,2.0,2.0,1.0,70.0,Vila Seixas,220000.0
225929.0,Apartamento de 48m² com 02 quartos à venda   Parque São Sebastião,2.0,1.0,2.0,48.0,Parque Sao Sebastiao,144000.0
130190.0,Apartamento   Padrão,2.0,1.0,1.0,42.0,Jardim Joao Rossi,95500.0
185198.0,Apartamento de 02 quartos para locação   Centro,2.0,1.0,1.0,65.0,Centro,270000.0
85475.0,Apartamento de 02 quartos á venda   Residencial Flórida,2.0,1.0,1.0,65.0,Residencial Florida,320000.0
182210.0,Apartamento de 46m² com 01 quarto à venda  Jardim Paulista,1.0,1.0,1.0,46.0,Jardim Paulista,195000.0
151754.0,APARTAMENTO PRÓXIMO À AVENIDA NOVE DE JULHO,1.0,1.0,1.0,48.0,Centro,300000.0
236579.0,Apartamento de 52m² com 02 quartos à venda   Loteamento Santa Marta,2.0,2.0,1.0,52.0,Loteamento Santa Marta,318000.0
243614.0,Apartamento de 55m² com 02 quartos à venda   Vila Virgínia,2.0,1.0,1.0,55.0,Vila Virginia,180000.0
214631.0,Apartamento de 67m² com 02 quartos à venda   Ribeirânia,2.0,2.0,1.0,67.0,Ribeirania,455000.0
180383.0,Apartamento de 40m² com 02 quartos para venda   Jardim Cybelli,2.0,1.0,1.0,40.0,Jardim Cybelli,200000.0
122450.0,APARTAMENTO COM 2 SUÍTES NO NOVA ALIANÇA,2.0,3.0,2.0,81.0,Nova Alianca,650000.0
174737.0,APARTAMENTO NO CENTRO,3.0,3.0,1.0,139.0,Centro,330000.0
170486.0,Apartamento mobiliado de 39m² com 01 quarto para locação e venda   Jardim Sumaré,1.0,1.0,1.0,39.0,Jardim Sumare,500000.0
225014.0,Apartamento de 42m² com 02 quartos à venda   Jardim João Rossi,2.0,1.0,1.0,42.0,Jardim Joao Rossi,120000.0
227135.0,Apartamento de 50m² com 02 quartos para locação e venda   Jardim Anhanguera,2.0,1.0,1.0,50.0,Jardim Anhanguera,330000.0
168827.0,Apartamento mobiliado de 02 quartos para locação   Manoel Penna,2.0,1.0,1.0,46.0,Jardim Manoel Penna,300000.0
101975.0,Apartamento   Padrão,3.0,2.0,1.0,66.0,Parque Industrial Lagoinha,210000.0
235907.0,Apartamento térreo com quintal de 49m² com 02 quartos à venda   Jardim Marchesi,2.0,1.0,1.0,49.0,Jardim Marchesi,140000.0
219479.0,Apartamento de 72m² com 03 quartos sendo 01 suíte à venda   Quintas De São José,3.0,3.0,1.0,72.0,Quintas de Sao Jose,495000.0
182159.0,Apartamento mobiliado de 90m² com 03 quartos à venda e locação  Nova Aliança,3.0,3.0,2.0,90.0,Nova Alianca,715000.0
218996.0,Apartamento de 57m² com 02 quartos para venda   Ipiranga,2.0,2.0,1.0,57.0,Ipiranga,330000.0
219179.0,Apartamento de 58m² com 02 quartos à venda   Quintas de São José,2.0,2.0,1.0,58.0,Quintas de Sao Jose,410000.0
181865.0,APARTAMENTO AV CARAMURU COM 116M²   3 DORMITÓRIOS 1 SUÍTE,3.0,3.0,1.0,116.0,Republica,480000.0
126623.0,Apartamento de 128m² com 03 suítes para locação e venda   Jardim Canadá,3.0,5.0,2.0,128.0,Jardim Canada,820000.0
236216.0,Apartamento de 43m² com 02 quartos à venda   Jardim Heitor Rigon,2.0,1.0,1.0,43.0,Jardim Heitor Rigon,145000.0
121625.0,APARTAMENTO PRÓXIMO À AVENIDA ANHANGUERA MOBILIADO,2.0,1.0,1.0,45.0,Jardim Zara,170000.0
239228.0,APARTAMENTO 03 DORMITÓRIOS 01 SUITE COM VARANDA GOURMET PRÓXIMO A AV. CARLOS CONSONI,3.0,3.0,2.0,89.0,Jardim Botanico,584400.0
156317.0,Apartamento mobiliado de 37m² com 01 quarto para locação e venda   Nova Aliança,1.0,1.0,1.0,37.0,Nova Alianca,250000.0
102077.0,Apartamento de 65m² com 02 suítes para locação   Jardim Botânico,2.0,2.0,2.0,65.0,Jardim Botanico,360000.0
222365.0,Apartamento de 42m² com 02 quartos à venda   Vila Virgínia,2.0,1.0,1.0,42.0,Vila Virginia,180000.0
241283.0,Apartamento de 227m² com 04 suítes para locação e venda   Jardim Botânico,4.0,6.0,3.0,227.0,Jardim Botanico,1590000.0
224003.0,Apartamento de 42m² com 02 quartos para locação e venda   Jardim Heitor Rigon,2.0,1.0,1.0,42.0,Jardim Heitor Rigon,115000.0
179666.0,APARTAMENTO NO QUINTINO FACCI II,2.0,2.0,1.0,56.0,Chacaras Pedro Correa de Carvalho,224400.0
195545.0,APARTAMENTO COM VARANDA GOURMET NA ZONA SUL,2.0,1.0,1.0,47.0,Real Sul,299657.0
146174.0,APARTAMENTO PRÓXIMO Á AVENIDA HENRY NESTLÉ,2.0,1.0,1.0,69.0,Jardim Interlagos,212000.0
197783.0,Apartamento de 47m² com 02 quartos   Chácaras Pedro Corrêa de Carvalho,2.0,1.0,1.0,47.0,Ipiranga,190000.0
244193.0,Apartamento de 47m² com 02 quartos à venda   Jardim Paulistano,2.0,1.0,1.0,47.0,Jardim Paulistano,199000.0
239000.0,Apartamento de 90m² com 03 quartos à venda   Jardim Olhos d´agua,3.0,2.0,2.0,90.0,Jardim Olhos DAgua,765651.19
92033.0,Apartamento de 212m² com 3 quartos à venda   Centro,3.0,4.0,2.0,212.0,Centro,910000.0
236978.0,Apartamento de 173m² mobiliado com 04 quartos à venda   Jardim São Luiz,4.0,5.0,3.0,173.0,Jardim Sao Luiz,900000.0
241295.0,Apartamento de 67m² com 03 quartos à venda   Jardim Palma Travassos,3.0,2.0,1.0,67.0,Iguatemi,320000.0
153686.0,Apartamento de 156m² com 03 quartos para locação e venda   Centro,3.0,3.0,2.0,156.0,Centro,600000.0
223775.0,Apartamento de 106m² com 03 quartos à venda   Santa Cruz do José Jacques,3.0,3.0,2.0,106.0,Santa Cruz do Jose Jacques,520000.0
136469.0,Apartamento de 64m² com 03 quartos à venda   Jardim Palma Travassos,3.0,2.0,1.0,64.0,Jardim Palma Travassos,250000.0
187982.0,APARTAMENTO NO MONTE ALEGRE,2.0,1.0,1.0,61.0,Vila Monte Alegre,275000.0
27953.0,Apartamento   Padrão,1.0,1.0,1.0,23.0,Jardim Paulista,191000.0
90038.0,APARTAMENTO NO ANA MARIA,1.0,1.0,1.0,24.0,Vila Ana Maria,250000.0
228026.0,Apartamento de 44m² com 02 quartos à venda   Jardim Paulista,2.0,1.0,1.0,44.0,Jardim Paulista,250000.0
93101.0,Apartamento de 71m² com 02 quartos para locação   Jardim Paulista,2.0,1.0,1.0,71.0,Jardim Paulista,280000.0
245162.0,Apartamento de 367m² com 04 suítes à venda   Jardim Ilhas do Sul,4.0,5.0,2.0,367.0,Jardim Ilhas do Sul,3000000.0
79592.0,Apartamento para locação com 3 quartos   Jardim Irajá,3.0,2.0,1.0,85.0,Jardim Iraja,350000.0
222266.0,Apartamento de 109m² com 03 suítes à venda   Jardim Botânico,3.0,4.0,2.0,109.0,Jardim Botanico,681000.0
237380.0,Apartamento de 49m² com 01 quartos para locação   Centro,1.0,1.0,1.0,49.0,Centro,125000.0
136451.0,Casa de condomínio fechado de 142m² com 03 quartos à venda   Jardim Itaporã,2.0,3.0,1.0,142.0,Jardim Itapora,450000.0
142154.0,APARTAMENTO PRÓXIMO À UNIVERSIDADE BARÃO DE MAUÁ,3.0,2.0,1.0,96.0,Jardim Paulista,290000.0
20330.0,Apartamento de 79m² com 03 quartos para locação e venda   Nova Ribeirânia,3.0,1.0,1.0,79.0,Nova Ribeirania,319000.0
244847.0,Apartamento de 49m² com 02 quartos para locação e venda   Jardim Olhos D`Água,2.0,1.0,1.0,49.0,Setor Central,470000.0
195419.0,"Apartamento de 96m², de 02 quartos   Centro",2.0,2.0,1.0,96.0,Centro,380000.0
237953.0,Apartamento de 133m² com 03 suítes para locação e venda   Nova Aliança,3.0,4.0,2.0,133.0,Nova Alianca,1158584.0
234863.0,Apartamento de 42m² com 02 quartos para venda   Vitta Via Norte.,2.0,1.0,1.0,42.0,Valentina Figueiredo,129000.0
142253.0,Apartamento de 02 quartos para locação   Bonfim Paulista,2.0,1.0,1.0,48.0,Jardim Sao Fernando,259900.0
230744.0,Apartamento de 41m² com 02 quartos   Reserva Imperial,2.0,1.0,1.0,41.0,Reserva Real,158000.0
224288.0,Apartamento de 46m² com 02 quartos à venda   City Ribeirão,2.0,1.0,1.0,46.0,City Ribeirao,189000.0
189590.0,Apartamento de 01 quarto à venda   Jardim Irajá,1.0,1.0,1.0,51.0,Jardim Iraja,550000.0
152759.0,Apartamento de 170m² com 03 suítes à venda   Vila do Golf,3.0,6.0,3.0,170.0,Vila do Golf,1450000.0
201227.0,APARTAMENTO NO CENTRO,3.0,2.0,1.0,100.0,Centro,424000.0
235223.0,Apartamento de 45m² com 02 quartos á venda   Parque dos Lagos,2.0,1.0,1.0,45.0,Parque dos Lagos,159000.0
113465.0,Apartamento de 65m² com 02 quartos à venda   Nova Aliança,2.0,2.0,1.0,65.0,Nova Alianca,424000.0
184445.0,Apartamento de 86m² com 03 quartos à venda   Jardim América,3.0,2.0,1.0,86.0,Jardim America,320000.0
175133.0,APARTAMENTO NA VILA VIRGINIA,2.0,1.0,1.0,55.0,Vila Virginia,165000.0
139826.0,APARTAMENTO NO JARDIM BOTÂNICO,3.0,2.0,1.0,90.0,Jardim Botanico,340000.0
140315.0,APARTAMENTO NO JARDIM PAULISTA,2.0,1.0,1.0,62.0,Jardim Paulista,250000.0
210284.0,Apartamento de 80m² com 02 suítes à venda   Jardim Olhos D`água,2.0,3.0,2.0,80.0,Bonfim Paulista,870000.0
230870.0,Apartamento de 87m² com 02 quartos à venda   Bosque das Juritis,2.0,3.0,2.0,87.0,Bosque das Juritis,580000.0
34592.0,APARTAMENTO PRÓXIMO À AVENIDA LEÃO XIII,2.0,1.0,1.0,50.0,Iguatemi,190000.0
141326.0,Apartamento de 48m² com 01 quarto à venda   Centro,1.0,1.0,1.0,48.0,Centro,255000.0
88739.0,Apartamento de 46m² com 02 quartos para locação e venda   Nova Aliança,2.0,1.0,1.0,46.0,Nova Alianca,250000.0
174878.0,APARTAMENTO NO JARDIM DIVA TARLÁ DE CARVALHO,2.0,1.0,1.0,43.0,Jardim Diva Tarla de Carvalho,150000.0
213977.0,Apartamento de 58m² com 02 quartos à venda   Parque dos Servidores,2.0,2.0,1.0,58.0,Residencial Parque dos Servidores,320000.0
96002.0,Apartamento   Padrão,2.0,1.0,2.0,62.0,Residencial Florida,230000.0
239378.0,Apartamento de 95m² com 03 quartos à venda   Jardim Irajá,3.0,2.0,1.0,95.0,Jardim Iraja,450000.0
229481.0,Apartamento de 46m² com 01 quarto à venda   Nova Aliança,1.0,1.0,1.0,46.0,Nova Alianca,270000.0
140663.0,EXCELENTE APARTAMENTO NO QUINTA DA PRIMAVERA,2.0,2.0,1.0,63.0,Quinta da Primavera,510000.0
222689.0,Apartamento de 202m² com 03 suítes à venda   Jardim Botânico,4.0,4.0,2.0,202.0,Jardim Botanico,1450000.0
141710.0,Apartamento de 76m² com 02 quartos á venda   Vila Monte Alegre,2.0,1.0,1.0,76.0,Vila Monte Alegre,250000.0
241604.0,Apartamento de 49m² com 02 quartos à venda Parque Industrial Lagoinha,2.0,1.0,1.0,49.0,Parque Industrial Lagoinha,229000.0
79898.0,APARTAMENTO NA VILA SEIXAS,2.0,2.0,2.0,65.0,Vila Seixas,310000.0
93689.0,APARTAMENTO NO JARDIM PAULISTANO,3.0,3.0,1.0,135.0,Jardim Paulistano,420000.0
232430.0,Apartamento de 116m² com 03 quartos sendo 01 suíte reformado à venda no Jd. Macedo,3.0,3.0,1.0,116.0,Jardim Macedo,400000.0
141767.0,Apartamento de 40m² com 02 quartos para locação   Parque dos Pinus,2.0,1.0,1.0,40.0,Parque dos Pinus,180000.0
84719.0,Apartamento de 120m² com 02 quartos sendo 01 suíte para venda e locação   Bosque das Juritis,2.0,4.0,2.0,120.0,Bosque das Juritis,670000.0
207590.0,Apartamento térreo de 56m² com 02 quartos à venda   Jardim Ouro Branco,2.0,1.0,1.0,56.0,Jardim Ouro Branco,169000.0
135218.0,Apartamento de 53m² com 01 quarto à venda   Centro,1.0,1.0,1.0,53.0,Centro,250000.0
180461.0,APARTAMENTO NO RESERVA REAL,2.0,1.0,1.0,41.0,Reserva Real,212000.0
1919.0,Apartamento de 141m² com 03 quartos à venda   Centro,3.0,3.0,1.0,141.0,Centro,650000.0
227915.0,Apartamento de 111m² com 03 quartos à venda   Jardim Nova Aliança Sul,3.0,3.0,2.0,111.0,Jardim Nova Alianca Sul,750000.0
64127.0,Apartamento de 37 m² com 01 quarto   Presidente Medici,1.0,1.0,1.0,37.0,Presidente Medici,245000.0
163265.0,Apartamento de 134m² com 04 quartos à venda   Jardim Olhos D`Água II,4.0,3.0,2.0,134.0,Jardim Olhos DAgua,1133325.0
243122.0,Apartamento de 45m² com 01 quarto à venda   Santa Cruz do José Jacques,1.0,1.0,1.0,45.0,Jardim Botanico,350000.0
244769.0,Apartamento de 47m² com 02 quartos à venda   Mirante Sul,2.0,1.0,1.0,47.0,Condominio Mirante Sul,215000.0
95540.0,Apartamento 03 Dormitórios a venda   Nova Aliança,3.0,4.0,3.0,114.0,Nova Alianca,680000.0
61946.0,Apartamento de 85m² com 03 quartos para locação e venda   Centro,3.0,3.0,1.0,85.0,Centro,300000.0
130712.0,APARTAMENTO PRÓXIMO À RUA TAPAJÓS,2.0,1.0,1.0,7.0,Ipiranga,170000.0
104618.0,APARTAMENTO NO SANTA CRUZ DO JOSÉ JACQUES,3.0,3.0,2.0,85.0,Santa Cruz do Jose Jacques,500000.0
180701.0,Apartamento de 80m² com 03 quartos à venda   Vila Mariana,3.0,2.0,1.0,80.0,Vila Mariana,350000.0
239543.0,Apartamento 3 Quartos   199m²   Higienópolis,3.0,2.0,1.0,199.0,Centro,520000.0
240863.0,Apartamento   Padrão,2.0,1.0,1.0,41.0,Reserva Real,170000.0
146051.0,APARTAMENTO TÉRREO PRÓXIMO À RUA GENERAL CÂMARA,2.0,1.0,1.0,41.0,Ipiranga,159000.0
236381.0,Apartamento de 48m² com 02 quartos à venda   Jardim Heitor Rigon,2.0,1.0,1.0,48.0,Jardim Heitor Rigon,120000.0
234767.0,Apartamento de 43m² com 02 quartos 01 banheiro 01 garagem à venda no Jd Anahanguera,2.0,1.0,1.0,43.0,Jardim Zara,165000.0
195173.0,Apartamento de 64m² com 02 quartos à venda   Planalto Verde,2.0,1.0,1.0,64.0,Planalto Verde,165000.0
170933.0,Lindo Apartamento a 7min do Shopping Santa Úrsula,2.0,1.0,1.0,63.0,Vila Virginia,338473.84
92144.0,Apartamento   Padrão,3.0,3.0,2.0,96.0,Higienopolis,435000.0
197567.0,Apartamento de 03 quartos para locação e venda   Centro,3.0,1.0,1.0,113.0,Centro,450000.0
212537.0,Apartamento de 158m² com 03 dormitórios à venda   Centro,3.0,3.0,2.0,158.0,Centro,520000.0
104504.0,Apartamento   Padrão,2.0,1.0,1.0,48.0,Conjunto Habitacional Silvio Passalacqua,160000.0
161648.0,Apartamento de 2 quartos   Lagoinha,2.0,1.0,1.0,46.0,Parque Industrial Lagoinha,210000.0
232511.0,Apartamento de 81m² com 02 quartos à venda   Jardim Paulista,2.0,2.0,2.0,81.0,Jardim Paulista,399000.0
239960.0,Apartamento de 153m² com 03 suítes à venda   Jardim Olhos D`Água,3.0,5.0,3.0,153.0,Jardim Olhos DAgua,1308000.0
184175.0,Apartamento de 60 m² com 01 quarto para venda   Jardim Botânico,1.0,1.0,1.0,60.0,Bosque das Juritis,530000.0
125774.0,Apartamento   Padrão,1.0,1.0,1.0,31.0,Vila Ana Maria,178000.0
120611.0,Apartamento   Padrão,3.0,3.0,1.0,95.0,Centro,340000.0
145604.0,Apartamento de 132m² com 02 suítes para locação e venda   Jardim Botânico,2.0,4.0,2.0,132.0,Jardim Botanico,650000.0
240761.0,Apartamento térreo de 94m² com 03 quartos para locação   Vila Monte Alegre,3.0,2.0,1.0,94.0,Vila Monte Alegre,250000.0
130448.0,Apartamento de 92m² com 03 quartos à venda   Jardim Sumaré,3.0,2.0,1.0,92.0,Jardim Sumare,300000.0
200573.0,APARTAMENTO NO CAMPOS ELÍSEOS,2.0,1.0,1.0,43.0,Campos Eliseos,165000.0
203885.0,Apartamento novo de 49m² com 02 quartos à venda   Jardim Novo Mundo,2.0,1.0,1.0,49.0,Jardim Novo Mundo,275923.33
138272.0,APARTAMENTO PRÓXIMO À AVENIDA BARÃO DO BANANAL,3.0,2.0,1.0,78.0,Jardim Zara,350000.0
160622.0,Apartamento de 74m² com 03 quartos para Venda   Residencial e Comercial Palmares,3.0,2.0,1.0,74.0,Residencial e Comercial Palmares,191000.0
240665.0,Apartamento de 43m² à venda   Recreio das Acácias,2.0,1.0,2.0,43.0,Recreio das Acacias,210000.0
107849.0,ÓTIMO APARTAMENTO NO RESIDENCIAL PALMARES,3.0,2.0,2.0,172.0,Residencial e Comercial Palmares,280000.0
239480.0,Apartamento de 137m² com 03 suítes para locação e venda   Jardim Irajá,3.0,5.0,2.0,137.0,Jardim Iraja,1080000.0
180179.0,Apartamento de 53m² com 2 quartos   Nova Aliança,2.0,1.0,1.0,53.0,Nova Alianca,360000.0
223160.0,Apartamento de 42m² com 02 quartos à venda   Valentina Figueiredo,2.0,1.0,1.0,42.0,Valentina Figueiredo,150000.0
170756.0,APARTAMENTO EM BONFIM PAULISTA,2.0,1.0,1.0,48.0,Jardim Sao Fernando,245000.0
179411.0,APARTAMENTO NO CHÁCARAS PEDRO CORREA DE CARVALHO,2.0,1.0,1.0,42.0,Valentina Figueiredo,186000.0
151157.0,Apartamento de 151m² com 03 quartos   Santa Cruz do José Jacques,3.0,3.0,2.0,151.0,Santa Cruz do Jose Jacques,795000.0
147176.0,APARTAMENTO PRÓXIMO À AVENIDA EDUL RANGEL RABELLO,2.0,1.0,1.0,44.0,Residencial Greenville,180000.0
243005.0,Apartamento de 44m² com 02 quartos à venda   Recreio das Acácias,2.0,1.0,1.0,44.0,Recreio das Acacias,250000.0
213917.0,Apartamento de 49m² com 02 quartos à venda   Quintas de São José,2.0,1.0,1.0,49.0,Quintas de Sao Jose,260000.0
141560.0,Apartamento de 48m² com 02 quartos à venda   Parque São Sebastião,2.0,1.0,1.0,48.0,Parque Sao Sebastiao,212000.0
124661.0,APARTAMENTO ALTO PADRÃO NO CENTRO,4.0,5.0,4.0,442.0,Centro,1600000.0
242222.0,Apartamento de 46m² com 02 quartos à venda   Lagoinha,2.0,1.0,1.0,46.0,Lagoinha,209000.0
91925.0,Apartamento de 41m² com 01 quarto à venda   Vila Ana Maria,1.0,1.0,1.0,41.0,Vila Ana Maria,230000.0
145142.0,APARTAMENTO TÉRREO PRÓXIMO À AVENIDA BRAZ OLAIA ACOSTA,2.0,1.0,1.0,41.0,Jardim Joao Rossi,130000.0
140765.0,APARTAMENTO PRÓXIMO A RODOVIA ANTÔNIO MACHADO SANTANA,2.0,1.0,1.0,41.0,Residencial Jequitiba,235000.0
178256.0,Apartamento de 68m² com 02 suítes e 02 vagas de garagem à venda   Nova Aliança,2.0,3.0,2.0,68.0,Nova Alianca,746644.59
241250.0,Apartamento de 73m² com 02 quartos à venda   Residencial e Comercial Palmares,2.0,1.0,1.0,73.0,Residencial e Comercial Palmares,265000.0
227600.0,Apartamento de 227m² com 04 suítes à venda   Jardim Ilhas do Sul,4.0,6.0,4.0,227.0,Jardim Ilhas do Sul,1950000.0
234872.0,Apartamento mobiliado de 54m² para locação   Monte Alegre,2.0,2.0,1.0,54.0,Vila Monte Alegre,350000.0
98768.0,Apartamento de 01 quarto à venda   Bosque das Juritis,1.0,1.0,1.0,40.0,Bosque das Juritis,310000.0
196220.0,Apartamento de 44m² com 02 quartos à venda   Bonfim Paulista,2.0,1.0,1.0,44.0,Quintas de Sao Jose,255000.0
199052.0,Apartamento de 35m² com 01 quarto para locação e venda   Vila Amélia,1.0,1.0,1.0,35.0,Vila Monte Alegre,190000.0
163664.0,Apartamento de 45m² com 02 quartos à venda   Parque São Sebastião,2.0,1.0,1.0,45.0,Parque Sao Sebastiao,135000.0
92807.0,APARTAMENTO NO IPIRANGA,2.0,1.0,1.0,42.0,Ipiranga,200000.0
214634.0,Apartamento de 67m² com 02 quartos à venda   Ribeirânia,2.0,2.0,1.0,67.0,Ribeirania,455000.0
173444.0,APARTAMENTO NO JARDIM OURO BRANCO,2.0,1.0,1.0,49.0,Jardim Ouro Branco,270000.0
68459.0,Apartamento de 69m² com 02 quartos para venda   Jardim Independência,2.0,2.0,1.0,69.0,Independencia,250000.0
186929.0,Apartamento de 195m² com 03 suítes à venda   Residencial Alto do Ipê,3.0,4.0,4.0,195.0,Residencial Alto do Ipe,1400000.0
14498.0,EXCELENTE APARTAMENTO TÉRREO PARA VENDA NO BAIRRO JARDIM IRAJÁ,1.0,1.0,1.0,38.0,Jardim Iraja,195000.0
151214.0,Apartamento   Padrão,2.0,1.0,1.0,43.0,Jardim Diva Tarla de Carvalho,160000.0
144929.0,Apartamento de 42m² com 02 quartps à venda   Ipiranga,2.0,1.0,1.0,42.0,Ipiranga,254400.0
120713.0,APARTAMENTO PRÓXIMO À AVENIDA SAUDADE,2.0,1.0,1.0,40.0,Campos Eliseos,212000.0
157496.0,APARTAMENTO PRÓXIMO À AVENIDA PIO XII,2.0,1.0,1.0,48.0,Vila Virginia,245000.0
239087.0,Apartamento de 43m² com 02 quartos à venda   Santa Marta em Bonfim Paulista,2.0,1.0,1.0,43.0,Loteamento Santa Marta,170000.0
126392.0,Apartamento mobiliado de 37m² com 01 quarto para venda e locação   Nova Aliança,1.0,1.0,1.0,37.0,Nova Alianca,280000.0
193871.0,APARTAMENTO NO NOVA ALIANÇA,1.0,1.0,1.0,49.0,Nova Alianca,265000.0
147635.0,APARTAMENTO PRÓXIMO À AVENIDA LEÃO XIII,2.0,2.0,1.0,61.0,Ribeirania,500000.0
120683.0,APARTAMENTO NO JARDIM IRAJÁ,2.0,2.0,1.0,70.0,Jardim Novo Mundo,371000.0
237290.0,Apartamento de 82m² com 03 quartos para e venda   Nova Ribeirânia,3.0,2.0,1.0,82.0,Nova Ribeirania,265000.0
214769.0,Lançamento Portugal 2207   Apartamento de 59m² com 02 quartos à venda   Santa Cruz do José Jacques,2.0,2.0,1.0,59.0,Santa Cruz do Jose Jacques,437197.0
111092.0,Apartamento   Padrão,2.0,1.0,1.0,52.0,Chacaras Pedro Correa de Carvalho,170000.0
239222.0,APARTAMENTO 03 DORMITÓRIOS 01 SUITE COM VARANDA GOURMET PRÓXIMO A AV. CARLOS CONSONI,3.0,3.0,2.0,89.0,Jardim Botanico,575500.0
239069.0,Apartamento de 186m² com 03 suítes para venda e locação   Jardim Nova Aliança,3.0,5.0,3.0,186.0,Nova Alianca,1600000.0
148031.0,APARTAMENTO EM BONFIM PAULISTA.,2.0,1.0,1.0,48.0,Jardim Sao Fernando,235000.0
181610.0,Apartamento de 55m² 2 quartos para locação   Vila Virginia,2.0,1.0,1.0,55.0,Vila Virginia,180000.0
180908.0,APARTAMENTO NO BAIRRO JARDIM NOVA ALIANÇA,1.0,1.0,1.0,37.0,Nova Alianca,230000.0
233882.0,Apartamento de 48m² com 02 quartos à venda   Quintino Facci II,2.0,1.0,1.0,48.0,Quintino Facci II,150000.0
84929.0,Apartamento de 138 m² com 03 quartos   Jardim Sumaré.,3.0,3.0,2.0,138.0,Jardim Sumare,560000.0
182051.0,Apartamento de 158m² com 03 quartos à venda   Jardim Olhos D`Água II,3.0,5.0,2.0,158.0,Jardim Olhos DAgua,1271700.0
163151.0,APARTAMENTO TÉRREO NO JARDIM ANHANGUERA,3.0,2.0,1.0,85.0,Jardim Anhanguera,265000.0
126332.0,APARTAMENTO NO JARDIM SUMARÉ,1.0,1.0,1.0,44.0,Jardim Sumare,281000.0
169838.0,Apartamento para venda com 3 quartos   Pres. Medici,3.0,1.0,1.0,75.0,Presidente Medici,300000.0
186617.0,APARTAMENTO NO RESIDENCIAL DAS AMÉRICAS,2.0,1.0,1.0,65.0,Residencial das Americas,87000.0
245291.0,Apartamento mobiliado de 58m² com 02 quartos à venda   Nova Aliança,2.0,2.0,1.0,58.0,Nova Alianca,415000.0
222218.0,Apartamento de 144m² com 03 suítes sendo 01 suíte à venda   Condomínio Itamaraty,3.0,5.0,2.0,144.0,Condominio Itamaraty,700000.0
157829.0,Apartamento 56m² com 02 quartos para locação   Parque São Sebastião,2.0,1.0,1.0,56.0,Parque Sao Sebastiao,270000.0
54167.0,Apartamento   Padrão,1.0,1.0,1.0,40.0,Jardim Palma Travassos,277000.0
93683.0,Apartamento de 51m² com 2 quartos à venda   Residencial Greenville,2.0,1.0,1.0,51.0,Residencial Greenville,330000.0
195059.0,Apartamento de 62m² com 02 quartos à venda   Ribeirânia,2.0,2.0,1.0,62.0,Ribeirania,640000.0
140645.0,Apartamento de 142m² com 03 quartos sendo 01 suíte à venda   Centro,3.0,2.0,1.0,142.0,Centro,650000.0
155228.0,Pronto para Morar: Magnólia   Apartamento de 82m² com 03 quartos com suíte à venda   Jardim Botânico,2.0,2.0,1.0,82.0,Jardim Botanico,743191.27
136268.0,Apartamento de 40m² com 02 quartos para locação   Jardim Zara,2.0,1.0,1.0,40.0,Jardim Zara,155000.0
